Time,eNodeB Name,Cell Name,Region,Frequency Band,Cell ID,DL EARFCN,RRC Setup Success Rate (%),RRC Setup Attempts,E-RAB Setup Success Rate (%),E-RAB Setup Attempts,Call Setup Success Rate (%),RACH Setup Success Rate (%),RRC Connection Reject,E-RAB Drop Rate (%),UE Context Drop Rate (%),Handover Success Rate (%),Intra-Frequency Handover Success Rate (%),Inter-Frequency Handover Success Rate (%),Handover Ping-Pong Rate (%),DL User Throughput (Mbps),UL User Throughput (Mbps),Cell Downlink Average Throughput (Mbps),DL Latency (ms),Average RSRP (dBm),Average RSRQ (dB),Average SINR (dB),Average CQI,DL Residual BLER (%),UL Residual BLER (%),RSRP < -110 Ratio (%),DL QPSK Ratio (%),Average TA Distance (m),P95 TA Distance (m),DL PRB Utilization Rate (%),UL PRB Utilization Rate (%),PDCCH CCE Utilization Rate (%),Average RRC Connected Users,Max RRC Connected Users,Average Active DL Users,UL RSSI (dBm),High Interference PRB Ratio (%),DL Data Volume (GB),UL Data Volume (GB),Total Traffic Volume (GB),Cell Availability (%),Cell Unavailable Time (min)
2026-08-15,R5-001,R5-001_L1800_S1,R5,L1800,1.0,1650.0,99.23558333333334,3644.0,99.49029166666666,3099.0,98.73,98.04333333333334,0.0,0.5272083333333334,0.47458333333333336,98.37058333333334,98.691875,96.38658333333332,2.024583333333333,16.975416666666668,4.51825,38.055,23.979166666666668,-99.93124999999999,-10.615416666666667,8.249583333333334,8.625416666666666,8.147499999999999,6.6475,5.364166666666667,22.141666666666666,433.375,963.3333333333334,46.12958333333333,35.66125,42.295833333333334,31.579166666666666,45.833333333333336,5.175833333333333,-115.31166666666667,7.125,36.4011,4.0078,40.4088,100.0,0.0
2026-08-15,R5-001,R5-001_L1800_S2,R5,L1800,4.0,1650.0,99.27745833333334,2951.0,99.48183333333333,2509.0,98.763375,98.04083333333334,0.0,0.5119166666666667,0.460625,98.27641666666666,98.555,96.18179166666665,1.9958333333333333,18.320666666666668,5.2447083333333335,32.79833333333333,23.833333333333332,-95.83875,-9.43375,7.033333333333334,8.502916666666666,8.290833333333333,8.093333333333334,4.960416666666666,20.849999999999998,448.2916666666667,996.25,45.98458333333334,36.01583333333333,42.360416666666666,21.420833333333334,36.458333333333336,5.284583333333333,-115.09625,6.75,26.819,4.0974,30.9165,100.0,0.0
2026-08-15,R5-001,R5-001_L1800_S3,R5,L1800,6.0,1650.0,99.29266666666666,2027.0,99.42770833333333,1725.0,98.72416666666668,98.03583333333334,0.0,0.49141666666666667,0.4423333333333333,98.24108333333334,98.50483333333334,96.26462500000001,1.9958333333333333,18.143083333333333,6.481791666666666,50.64458333333334,24.304166666666664,-103.04916666666666,-11.670416666666666,8.475416666666666,8.647916666666667,8.096666666666666,9.39125,5.185416666666667,20.654166666666665,473.875,1053.125,44.63666666666666,30.216250000000002,40.82458333333333,23.583333333333332,40.125,5.2475,-115.29625,6.808333333333334,19.8063,2.2691,22.0751,100.0,0.0
2026-08-15,R5-001,R5-001_L2100_S1,R5,L2100,2.0,300.0,99.24325,1770.0,99.44654166666668,1502.0,98.69404166666668,97.97208333333333,0.0,1.1390833333333334,1.025125,98.222375,98.46291666666667,96.17629166666667,2.033333333333333,23.049166666666665,6.03325,51.37125,23.787499999999998,-88.01458333333333,-15.127083333333333,0.33499999999999996,6.034166666666667,8.32625,8.735833333333334,5.357916666666667,37.52916666666667,3183.1666666666665,6366.208333333333,44.5675,31.182083333333335,41.59791666666667,17.870833333333334,29.708333333333332,3.0654166666666662,-115.18333333333334,26.020833333333332,21.2124,3.1511,24.3633,100.0,0.0
2026-08-15,R5-001,R5-001_L2100_S2,R5,L2100,5.0,300.0,99.21749999999999,2730.0,99.479375,2319.0,98.70125,97.91083333333334,0.0,0.492,0.4427916666666667,98.22566666666667,98.50595833333334,96.271,1.9470833333333333,24.391750000000002,5.5393333333333326,48.33625,24.3,-95.62208333333332,-9.5925,8.837916666666667,8.682916666666666,8.830833333333333,9.042083333333332,5.391249999999999,20.775000000000002,542.0833333333334,1204.7916666666667,46.713750000000005,30.437916666666666,42.73458333333334,25.645833333333332,42.708333333333336,4.05,-114.99125,7.3625,21.9775,3.5117,25.4892,100.0,0.0
2026-08-15,R5-001,R5-001_L2100_S3,R5,L2100,7.0,300.0,99.26125,2821.0,99.44379166666666,2397.0,98.70933333333333,97.83666666666666,0.0,0.5173333333333333,0.4656666666666667,98.28908333333334,98.58116666666666,96.39687500000001,2.0375,21.621458333333333,6.993041666666667,41.391666666666666,25.212500000000002,-95.33541666666667,-10.44,8.045833333333333,8.604583333333332,8.75375,7.806666666666666,5.109583333333333,21.3,606.5,1347.5833333333333,46.29291666666666,29.855833333333333,44.041666666666664,28.679166666666664,48.375,6.459583333333334,-115.68458333333332,7.195833333333333,42.2189,6.4239,48.643,100.0,0.0
2026-08-15,R5-001,R5-001_L800_S1,R5,L800,3.0,6200.0,99.23945833333333,5590.0,99.44379166666666,4752.0,98.68779166666667,97.92291666666667,0.0,0.49862500000000004,0.4487916666666667,98.36858333333333,98.71883333333334,96.39020833333332,2.0283333333333333,25.33275,3.586375,58.2575,22.516666666666666,-95.96875,-10.115833333333333,8.14,8.614166666666668,8.381666666666666,8.854583333333332,5.394166666666667,21.116666666666667,432.75,961.6666666666666,44.695,25.075833333333332,40.35541666666666,33.9375,52.875,7.2375,-115.27083333333333,7.008333333333333,38.0711,5.927,43.9979,100.0,0.0
2026-08-15,R5-001,R5-001_L800_S3,R5,L800,8.0,6200.0,99.22070833333333,4376.0,99.41075000000001,3723.0,98.63625,97.96125,0.0,0.5015,0.4515,98.22775,98.59291666666667,96.20366666666666,1.9000000000000001,23.41116666666667,7.268000000000001,51.79333333333333,24.241666666666664,-97.38083333333333,-10.984583333333333,6.694166666666667,8.47,8.5575,8.411666666666667,5.245416666666666,21.575,383.125,851.2916666666666,47.657916666666665,26.670833333333334,44.56583333333333,32.545833333333334,56.916666666666664,8.703333333333333,-115.19166666666666,8.0625,46.552,5.1825,51.7345,100.0,0.0
2026-08-15,R5-002,R5-002_L1800_S1,R5,L1800,9.0,1650.0,99.22158333333334,4145.0,99.47108333333334,3523.0,98.69679166666667,97.97958333333334,0.0,0.47929166666666667,0.4314166666666666,98.35620833333333,98.66004166666666,96.27345833333334,2.100416666666667,8.644666666666666,5.119958333333334,18.304166666666667,23.854166666666668,-98.90208333333334,-9.95875,10.542083333333332,8.85375,7.933333333333334,9.34875,4.847083333333333,20.529166666666665,515.7083333333334,1146.1666666666667,69.58833333333332,44.967083333333335,42.4525,58.15833333333333,86.16666666666667,14.240833333333335,-115.3,6.4750000000000005,48.2085,3.3224,51.5309,100.0,0.0
2026-08-15,R5-002,R5-002_L1800_S2,R5,L1800,12.0,1650.0,99.2795,1768.0,99.44375000000001,1504.0,98.72733333333333,97.8325,0.0,0.49783333333333335,0.4479583333333333,98.17020833333333,98.43683333333333,96.07320833333334,2.0904166666666666,18.719125000000002,4.506916666666666,50.655833333333334,22.962500000000002,-96.015,-8.506666666666666,8.023333333333333,8.602083333333333,7.856249999999999,9.228333333333333,5.270833333333333,20.566666666666666,483.875,1075.4583333333333,45.838750000000005,27.00125,42.837916666666665,20.566666666666666,27.708333333333332,5.832083333333333,-115.01625,6.458333333333333,13.6516,1.6663000000000001,15.318,100.0,0.0
2026-08-15,R5-002,R5-002_L1800_S3,R5,L1800,14.0,1650.0,99.18195833333334,4315.0,99.50933333333334,3670.0,98.69545833333332,98.06291666666668,0.0,0.5004583333333333,0.4503333333333333,98.31049999999999,98.65733333333333,96.31979166666667,1.9004166666666666,22.29404166666667,3.8723333333333336,38.51083333333333,24.34166666666667,-96.06875000000001,-9.810416666666667,8.470416666666667,8.648333333333333,8.660416666666666,10.405,5.267916666666667,20.820833333333333,604.0833333333334,1342.5833333333333,45.557500000000005,33.555,43.553333333333335,27.245833333333334,44.416666666666664,6.5183333333333335,-115.32083333333333,6.233333333333333,23.407700000000002,2.8018,26.2094,100.0,0.0
2026-08-15,R5-002,R5-002_L2100_S1,R5,L2100,10.0,300.0,99.24920833333333,4114.0,99.46429166666667,3500.0,98.71758333333334,97.95875000000001,0.0,0.508,0.45729166666666665,98.27116666666666,98.51445833333334,96.49758333333334,2.004583333333333,12.841958333333332,3.6077083333333335,21.629166666666666,23.808333333333334,-97.05333333333334,-9.995,9.48375,8.747916666666667,8.897083333333333,9.4825,5.365416666666667,20.837500000000002,356.0,791.125,44.715833333333336,29.325833333333335,40.8675,24.729166666666668,41.125,4.218333333333333,-114.71333333333332,6.8500000000000005,29.6034,3.6954000000000002,33.2986,100.0,0.0
2026-08-15,R5-002,R5-002_L2100_S2,R5,L2100,13.0,300.0,99.22079166666667,4472.0,99.46408333333333,3800.0,98.689125,98.0475,0.0,0.466875,0.42025,98.41641666666668,98.69683333333334,96.47016666666667,1.8916666666666666,21.048041666666666,3.799583333333333,59.72875,24.741666666666664,-97.95083333333334,-9.8225,8.622916666666667,8.6625,8.646666666666667,10.600833333333332,5.401666666666666,21.170833333333334,334.9583333333333,744.4166666666666,45.15083333333333,28.282916666666665,41.7325,28.608333333333334,41.416666666666664,8.491249999999999,-115.10333333333334,7.345833333333334,26.0844,3.3038,29.387999999999998,100.0,0.0
2026-08-15,R5-002,R5-002_L2100_S3,R5,L2100,15.0,300.0,99.25562500000001,2033.0,99.46775000000001,1725.0,98.72729166666666,98.08291666666666,0.0,0.4723333333333333,0.4250416666666667,98.32370833333333,98.57058333333333,96.48691666666667,1.8670833333333334,13.130125,6.788125,20.72875,24.2,-102.31166666666667,-9.471666666666666,6.46125,8.447083333333333,8.627083333333333,8.7975,5.222083333333333,21.766666666666666,392.9583333333333,873.1666666666666,44.942499999999995,27.8625,41.40375,23.070833333333336,38.333333333333336,6.146249999999999,-115.32791666666667,7.2625,33.0551,5.1159,38.1709,100.0,0.0
2026-08-15,R5-002,R5-002_L800_S1,R5,L800,11.0,6200.0,99.22216666666667,1193.0,99.4735,1014.0,98.69979166666667,98.01458333333333,0.0,0.5075833333333334,0.45695833333333336,98.3435,98.64683333333333,96.16370833333333,1.9720833333333332,24.231333333333335,6.069083333333334,64.55583333333333,23.45,-94.19791666666667,-8.647499999999999,6.90125,8.490833333333333,8.11125,8.764583333333333,4.939583333333333,21.166666666666668,621.75,1381.5416666666667,45.12416666666667,31.106666666666666,40.038333333333334,14.120833333333332,21.125,2.2608333333333333,-115.28625,6.745833333333334,18.261499999999998,2.3983,20.6597,100.0,0.0
2026-08-15,R5-002,R5-002_L800_S3,R5,L800,16.0,6200.0,99.25566666666667,5077.0,99.45120833333334,4317.0,98.71120833333333,97.83291666666666,0.0,0.5120833333333333,0.46091666666666664,98.33662500000001,98.718375,96.31116666666667,1.9875,26.328875,7.229166666666667,67.90083333333332,24.620833333333334,-96.21625,-11.655416666666667,7.85875,8.585833333333333,8.265833333333333,7.525833333333334,5.1745833333333335,21.45,323.5,719.1666666666666,46.11083333333334,25.57166666666667,42.84916666666667,33.670833333333334,51.916666666666664,5.830416666666667,-115.35875,6.641666666666667,49.6672,4.8395,54.5071,100.0,0.0
2026-08-15,R5-003,R5-003_L1800_S1,R5,L1800,17.0,1650.0,99.22595833333332,3525.0,99.44483333333334,2999.0,98.67525,97.98916666666666,0.0,0.5111666666666667,0.45999999999999996,98.32675,98.65158333333333,96.243875,1.8270833333333334,21.719166666666666,5.179583333333333,64.61625,25.491666666666664,-98.02749999999999,-8.905,7.068333333333334,8.506666666666666,8.177083333333334,9.75125,5.4312499999999995,21.058333333333334,463.875,1030.8333333333333,46.955000000000005,36.82791666666667,42.196666666666665,29.400000000000002,42.958333333333336,7.039166666666667,-115.23583333333333,7.325,34.5138,3.0352,37.5489,100.0,0.0
2026-08-15,R5-003,R5-003_L1800_S2,R5,L1800,20.0,1650.0,96.71108333333332,5104.0,99.404,4338.0,96.135125,98.07249999999999,0.0,1.8008333333333333,1.6207083333333332,98.27666666666666,98.66145833333333,96.29124999999999,2.0658333333333334,4.260291666666666,4.148583333333334,12.443333333333333,24.8125,-114.99041666666666,-10.140833333333333,1.1654166666666665,5.61625,7.9991666666666665,10.377916666666666,34.995416666666664,45.22083333333333,361.7916666666667,804.0,46.9975,33.46,42.2875,32.30833333333333,55.5,6.44125,-115.06458333333335,7.0625,29.1711,2.5324,31.7039,100.0,0.0
2026-08-15,R5-003,R5-003_L1800_S3,R5,L1800,22.0,1650.0,99.282,2763.0,99.43129166666667,2347.0,98.71754166666666,97.80708333333332,0.0,0.49579166666666663,0.44612500000000005,98.34508333333333,98.67891666666667,96.29966666666667,2.026666666666667,14.374,3.4782083333333333,24.263333333333335,23.0125,-93.14541666666666,-10.854166666666666,7.844166666666666,8.58375,7.720416666666666,6.552499999999999,5.512083333333333,20.991666666666667,614.875,1366.5833333333333,45.69208333333333,27.967083333333335,42.221666666666664,17.679166666666667,23.416666666666668,4.042083333333333,-115.28041666666667,6.45,19.721799999999998,2.9755,22.697,100.0,0.0
2026-08-15,R5-003,R5-003_L2100_S1,R5,L2100,18.0,300.0,99.23883333333333,1404.0,99.41345833333332,1191.0,98.65683333333334,98.21791666666667,0.0,0.5097083333333333,0.4586666666666667,98.18145833333334,98.42450000000001,96.21966666666667,1.8979166666666665,22.60258333333333,3.657833333333333,57.85333333333333,24.22083333333333,-98.50791666666667,-11.24,8.4725,8.647083333333333,7.710416666666666,7.234166666666667,5.474166666666666,20.195833333333333,504.4166666666667,1120.8333333333333,46.45541666666667,31.899166666666662,41.558749999999996,12.745833333333332,20.208333333333332,2.097916666666667,-115.02708333333334,6.6499999999999995,10.4763,0.8876,11.3642,100.0,0.0
2026-08-15,R5-003,R5-003_L2100_S2,R5,L2100,21.0,300.0,99.28229166666667,3027.0,99.48075,2574.0,98.76691666666666,98.04041666666667,0.0,0.5077916666666666,0.45691666666666664,98.29725,98.55687499999999,96.23629166666666,1.9441666666666666,12.87925,3.6550833333333332,20.373749999999998,24.3125,-96.61791666666666,-10.585833333333333,7.660833333333334,8.56625,8.2125,7.937916666666666,5.325,21.508333333333336,473.75,1052.7916666666667,46.76958333333334,37.083333333333336,42.650416666666665,21.954166666666666,37.75,3.4829166666666667,-115.47000000000001,6.691666666666666,13.7346,2.1894,15.9238,100.0,0.0
2026-08-15,R5-003,R5-003_L2100_S3,R5,L2100,23.0,300.0,99.24891666666667,3342.0,99.38962500000001,2839.0,98.64316666666667,97.96375,0.0,0.4972083333333333,0.44741666666666663,98.33308333333333,98.631625,96.20108333333333,2.004583333333333,21.392083333333332,5.373583333333333,58.06041666666667,24.675,-98.27458333333334,-10.460416666666667,10.195833333333333,8.819166666666666,8.24875,9.900416666666667,5.207916666666667,21.7625,324.9166666666667,721.9166666666666,47.083333333333336,27.795,42.751666666666665,28.979166666666668,41.375,8.6225,-115.21375,6.45,29.2187,4.1642,33.3833,100.0,0.0
2026-08-15,R5-003,R5-003_L800_S1,R5,L800,19.0,6200.0,99.25933333333334,4044.0,99.43370833333334,3437.0,98.69712499999999,98.05624999999999,0.0,0.532,0.4789583333333334,98.172125,98.48220833333333,96.10920833333334,1.93625,12.780416666666667,5.450083333333333,33.378750000000004,24.295833333333334,-92.25958333333334,-9.839166666666667,8.852083333333333,8.685833333333333,8.459166666666667,10.917916666666665,5.265416666666667,21.4875,328.9166666666667,730.875,45.979166666666664,36.424166666666665,42.95166666666666,28.079166666666666,47.458333333333336,4.469166666666667,-115.31416666666667,7.2250000000000005,35.8848,5.2804,41.1657,100.0,0.0
2026-08-15,R5-003,R5-003_L800_S3,R5,L800,24.0,6200.0,99.19350000000001,2956.0,99.44516666666668,2514.0,98.64320833333333,98.02916666666665,0.0,0.4851666666666667,0.43675,98.28408333333334,98.57733333333334,96.25670833333334,2.0679166666666666,22.404875,6.3585,34.47625,24.308333333333334,-93.91958333333334,-9.606666666666667,6.284583333333334,8.428749999999999,8.057083333333333,9.34875,4.791666666666667,20.912499999999998,497.7083333333333,1106.0416666666667,46.03541666666666,32.825833333333335,43.55875,18.204166666666666,25.625,4.12,-115.35958333333333,6.9375,21.7653,2.1255,23.8908,100.0,0.0
2026-08-15,R5-004,R5-004_L1800_S1,R5,L1800,25.0,1650.0,99.22991666666667,4493.0,99.47366666666666,3819.0,98.70766666666667,98.06083333333333,0.0,0.5008750000000001,0.45075,98.28058333333333,98.54870833333332,96.22295833333334,2.05125,22.709125,6.0800833333333335,34.79625,23.3125,-100.68374999999999,-10.13125,9.3025,8.730416666666667,8.470416666666667,7.177499999999999,5.3187500000000005,19.433333333333334,337.5416666666667,750.125,46.623333333333335,27.120416666666667,43.15875,31.183333333333334,52.041666666666664,4.8758333333333335,-115.52166666666666,7.3625,20.612,2.5756,23.1875,100.0,0.0
2026-08-15,R5-004,R5-004_L1800_S2,R5,L1800,28.0,1650.0,99.21329166666668,2712.0,99.45762500000001,2309.0,98.67525,97.97833333333334,0.0,0.5085416666666667,0.45779166666666665,98.38350000000001,98.70033333333333,96.483875,2.0091666666666668,19.562916666666666,7.692374999999999,51.44083333333333,23.2,-98.76083333333332,-10.994583333333333,7.95,8.594583333333333,8.325833333333334,7.6258333333333335,4.952916666666667,21.570833333333336,325.125,722.4166666666666,44.04916666666667,26.640833333333333,42.356249999999996,16.5375,25.708333333333332,3.8545833333333337,-114.90583333333332,6.141666666666667,13.0066,1.2989,14.3055,100.0,0.0
2026-08-15,R5-004,R5-004_L1800_S3,R5,L1800,30.0,1650.0,99.27795833333333,2831.0,99.479625,2407.0,98.7615,97.93166666666667,0.0,0.502625,0.45245833333333335,98.30033333333334,98.56295833333333,96.399625,1.9974999999999998,21.028375,7.297666666666667,55.43,24.1375,-101.82041666666667,-9.28875,4.511666666666667,8.250833333333334,8.032916666666667,7.897083333333334,4.987916666666666,20.233333333333334,516.375,1147.5,43.92791666666667,33.59875,41.788333333333334,33.425000000000004,59.875,9.415000000000001,-115.04041666666666,6.916666666666667,20.0728,2.4855,22.5578,100.0,0.0
2026-08-15,R5-004,R5-004_L2100_S1,R5,L2100,26.0,300.0,99.20150000000001,3266.0,99.38974999999999,2778.0,98.59620833333334,98.00999999999999,0.0,0.47408333333333336,0.4267083333333333,98.333625,98.60445833333334,96.2045,1.8099999999999998,15.240833333333333,7.2124999999999995,43.65625,23.974999999999998,-95.90791666666667,-8.89,9.329166666666667,8.732916666666666,8.09,9.32,5.455416666666667,20.666666666666668,530.0833333333334,1178.0833333333333,45.35208333333333,30.96291666666667,42.235416666666666,28.054166666666664,47.416666666666664,4.9366666666666665,-115.44416666666666,6.7250000000000005,35.0865,5.4577,40.5444,100.0,0.0
2026-08-15,R5-004,R5-004_L2100_S2,R5,L2100,29.0,300.0,99.27654166666667,3369.0,99.44333333333333,2864.0,98.724,97.87166666666667,0.0,0.51375,0.4622916666666667,98.273375,98.51970833333333,96.075875,1.9383333333333332,17.813041666666667,4.9615833333333335,28.968333333333334,24.34583333333333,-102.85125,-10.115833333333333,8.17,8.618333333333334,8.124166666666666,10.38875,5.104166666666667,20.779166666666665,534.8333333333334,1188.5416666666667,45.73916666666667,28.02916666666667,40.63333333333333,23.508333333333336,36.083333333333336,6.571666666666666,-115.09625,6.675,29.8182,4.7388,34.5572,100.0,0.0
2026-08-15,R5-004,R5-004_L2100_S3,R5,L2100,31.0,300.0,99.17604166666666,3897.0,99.48479166666668,3312.0,98.66495833333333,97.96,0.0,0.5213333333333333,0.4692083333333333,98.25566666666667,98.58479166666666,96.28075,2.095,26.419833333333333,7.383208333333333,78.13375,24.120833333333334,-95.69666666666666,-8.37,7.414583333333333,8.541666666666666,8.0125,8.762500000000001,5.117083333333333,19.966666666666665,319.0,709.25,45.20333333333334,30.508333333333336,43.42166666666666,25.070833333333336,34.041666666666664,4.520416666666667,-115.51916666666666,7.05,36.1805,5.2145,41.394800000000004,100.0,0.0
2026-08-15,R5-004,R5-004_L800_S1,R5,L800,27.0,6200.0,99.24454166666668,3986.0,99.39854166666667,3389.0,98.64791666666667,98.06208333333335,0.0,0.5037916666666666,0.4535,98.335375,98.61541666666666,96.29112500000001,2.004583333333333,23.370333333333335,5.023083333333333,50.076249999999995,23.912499999999998,-99.33416666666666,-10.480416666666667,5.7995833333333335,8.38,8.493333333333334,10.987499999999999,5.2575,21.295833333333334,598.6666666666666,1330.4583333333333,47.06791666666666,33.56333333333333,43.11166666666667,32.40416666666667,46.75,7.650833333333334,-115.12374999999999,6.654166666666666,45.8995,7.1501,53.0498,100.0,0.0
2026-08-15,R5-004,R5-004_L800_S3,R5,L800,32.0,6200.0,99.23354166666667,2999.0,99.439125,2551.0,98.67695833333333,98.19291666666668,0.0,0.500125,0.4502083333333333,98.34808333333332,98.59837499999999,96.16654166666666,1.9583333333333333,20.76429166666667,5.4267916666666665,59.45666666666667,24.8875,-96.03958333333333,-11.472499999999998,7.129583333333334,8.51375,8.0725,7.705000000000001,4.769166666666666,21.708333333333332,394.8333333333333,877.3333333333334,44.778333333333336,29.868333333333336,43.768750000000004,25.629166666666666,39.166666666666664,6.844166666666666,-115.59416666666665,6.908333333333334,19.2775,2.3593,21.6366,100.0,0.0
2026-08-15,R5-005,R5-005_L1800_S1,R5,L1800,33.0,1650.0,97.94208333333334,3076.0,99.43083333333334,2615.0,97.38504166666667,88.74458333333332,0.0,1.5002916666666666,1.350291666666667,98.22337499999999,98.61304166666667,96.40195833333333,1.9408333333333332,24.087958333333333,2.0555416666666666,70.00666666666667,24.400000000000002,-91.58875,-9.125833333333334,8.5625,8.657083333333334,8.446250000000001,6.786666666666666,5.362916666666667,21.770833333333332,336.0833333333333,747.0,46.7475,35.182916666666664,40.544583333333335,25.675,38.958333333333336,4.50125,-100.08375000000001,40.06666666666667,20.5624,2.2932,22.8554,100.0,0.0
2026-08-15,R5-005,R5-005_L1800_S2,R5,L1800,36.0,1650.0,99.27179166666667,4191.0,99.44908333333335,3564.0,98.72520833333334,98.00041666666668,0.0,0.5120833333333333,0.4608333333333334,98.29450000000001,98.54429166666667,96.52058333333333,1.95125,15.407541666666667,6.718833333333333,36.015,23.008333333333336,-95.76125,-11.339166666666666,8.629166666666666,8.662916666666666,8.7025,7.962916666666666,5.6000000000000005,20.916666666666668,572.375,1271.8333333333333,45.79125,26.4575,44.09791666666666,27.195833333333336,35.791666666666664,6.4025,-114.90541666666667,6.7875000000000005,17.9854,2.7519,20.7373,100.0,0.0
2026-08-15,R5-005,R5-005_L1800_S3,R5,L1800,38.0,1650.0,99.22541666666666,3705.0,99.4695,3148.0,98.699,97.98,0.0,0.5070833333333333,0.456375,98.26554166666666,98.54895833333335,96.27408333333334,2.004166666666667,16.560791666666667,4.881666666666667,27.2375,24.4875,-95.50625000000001,-11.018749999999999,5.622916666666666,8.362083333333333,8.241666666666667,9.712916666666667,5.582916666666667,21.929166666666664,448.9583333333333,997.4583333333334,46.32875000000001,33.647083333333335,42.147083333333335,33.09583333333333,49.166666666666664,7.560416666666666,-115.07375,6.091666666666666,23.490099999999998,3.0289,26.5188,100.0,0.0
2026-08-15,R5-005,R5-005_L2100_S1,R5,L2100,34.0,300.0,99.209875,5612.0,99.47670833333332,4768.0,98.69079166666667,98.00416666666666,0.0,0.473875,0.42654166666666665,98.33833333333332,98.61287499999999,96.33745833333334,1.9491666666666667,24.356458333333332,4.215875,56.43375,23.795833333333334,-96.5175,-10.637500000000001,6.70625,8.47125,8.149166666666666,8.58625,5.137083333333333,21.59583333333333,566.0,1257.75,47.30875,31.762916666666666,42.78041666666667,34.295833333333334,51.166666666666664,7.637499999999999,-115.28458333333333,7.070833333333333,32.3851,3.2664999999999997,35.6516,100.0,0.0
2026-08-15,R5-005,R5-005_L2100_S2,R5,L2100,37.0,300.0,99.19616666666667,2075.0,99.433875,1766.0,98.63475,97.95583333333333,0.0,0.5061666666666667,0.45566666666666666,98.31229166666667,98.60970833333333,96.34254166666666,1.96875,19.25575,3.5406666666666666,35.972500000000004,24.395833333333332,-93.69125000000001,-10.287916666666666,8.556666666666667,8.657083333333334,8.158333333333333,7.187083333333334,4.934583333333333,20.416666666666668,370.2916666666667,822.7083333333334,45.682500000000005,30.934166666666666,41.03791666666667,19.8,34.416666666666664,3.5925,-115.46875,6.758333333333334,21.9802,2.7054,24.6853,100.0,0.0
2026-08-15,R5-005,R5-005_L2100_S3,R5,L2100,39.0,300.0,99.21020833333334,1257.0,99.43020833333333,1068.0,98.64508333333333,97.95583333333333,0.0,0.4965,0.44695833333333335,98.26466666666666,98.57025,96.26912499999999,2.00375,21.224,4.106125,35.00083333333333,23.545833333333334,-98.10000000000001,-9.933333333333334,8.962083333333334,8.696250000000001,8.291666666666666,8.21875,5.0945833333333335,20.7625,411.8333333333333,915.0416666666666,44.132083333333334,27.47791666666667,42.925000000000004,11.725,19.5,3.20375,-115.0025,6.4750000000000005,12.639,1.6480000000000001,14.2868,100.0,0.0
2026-08-15,R5-005,R5-005_L800_S1,R5,L800,35.0,6200.0,99.25204166666667,1247.0,99.41441666666667,1058.0,98.67091666666666,97.81833333333333,0.0,0.5165000000000001,0.46479166666666666,98.39875,98.72908333333334,96.45391666666666,1.9216666666666666,18.176458333333333,4.195625,52.67083333333333,22.775000000000002,-96.26083333333334,-9.794583333333334,6.2820833333333335,8.428749999999999,8.35,8.363333333333333,5.005,20.8625,503.875,1119.875,46.86875,31.882916666666663,42.223333333333336,13.333333333333334,19.0,2.1795833333333334,-115.58458333333334,6.6125,16.284399999999998,1.9849,18.2694,100.0,0.0
2026-08-15,R5-005,R5-005_L800_S3,R5,L800,40.0,6200.0,99.206,2224.0,99.45625,1893.0,98.6665,97.99541666666666,0.0,0.4776666666666667,0.429875,98.26270833333332,98.621,96.25379166666666,2.0241666666666664,17.860125,5.388041666666666,49.95875,23.704166666666666,-93.445,-8.280416666666666,6.392916666666667,8.437916666666666,8.29375,10.635416666666666,5.395,20.991666666666667,414.5833333333333,921.25,45.13333333333333,29.907083333333333,42.95541666666667,14.825000000000001,23.291666666666668,4.3620833333333335,-115.37833333333333,6.891666666666667,18.0336,2.5141,20.5478,100.0,0.0
2026-08-15,R5-006,R5-006_L1800_S1,R5,L1800,41.0,1650.0,99.24762500000001,2608.0,99.43358333333333,2219.0,98.685625,98.06,0.0,0.5024166666666666,0.45212500000000005,98.37079166666666,98.69516666666668,96.32729166666667,2.013333333333333,24.06833333333333,4.480791666666667,67.96833333333333,24.329166666666666,-101.1925,-9.914583333333333,7.114999999999999,8.511666666666667,8.631666666666666,7.495,5.308333333333334,20.541666666666668,320.75,712.9166666666666,44.79458333333333,26.223333333333333,44.977916666666665,24.554166666666664,34.125,5.6625000000000005,-115.22125,7.020833333333333,19.4173,2.8786,22.2961,100.0,0.0
2026-08-15,R5-006,R5-006_L1800_S2,R5,L1800,44.0,1650.0,99.182,3394.0,99.45791666666666,2883.0,98.64437500000001,98.02916666666665,0.0,0.4856666666666667,0.43695833333333334,98.27137499999999,98.56995833333333,96.357125,1.9708333333333332,23.10920833333333,7.128583333333332,64.565,24.566666666666666,-97.17833333333334,-8.971666666666666,5.320416666666667,8.331666666666667,8.288333333333332,10.27375,5.465833333333333,21.354166666666668,387.8333333333333,861.9583333333334,46.94375,34.469166666666666,42.191250000000004,32.108333333333334,52.083333333333336,7.68625,-115.44875,6.029166666666666,36.1281,4.9512,41.079299999999996,100.0,0.0
2026-08-15,R5-006,R5-006_L1800_S3,R5,L1800,46.0,1650.0,99.23845833333333,4790.0,99.17295833333333,4069.0,98.417625,98.02875,27.0,0.5705416666666666,0.5134166666666666,98.24029166666666,98.57583333333334,96.27279166666666,1.9725000000000001,7.034541666666667,4.887083333333334,16.9325,24.308333333333334,-95.82166666666666,-10.812916666666666,7.694583333333333,8.57,8.410416666666666,10.604166666666666,5.247083333333333,21.46666666666667,528.375,1173.9166666666667,75.66916666666667,51.42333333333334,75.24125,71.91666666666667,127.45833333333333,19.84125,-115.06791666666668,7.029166666666666,109.1181,7.0209,116.1392,100.0,0.0
2026-08-15,R5-006,R5-006_L2100_S1,R5,L2100,42.0,300.0,99.241625,5703.0,99.41870833333333,4844.0,98.665,98.02958333333333,0.0,0.49545833333333333,0.44579166666666664,98.23649999999999,98.47008333333333,96.30137500000001,2.08,23.220541666666666,6.920541666666666,65.98083333333334,23.4375,-96.91041666666666,-11.425416666666665,8.18,8.617916666666668,8.277916666666668,9.845,5.01625,19.766666666666666,376.7916666666667,837.4583333333334,44.62708333333333,30.692083333333333,42.6575,33.854166666666664,54.541666666666664,5.996666666666666,-115.44833333333334,7.483333333333333,45.6626,6.3429,52.006,100.0,0.0
2026-08-15,R5-006,R5-006_L2100_S2,R5,L2100,45.0,300.0,99.24158333333332,3464.0,99.48054166666667,2943.0,98.72620833333333,98.04291666666667,0.0,0.47979166666666667,0.43191666666666667,98.33449999999999,98.63225,96.21879166666668,1.9533333333333334,17.059,5.903875,41.54291666666666,25.058333333333334,-97.92166666666667,-9.615416666666667,8.238333333333333,8.623333333333333,8.22625,8.279583333333333,4.9275,22.104166666666668,450.4166666666667,1000.9583333333334,45.96625,31.579166666666666,41.875,28.71666666666667,46.583333333333336,6.799166666666667,-114.93833333333333,7.191666666666666,34.0196,4.9958,39.0151,100.0,0.0
2026-08-15,R5-006,R5-006_L2100_S3,R5,L2100,47.0,300.0,99.23541666666667,1694.0,99.413125,1439.0,98.65308333333333,98.005,0.0,0.4927916666666667,0.44345833333333334,98.22191666666667,98.49025,96.26179166666667,2.01375,20.069666666666667,4.571791666666667,36.2125,23.104166666666668,-93.7,-10.580416666666666,9.95875,8.795416666666666,8.265833333333333,9.8475,5.015416666666667,21.90416666666667,386.4583333333333,858.5416666666666,45.11833333333333,33.68458333333333,44.21333333333334,14.041666666666666,20.25,4.152083333333334,-115.28791666666666,7.229166666666667,19.7496,2.6222,22.3718,100.0,0.0
2026-08-15,R5-006,R5-006_L800_S1,R5,L800,43.0,6200.0,99.218375,2475.0,99.46570833333334,2103.0,98.68816666666667,98.04916666666666,0.0,0.509875,0.45895833333333336,98.25108333333333,98.46233333333333,96.18295833333333,1.9225,17.980125,5.787416666666666,27.890416666666667,25.204166666666666,-94.665,-8.744583333333333,7.7491666666666665,8.57375,8.869583333333333,10.865833333333333,5.125416666666667,20.558333333333334,412.6666666666667,917.2083333333334,46.706250000000004,27.976249999999997,43.57791666666666,21.275000000000002,33.458333333333336,3.6508333333333334,-115.17208333333333,7.8625,30.201999999999998,3.8761,34.0785,100.0,0.0
2026-08-15,R5-006,R5-006_L800_S3,R5,L800,48.0,6200.0,99.23908333333333,2163.0,99.46108333333332,1842.0,98.70441666666666,98.08166666666666,0.0,0.505875,0.45516666666666666,98.27775000000001,98.59304166666668,96.36470833333334,1.9866666666666666,21.030125,5.976041666666667,47.11875,24.5625,-98.32875,-12.207916666666668,6.052083333333333,8.405,8.175833333333333,7.55875,5.297916666666667,20.979166666666668,366.2916666666667,813.9166666666666,45.767500000000005,29.776666666666667,43.57083333333333,24.933333333333334,38.583333333333336,7.033333333333334,-115.21458333333334,6.5625,19.927699999999998,3.023,22.9507,100.0,0.0
2026-08-15,R5-007,R5-007_L1800_S1,R5,L1800,49.0,1650.0,99.25933333333334,1504.0,99.46958333333333,1280.0,98.73304166666667,98.05458333333333,0.0,0.4939166666666666,0.44458333333333333,98.29758333333332,98.522625,96.21420833333333,2.009583333333333,19.368875,6.2055,44.009166666666665,23.583333333333332,-97.47874999999999,-10.235833333333334,7.503333333333333,8.550416666666667,8.230416666666667,9.887500000000001,5.65875,21.745833333333334,562.9583333333334,1251.125,47.52125,28.487083333333334,42.95208333333333,16.229166666666668,26.416666666666668,4.036666666666666,-115.35125,6.8,14.6049,1.3266,15.9315,100.0,0.0
2026-08-15,R5-007,R5-007_L1800_S2,R5,L1800,52.0,1650.0,99.20670833333332,1012.0,99.461,861.0,98.672125,98.04,0.0,0.53475,0.4812083333333333,98.15891666666666,98.45583333333333,96.16216666666666,2.06,25.658208333333334,5.341916666666666,60.07208333333333,23.833333333333332,-95.31666666666666,-11.623750000000001,6.5441666666666665,8.454166666666667,8.38125,10.224166666666667,5.13375,21.420833333333334,405.75,901.5416666666666,46.317499999999995,29.295,45.18,10.645833333333334,16.625,1.82125,-115.51583333333333,6.904166666666668,9.2744,0.8833,10.1576,100.0,0.0
2026-08-15,R5-007,R5-007_L1800_S3,R5,L1800,54.0,1650.0,99.24708333333332,2243.0,99.44033333333334,1907.0,98.69170833333334,97.995,0.0,0.5127083333333333,0.46137500000000004,98.18987499999999,98.38133333333333,96.11254166666667,1.9275,19.281583333333334,4.360125,44.89125000000001,23.420833333333334,-101.58958333333334,-11.118333333333332,8.489166666666668,8.648333333333333,8.372083333333334,7.0075,5.41125,21.599999999999998,426.875,948.4583333333334,46.27916666666667,32.00541666666667,42.8475,24.945833333333336,40.875,6.8429166666666665,-115.40708333333333,7.195833333333333,20.6333,2.6741,23.3078,100.0,0.0
2026-08-15,R5-007,R5-007_L2100_S1,R5,L2100,50.0,300.0,99.26533333333333,4618.0,99.39895833333333,3927.0,98.66879166666666,97.8875,0.0,0.5083333333333333,0.4575416666666667,98.40566666666666,98.69429166666667,96.48895833333334,2.0166666666666666,17.92075,5.591833333333334,34.016666666666666,24.508333333333336,-92.7625,-8.155,9.914583333333333,8.790833333333333,8.395,10.262500000000001,5.553333333333334,21.070833333333333,566.1666666666666,1258.1666666666667,47.005833333333335,35.49,45.497083333333336,35.387499999999996,56.583333333333336,8.134166666666667,-115.32583333333334,6.8999999999999995,44.5188,3.5657,48.0848,100.0,0.0
2026-08-15,R5-007,R5-007_L2100_S2,R5,L2100,53.0,300.0,94.22516666666667,1111.0,95.601875,946.0,90.08333333333333,92.18791666666668,0.0,0.50175,0.451625,98.25212499999999,98.5835,96.265875,2.0091666666666668,12.889958333333333,7.242541666666667,25.168333333333333,23.175,-94.32,-9.359583333333333,6.575,8.457916666666668,8.032916666666667,9.7125,5.397916666666667,20.287499999999998,538.8333333333334,1197.3333333333333,46.07416666666666,33.24458333333333,67.13083333333334,10.654166666666667,17.541666666666668,2.796666666666667,-115.18916666666667,7.241666666666667,7.144,0.6452,7.7893,100.0,0.0
2026-08-15,R5-007,R5-007_L2100_S3,R5,L2100,55.0,300.0,99.24783333333333,2137.0,99.453875,1818.0,98.70583333333333,97.895,0.0,0.5169583333333333,0.46529166666666666,98.35704166666666,98.67395833333335,96.08283333333333,1.9408333333333332,24.795083333333334,7.241833333333333,46.274166666666666,23.629166666666666,-97.65083333333332,-9.848333333333334,7.234166666666667,8.522916666666667,8.301666666666668,9.700000000000001,4.9325,20.666666666666668,325.0,722.375,46.02791666666667,36.594166666666666,40.92125,15.058333333333332,26.0,3.3320833333333333,-115.47916666666667,6.583333333333333,9.1931,1.0054,10.1984,100.0,0.0
2026-08-15,R5-007,R5-007_L800_S1,R5,L800,51.0,6200.0,99.15979166666666,1202.0,99.43354166666667,1024.0,98.59820833333333,98.05583333333334,0.0,0.5020416666666666,0.45175000000000004,98.38841666666667,98.76095833333333,96.316125,1.9770833333333335,16.132958333333335,3.383625,26.78333333333333,24.766666666666666,-98.28208333333333,-11.320416666666667,6.952083333333333,8.494583333333333,7.959166666666667,9.499583333333334,5.480416666666667,21.0625,420.7916666666667,935.3333333333334,47.04333333333333,34.974583333333335,43.39125000000001,10.995833333333332,18.125,2.651666666666667,-115.11625,7.054166666666667,15.4702,1.2711000000000001,16.7412,100.0,0.0
2026-08-15,R5-007,R5-007_L800_S3,R5,L800,56.0,6200.0,99.20820833333333,1136.0,99.40829166666667,962.0,98.621375,98.13333333333333,0.0,0.5148333333333334,0.46329166666666666,98.34554166666668,98.59016666666668,96.37504166666668,1.9429166666666664,14.688749999999999,6.490666666666667,22.813333333333333,24.508333333333336,-96.07916666666667,-10.260416666666666,6.8500000000000005,8.485416666666667,8.191666666666666,7.692083333333334,5.697916666666667,21.5125,561.4583333333334,1247.5833333333333,46.2125,34.92541666666667,43.45916666666667,11.741666666666667,16.875,2.0391666666666666,-114.88125000000001,6.4750000000000005,8.4796,1.0405,9.5196,100.0,0.0
2026-08-15,R5-008,R5-008_L1800_S1,R5,L1800,57.0,1650.0,99.26668181818182,1530.0,99.4565909090909,1300.0,98.72731818181819,98.09583333333335,0.0,0.4932916666666667,0.4439166666666667,98.24504166666667,98.49541666666666,96.257,2.049583333333333,14.052958333333335,5.473291666666667,31.894583333333333,23.929166666666664,-102.12541666666668,-9.698333333333332,6.267499999999999,8.427083333333334,8.24875,8.339583333333334,5.319166666666667,20.8875,330.9166666666667,735.4166666666666,43.680416666666666,28.503333333333334,41.73,15.825000000000001,24.5,4.22125,-115.36291666666666,6.383333333333333,22.9238,1.9402,24.8637,93.24583333333334,97.30000000000001
2026-08-15,R5-008,R5-008_L1800_S2,R5,L1800,60.0,1650.0,99.26641666666666,2814.0,99.46379166666667,2394.0,98.73441666666668,97.92541666666666,0.0,0.511625,0.46049999999999996,98.35116666666666,98.65174999999999,96.224875,2.0866666666666664,17.430375,6.1903749999999995,44.3475,23.066666666666666,-96.95041666666667,-12.380416666666667,7.609583333333333,8.560416666666667,8.617916666666666,8.51125,5.144583333333333,20.895833333333332,334.2083333333333,742.7916666666666,45.026250000000005,32.930416666666666,42.45875,17.445833333333333,30.0,3.4275,-115.11541666666666,7.05,10.9253,1.6698,12.5949,100.0,0.0
2026-08-15,R5-008,R5-008_L1800_S3,R5,L1800,62.0,1650.0,99.23287499999999,2676.0,99.49858333333333,2277.0,98.73541666666667,97.91208333333333,0.0,0.4945,0.44525,98.32154166666668,98.68495833333333,96.43624999999999,1.78125,22.086583333333333,5.059833333333333,49.751666666666665,24.175,-101.86166666666666,-9.956249999999999,6.659166666666667,8.46625,8.125,8.841666666666667,5.16,20.883333333333333,393.7916666666667,875.2083333333334,44.2175,30.236666666666665,41.08708333333333,20.808333333333334,33.541666666666664,4.1658333333333335,-115.10916666666667,5.7875000000000005,15.099,1.9608999999999999,17.06,100.0,0.0
2026-08-15,R5-008,R5-008_L2100_S1,R5,L2100,58.0,300.0,99.25637499999999,4363.0,99.45595833333334,3708.0,98.71662500000001,98.08291666666668,0.0,0.5194166666666666,0.46737500000000004,98.30495833333333,98.57187499999999,96.48208333333334,2.0775,22.270125000000004,6.104208333333333,50.81666666666666,24.016666666666666,-93.44833333333334,-11.859166666666667,7.123333333333334,8.510833333333332,8.06,9.469166666666666,5.453749999999999,21.941666666666666,383.875,852.7916666666666,44.30166666666667,29.201666666666668,43.79750000000001,30.379166666666666,53.625,6.394583333333333,-115.21916666666665,6.470833333333334,44.1092,5.7059,49.815,100.0,0.0
2026-08-15,R5-008,R5-008_L2100_S2,R5,L2100,61.0,300.0,99.23216666666667,1790.0,99.4045,1522.0,98.641375,98.08166666666666,0.0,0.49500000000000005,0.44533333333333336,98.29754166666667,98.517375,96.176,1.9275,21.12925,7.449458333333333,38.02625,24.875,-93.58666666666666,-9.915416666666667,4.519166666666666,8.2525,8.1,9.630833333333333,5.145833333333333,22.170833333333334,551.4166666666666,1225.3333333333333,45.53041666666667,35.1,40.60375,13.416666666666666,22.875,3.264583333333333,-115.09916666666668,7.116666666666667,9.7544,1.0292000000000001,10.7833,100.0,0.0
2026-08-15,R5-008,R5-008_L2100_S3,R5,L2100,63.0,300.0,99.23154166666666,2626.0,99.42325,2234.0,98.659125,98.06916666666666,0.0,0.48337500000000005,0.43495833333333334,98.20295833333334,98.44991666666665,96.09566666666666,2.044583333333333,24.210708333333333,5.903291666666667,45.537083333333335,23.516666666666666,-97.85958333333333,-9.474166666666667,8.821250000000001,8.683333333333334,8.179583333333333,7.87,5.148750000000001,21.075,343.6666666666667,763.875,45.37416666666667,31.05,41.987500000000004,16.529166666666665,27.416666666666668,3.176666666666667,-115.15666666666665,6.5,12.5907,1.1385,13.7289,100.0,0.0
2026-08-15,R5-008,R5-008_L800_S1,R5,L800,59.0,6200.0,99.31329166666667,4890.0,99.45483333333334,4157.0,98.77195833333333,98.02708333333334,0.0,0.4964583333333334,0.44675,98.37416666666667,98.69545833333332,96.34795833333334,1.9608333333333334,19.824208333333335,6.573708333333333,30.465416666666666,23.958333333333332,-96.86,-10.067916666666667,7.132083333333333,8.513333333333334,8.329583333333334,7.6312500000000005,5.452083333333333,19.474999999999998,496.5,1103.25,45.95166666666666,36.608333333333334,43.51333333333333,33.93333333333333,55.291666666666664,9.798333333333334,-115.22458333333333,6.9750000000000005,46.8165,6.2426,53.0589,100.0,0.0
2026-08-15,R5-008,R5-008_L800_S3,R5,L800,64.0,6200.0,99.25487500000001,4779.0,99.50604166666666,4061.0,98.76454166666667,97.94166666666666,0.0,0.4974166666666666,0.44766666666666666,98.24816666666668,98.600625,95.98433333333332,2.0216666666666665,17.586083333333335,6.560333333333333,30.041666666666668,25.15416666666667,-97.56,-9.565833333333334,9.22875,8.7225,8.395833333333334,7.589583333333334,5.110416666666667,22.05,391.125,869.2916666666666,44.47958333333333,33.482083333333335,43.27708333333334,32.324999999999996,49.083333333333336,8.155833333333334,-115.71791666666667,6.829166666666667,46.8429,5.5346,52.3775,100.0,0.0
2026-08-15,R5-009,R5-009_L1800_S1,R5,L1800,65.0,1650.0,99.23008333333333,4034.0,99.43341666666667,3430.0,98.66783333333332,97.95166666666667,0.0,0.49583333333333335,0.4463333333333333,98.33170833333332,98.61416666666666,96.56225,2.0729166666666665,25.465416666666666,6.594125000000001,52.185,24.02916666666667,-99.07875,-11.081249999999999,10.44125,8.844166666666666,8.177916666666667,9.525416666666667,5.470416666666666,20.933333333333334,531.375,1180.9583333333333,47.53375,34.721666666666664,43.431666666666665,26.1875,37.083333333333336,4.425416666666667,-115.21541666666667,6.5874999999999995,28.8711,2.6239,31.4953,100.0,0.0
2026-08-15,R5-009,R5-009_L1800_S2,R5,L1800,68.0,1650.0,99.21995833333334,3087.0,99.43920833333334,2624.0,98.66366666666666,97.97874999999999,0.0,0.5325416666666667,0.4794583333333333,98.24408333333334,98.53004166666666,96.084875,2.045,20.455833333333334,4.1665,40.081250000000004,24.4375,-93.20083333333334,-10.247083333333334,5.579999999999999,8.3575,8.134166666666667,7.6241666666666665,5.245416666666666,21.679166666666664,429.9583333333333,955.6666666666666,44.07458333333333,26.67958333333333,44.07749999999999,31.1125,55.333333333333336,9.237916666666667,-115.41291666666666,6.804166666666666,29.3408,4.4894,33.8304,100.0,0.0
2026-08-15,R5-009,R5-009_L1800_S3,R5,L1800,70.0,1650.0,99.29216666666667,2130.0,99.45704166666667,1809.0,98.75320833333335,98.03166666666668,0.0,0.4864583333333334,0.4378333333333333,98.2305,98.51154166666667,96.30616666666667,2.055,19.801458333333333,4.969708333333333,41.360416666666666,22.099999999999998,-93.21375,-11.081666666666665,7.6825,8.57,8.31625,10.030416666666667,5.450833333333333,21.175,395.125,877.7916666666666,44.78375,25.897916666666664,43.49625,18.979166666666668,31.75,3.2266666666666666,-115.55375,7.170833333333333,22.6611,3.5096,26.1714,100.0,0.0
2026-08-15,R5-009,R5-009_L2100_S1,R5,L2100,66.0,300.0,99.23779166666667,1137.0,99.41470833333334,968.0,98.65712500000001,97.92666666666666,0.0,0.5124166666666666,0.46108333333333335,98.24320833333333,98.59304166666668,96.39212500000001,2.15125,12.492541666666668,5.141416666666667,37.10583333333333,23.775000000000002,-96.11166666666666,-9.895,5.559166666666667,8.356666666666667,8.22125,8.421249999999999,5.1025,20.429166666666667,400.75,890.5833333333334,45.08583333333333,30.085833333333337,41.437083333333334,12.308333333333332,17.0,2.1445833333333333,-115.27291666666667,7.020833333333333,11.9349,1.7657,13.7007,100.0,0.0
2026-08-15,R5-009,R5-009_L2100_S2,R5,L2100,69.0,300.0,99.271125,2040.0,99.48833333333333,1735.0,98.76333333333334,98.00166666666667,0.0,0.5011666666666666,0.4510416666666666,98.304375,98.61670833333334,96.41254166666666,2.0079166666666666,20.122791666666668,4.315875,53.41166666666667,24.620833333333334,-95.23166666666667,-9.800416666666667,6.22625,8.423333333333334,7.889166666666667,7.920833333333333,5.1275,21.59166666666667,548.0833333333334,1217.875,44.34041666666667,31.879166666666666,43.23500000000001,15.254166666666668,24.916666666666668,2.4466666666666668,-115.11958333333332,7.1625000000000005,14.2956,1.4914,15.7872,100.0,0.0
2026-08-15,R5-009,R5-009_L2100_S3,R5,L2100,71.0,300.0,99.24900000000001,1384.0,99.49041666666666,1178.0,98.74325,98.03250000000001,0.0,1.152,1.0367916666666666,93.14033333333333,93.5115,91.34949999999999,11.200833333333334,18.69625,6.74775,45.54583333333333,23.775000000000002,-96.14416666666666,-11.236666666666666,5.492916666666666,8.349583333333333,8.030833333333334,7.727083333333333,4.932916666666666,20.2375,466.0833333333333,1035.75,44.62833333333333,26.145416666666666,42.46333333333333,11.958333333333334,21.333333333333332,2.13875,-114.89875,6.7875000000000005,7.6662,1.1791,8.845,100.0,0.0
2026-08-15,R5-009,R5-009_L800_S1,R5,L800,67.0,6200.0,99.28750000000001,3271.0,99.449875,2781.0,98.74141666666667,98.05375,0.0,0.48374999999999996,0.4354166666666666,98.27012500000001,98.57708333333333,96.30095833333333,2.075833333333333,23.866375,3.8324583333333333,70.03041666666667,22.629166666666666,-92.955,-10.07875,6.183333333333334,8.41875,7.957916666666667,7.3812500000000005,5.310416666666667,21.091666666666665,349.25,776.375,44.62125,31.972916666666666,41.28958333333333,22.2,34.041666666666664,5.799166666666667,-115.19416666666666,6.620833333333334,32.268299999999996,4.8109,37.0792,100.0,0.0
2026-08-15,R5-009,R5-009_L800_S3,R5,L800,72.0,6200.0,99.19775,1846.0,99.47975000000001,1569.0,98.681625,97.97125,0.0,0.48900000000000005,0.44012500000000004,98.25525,98.62116666666667,96.23479166666668,1.9758333333333333,14.166958333333334,3.7215000000000003,29.606666666666666,24.075,-100.47874999999999,-9.272499999999999,7.471666666666667,8.5475,8.293750000000001,10.339166666666666,5.18375,21.7625,433.125,962.5833333333334,45.23416666666666,26.471249999999998,42.73083333333333,21.258333333333333,36.0,3.262916666666667,-115.26333333333334,6.416666666666667,28.0009,3.0599,31.0604,100.0,0.0
2026-08-15,R5-010,R5-010_L1800_S1,R5,L1800,73.0,1650.0,99.20687500000001,2386.0,99.45066666666666,2031.0,98.66204166666667,97.95041666666667,0.0,0.49170833333333336,0.44245833333333334,98.18083333333334,98.44316666666667,96.32900000000001,1.8775000000000002,20.638208333333335,5.309833333333334,55.080000000000005,23.479166666666668,-91.47375,-9.645,8.081249999999999,8.608333333333333,8.405416666666667,8.849583333333333,5.3220833333333335,21.241666666666667,567.4166666666666,1260.9583333333333,45.83833333333333,26.288333333333338,43.67166666666666,14.995833333333332,24.625,2.870416666666667,-115.01166666666667,6.620833333333334,11.4818,1.2018,12.6839,100.0,0.0
2026-08-15,R5-010,R5-010_L1800_S2,R5,L1800,76.0,1650.0,99.21608333333334,1363.0,99.4455,1163.0,98.66612500000001,97.96916666666668,0.0,0.5301250000000001,0.47700000000000004,98.220125,98.50454166666667,96.22000000000001,2.1004166666666664,25.95204166666667,7.216375,69.45458333333333,23.875,-94.50666666666666,-12.1025,6.9725,8.4975,8.099166666666667,10.305416666666666,5.362916666666667,20.837500000000002,408.7916666666667,908.5416666666666,44.653333333333336,25.18958333333333,43.544999999999995,10.579166666666667,14.625,2.0475,-115.6275,7.029166666666666,9.6304,1.5393000000000001,11.1694,100.0,0.0
2026-08-15,R5-010,R5-010_L1800_S3,R5,L1800,78.0,1650.0,99.26579166666666,1609.0,99.50262500000001,1368.0,98.77204166666667,97.98375,0.0,0.49625,0.446625,98.20791666666666,98.51591666666667,96.164625,1.9791666666666667,12.819708333333333,3.7925416666666667,35.407916666666665,23.15833333333333,-99.30375,-9.5625,8.022083333333333,8.60125,8.36875,10.29125,5.61625,21.270833333333332,547.5416666666666,1216.4583333333333,46.07958333333334,26.16125,42.280833333333334,16.441666666666666,21.541666666666668,4.865,-115.29583333333333,7.404166666666666,24.4511,2.7692,27.2207,100.0,0.0
2026-08-15,R5-010,R5-010_L2100_S1,R5,L2100,74.0,300.0,99.26183333333334,2100.0,99.42495833333334,1785.0,98.69120833333334,98.09958333333333,0.0,0.468375,0.42162499999999997,98.22504166666666,98.43624999999999,96.15362499999999,1.925,20.82316666666667,4.012208333333334,60.48791666666667,24.65416666666667,-97.72625,-12.1075,6.761666666666667,8.476666666666667,8.132916666666667,8.25,5.081666666666666,21.087500000000002,354.375,787.5,44.774166666666666,31.299166666666665,42.58291666666667,14.354166666666666,22.041666666666668,2.655416666666667,-115.47000000000001,7.862500000000001,13.537,1.6751,15.212200000000001,100.0,0.0
2026-08-15,R5-010,R5-010_L2100_S2,R5,L2100,77.0,300.0,99.26625,3198.0,99.40779166666665,2714.0,98.6785,97.96125,0.0,0.5195,0.46762499999999996,98.285125,98.66195833333335,96.40945833333335,2.03125,26.182958333333332,7.2210833333333335,66.61666666666666,25.183333333333334,-97.54291666666667,-10.005416666666667,7.466666666666666,8.547083333333333,8.11,8.525416666666667,5.214166666666666,21.1125,575.875,1279.75,46.875,29.27416666666667,44.59625,34.53333333333333,58.875,6.4325,-115.20833333333333,6.991666666666667,27.5275,3.0415,30.5687,100.0,0.0
2026-08-15,R5-010,R5-010_L2100_S3,R5,L2100,79.0,300.0,99.222625,1806.0,99.48279166666667,1536.0,98.70954166666667,98.09666666666668,0.0,0.4880416666666667,0.43929166666666664,98.32662499999999,98.56333333333333,96.419875,2.047083333333333,22.474166666666665,4.813041666666667,51.16375,24.4875,-103.1175,-11.324166666666668,7.735833333333333,8.572916666666666,8.180833333333334,10.0775,5.1674999999999995,21.083333333333332,610.0,1355.5416666666667,44.35041666666667,25.445833333333336,40.57458333333333,13.866666666666667,18.875,3.769166666666667,-115.18416666666667,7.033333333333334,16.3461,2.3918,18.738,100.0,0.0
2026-08-15,R5-010,R5-010_L800_S1,R5,L800,75.0,6200.0,99.23637500000001,4765.0,99.46029166666666,4050.0,98.70083333333334,98.14083333333333,0.0,0.5132916666666667,0.4619166666666667,98.2725,98.50504166666667,96.18691666666666,1.9433333333333334,25.6345,7.164916666666667,50.84458333333333,24.729166666666668,-96.0675,-10.229583333333332,8.214583333333334,8.621666666666666,8.325416666666667,7.0995833333333325,5.123333333333333,20.325,588.1666666666666,1307.1666666666667,45.64416666666667,31.982916666666668,44.04416666666666,28.383333333333336,50.833333333333336,7.065833333333333,-115.29583333333333,7.770833333333333,41.4238,4.3315,45.7552,100.0,0.0
2026-08-15,R5-010,R5-010_L800_S3,R5,L800,80.0,6200.0,99.22454166666667,1750.0,99.48370833333333,1486.0,98.71258333333333,98.00916666666666,0.0,0.4969166666666667,0.44733333333333336,98.29520833333333,98.58583333333333,96.21875,1.9716666666666667,25.219041666666666,5.026083333333333,69.52333333333333,23.258333333333336,-98.15249999999999,-11.16625,6.859166666666667,8.48625,8.625833333333334,7.1937500000000005,4.9075,21.245833333333334,573.125,1273.7916666666667,46.38125,30.627916666666668,41.25958333333333,12.266666666666666,16.333333333333332,2.111666666666667,-115.12833333333333,7.158333333333334,17.893,2.287,20.1799,100.0,0.0
2026-08-16,R5-001,R5-001_L1800_S1,R5,L1800,1.0,1650.0,99.21395833333334,3691.0,99.4755,3137.0,98.69391666666667,97.9225,0.0,0.481125,0.43295833333333333,98.37316666666668,98.71233333333333,96.34341666666667,1.9024999999999999,16.485166666666668,4.580666666666667,36.955000000000005,24.416666666666668,-99.63041666666668,-10.933333333333332,8.326666666666666,8.633333333333333,8.533333333333333,6.959166666666667,5.170833333333333,22.3,442.375,982.9583333333334,47.4025,36.647083333333335,45.465,31.8125,46.208333333333336,5.214583333333334,-114.99916666666667,7.379166666666666,36.7709,4.0482,40.819,100.0,0.0
2026-08-16,R5-001,R5-001_L1800_S2,R5,L1800,4.0,1650.0,99.24883333333332,2868.0,99.46925,2438.0,98.72204166666667,98.14625000000001,0.0,0.516625,0.46508333333333335,98.34129166666666,98.60291666666666,96.39391666666667,1.9445833333333333,17.716083333333334,5.333,31.714583333333334,22.891666666666666,-95.86583333333334,-9.486666666666666,7.430416666666666,8.543750000000001,7.951666666666667,7.763333333333333,5.1691666666666665,21.037499999999998,449.9166666666667,999.75,43.51583333333334,34.07791666666667,41.197916666666664,21.133333333333333,36.0,5.212916666666667,-115.21083333333333,6.8625,26.2151,4.0051,30.2199,100.0,0.0
2026-08-16,R5-001,R5-001_L1800_S3,R5,L1800,6.0,1650.0,99.213625,2095.0,99.45483333333334,1777.0,98.67275000000001,97.9325,0.0,0.5044166666666666,0.4540416666666667,98.3525,98.71654166666667,96.36933333333333,2.098333333333333,17.6435,6.2921249999999995,49.249583333333334,23.883333333333336,-103.2025,-11.655416666666667,8.149583333333334,8.614583333333334,8.048333333333334,9.335416666666667,5.15875,21.891666666666666,481.0416666666667,1069.0,45.711666666666666,30.944999999999997,43.44416666666667,24.275000000000002,41.375,5.401666666666666,-114.93416666666667,7.270833333333333,20.4336,2.3409,22.7745,100.0,0.0
2026-08-16,R5-001,R5-001_L2100_S1,R5,L2100,2.0,300.0,99.24420833333333,1808.0,99.444,1536.0,98.69266666666665,98.15249999999999,0.0,1.202625,1.0824583333333333,98.41933333333333,98.71033333333332,96.53466666666667,1.9487500000000002,23.21666666666667,5.846125,51.74416666666667,23.820833333333336,-88.74458333333332,-15.352083333333333,1.3166666666666667,6.131666666666667,8.139583333333333,8.541666666666666,5.4504166666666665,37.612500000000004,3182.2916666666665,6364.458333333333,44.63458333333333,31.228333333333335,44.31041666666667,18.05,29.916666666666668,3.095,-114.88958333333333,26.066666666666666,21.5698,3.204,24.774,100.0,0.0
2026-08-16,R5-001,R5-001_L2100_S2,R5,L2100,5.0,300.0,99.31770833333333,2573.0,99.45029166666667,2188.0,98.77170833333334,97.85625,0.0,0.5269166666666667,0.47412499999999996,98.33458333333334,98.63283333333334,96.28908333333334,1.9541666666666666,23.882625,5.641416666666667,47.32708333333333,23.78333333333333,-95.295,-9.862499999999999,8.990833333333333,8.699583333333333,8.082916666666668,8.276666666666666,5.6312500000000005,20.279166666666665,550.4166666666666,1223.25,45.0825,29.374583333333334,43.380833333333335,24.75,41.333333333333336,3.9095833333333334,-115.36125,6.6125,20.9447,3.3463,24.2911,100.0,0.0
2026-08-16,R5-001,R5-001_L2100_S3,R5,L2100,7.0,300.0,99.25716666666666,2787.0,99.43775,2367.0,98.69908333333332,98.00666666666666,0.0,0.5202083333333333,0.46820833333333334,98.22208333333333,98.53970833333334,96.17,1.9420833333333334,20.96708333333333,7.095791666666667,40.14,24.366666666666664,-95.65708333333333,-10.621666666666666,7.789583333333333,8.57875,8.383750000000001,7.477083333333333,5.339166666666666,20.845833333333335,605.8333333333334,1346.25,46.77583333333333,30.168333333333333,42.464999999999996,28.662499999999998,48.416666666666664,6.454583333333333,-115.22291666666666,7.045833333333333,41.9174,6.3779,48.2954,100.0,0.0
2026-08-16,R5-001,R5-001_L800_S1,R5,L800,3.0,6200.0,99.28670833333332,5275.0,99.476375,4484.0,98.767,97.9325,0.0,0.4984583333333333,0.448625,98.27016666666667,98.62541666666668,96.29625,1.9083333333333332,25.557916666666667,3.733875,58.77583333333334,24.270833333333332,-95.48791666666666,-10.112499999999999,7.9875,8.59875,8.289166666666667,8.75625,5.038333333333333,20.195833333333333,430.9583333333333,957.5416666666666,46.55416666666667,26.121666666666666,40.52166666666667,32.295833333333334,50.166666666666664,6.885416666666667,-114.95291666666667,7.879166666666666,36.0475,5.6117,41.6594,100.0,0.0
2026-08-16,R5-001,R5-001_L800_S3,R5,L800,8.0,6200.0,99.31012500000001,4126.0,99.48587500000001,3508.0,98.79979166666668,98.04791666666667,0.0,0.49491666666666667,0.445375,98.33908333333333,98.650375,96.50570833333332,2.185,24.103583333333333,7.31275,53.32666666666666,24.0125,-97.46208333333334,-11.004583333333334,7.111249999999999,8.509583333333333,8.29125,8.149583333333334,5.288333333333333,22.09583333333333,391.375,869.375,46.25125,25.883750000000003,41.945,30.895833333333332,54.0,8.261666666666667,-115.3125,7.408333333333334,44.0206,4.9009,48.9215,100.0,0.0
2026-08-16,R5-002,R5-002_L1800_S1,R5,L1800,9.0,1650.0,99.25975,4240.0,99.505875,3606.0,98.76937500000001,98.02375,0.0,0.48712500000000003,0.438375,98.35366666666665,98.64625000000001,96.27941666666668,2.063333333333333,8.585958333333334,4.99875,18.18166666666667,23.6375,-98.92166666666667,-9.8925,9.99875,8.799166666666666,7.922083333333333,9.334999999999999,5.0112499999999995,21.279166666666665,512.0833333333334,1138.0416666666667,70.00208333333333,45.23333333333333,42.92416666666667,58.84583333333333,87.125,14.409999999999998,-114.96708333333333,6.9750000000000005,49.0913,3.3834,52.4748,100.0,0.0
2026-08-16,R5-002,R5-002_L1800_S2,R5,L1800,12.0,1650.0,99.26416666666667,1787.0,99.44454166666667,1518.0,98.71283333333334,98.00875,0.0,0.47370833333333334,0.4262083333333333,98.38824999999999,98.68575,96.561125,2.00125,19.43766666666667,4.693625,52.60041666666667,24.120833333333334,-96.11541666666666,-8.393333333333333,8.140416666666667,8.615416666666667,8.571666666666667,10.070833333333333,5.05375,20.366666666666667,483.875,1075.125,45.880833333333335,27.025000000000002,43.72333333333333,20.591666666666665,27.75,5.840416666666666,-114.95958333333333,7.3999999999999995,13.7323,1.6764999999999999,15.4085,100.0,0.0
2026-08-16,R5-002,R5-002_L1800_S3,R5,L1800,14.0,1650.0,99.2725,4289.0,99.412875,3646.0,98.68970833333333,97.92916666666667,0.0,0.4951666666666667,0.4457083333333333,98.34308333333333,98.70795833333334,96.38058333333333,2.1029166666666668,22.031125,3.4403333333333332,38.05583333333333,22.941666666666666,-96.00916666666666,-9.717083333333333,8.734583333333333,8.674166666666666,8.59625,10.327916666666667,5.13375,21.279166666666665,600.5416666666666,1334.7083333333333,45.47291666666666,33.4925,43.565,27.212500000000002,44.25,6.50875,-115.6275,7.1000000000000005,23.311700000000002,2.7904999999999998,26.1021,100.0,0.0
2026-08-16,R5-002,R5-002_L2100_S1,R5,L2100,10.0,300.0,99.24820833333332,4055.0,99.45204166666667,3445.0,98.7045,97.99000000000001,0.0,0.47433333333333333,0.42695833333333333,98.315375,98.67508333333332,96.36041666666667,2.055,12.897541666666667,3.4565,21.72375,23.78333333333333,-97.37916666666666,-9.933333333333334,9.66375,8.767083333333334,8.5025,9.060833333333333,5.340416666666667,20.462500000000002,365.0833333333333,811.125,46.10166666666667,30.234583333333333,42.579166666666666,24.650000000000002,40.958333333333336,4.205416666666666,-115.38,7.108333333333333,29.3124,3.659,32.9711,100.0,0.0
2026-08-16,R5-002,R5-002_L2100_S2,R5,L2100,13.0,300.0,99.27979166666667,4489.0,99.41470833333334,3817.0,98.699,98.02916666666665,0.0,0.48995833333333333,0.4410416666666667,98.20524999999999,98.555,96.147875,2.0516666666666667,21.126083333333334,4.076083333333334,59.949999999999996,23.5125,-97.69333333333333,-9.60375,8.645,8.66375,8.2675,10.137083333333333,4.958333333333333,21.34166666666667,322.0,715.75,44.12166666666667,27.637083333333333,41.29458333333333,28.258333333333336,40.916666666666664,8.387916666666667,-115.32458333333334,7.1875,26.0105,3.2948,29.3052,100.0,0.0
2026-08-16,R5-002,R5-002_L2100_S3,R5,L2100,15.0,300.0,99.2355,1997.0,99.41866666666668,1697.0,98.65870833333334,97.98291666666667,0.0,0.5244166666666666,0.472,98.26770833333335,98.54283333333332,96.38245833333333,2.0475,12.969833333333334,7.030458333333333,20.474999999999998,25.016666666666666,-102.55708333333332,-9.484166666666667,6.96875,8.49625,8.233333333333333,8.397916666666667,5.1866666666666665,21.558333333333334,398.5,885.4166666666666,44.54833333333334,27.61916666666667,41.934583333333336,22.983333333333334,38.083333333333336,6.122083333333333,-115.24791666666665,7.2749999999999995,32.6718,5.0565999999999995,37.7285,100.0,0.0
2026-08-16,R5-002,R5-002_L800_S1,R5,L800,11.0,6200.0,99.26545833333334,1217.0,99.472125,1032.0,98.74141666666667,97.89333333333333,0.0,0.51675,0.46504166666666663,98.36829166666666,98.67604166666666,96.42654166666667,1.9433333333333334,23.385041666666666,6.233625,62.30083333333334,24.25,-94.17916666666667,-8.636666666666667,6.710416666666667,8.47125,8.319583333333334,8.989583333333334,4.977083333333334,21.254166666666666,616.7083333333334,1370.3333333333333,46.65208333333334,32.160000000000004,41.81125,14.2875,21.291666666666668,2.285416666666667,-115.29,6.916666666666667,18.5476,2.4355,20.9832,100.0,0.0
2026-08-16,R5-002,R5-002_L800_S3,R5,L800,16.0,6200.0,99.26266666666668,5153.0,99.46145833333333,4381.0,98.72804166666667,98.01916666666666,0.0,0.49904166666666666,0.44916666666666666,98.24670833333333,98.575,96.35495833333334,2.120833333333333,25.835916666666666,7.363333333333333,66.63000000000001,23.775000000000002,-96.38541666666667,-11.770833333333334,7.772083333333334,8.577083333333333,8.217916666666666,7.484583333333333,5.07875,20.966666666666665,324.625,721.25,45.657916666666665,25.322083333333335,43.02875,34.11666666666667,52.5,5.9075,-115.14125,7.504166666666666,50.3795,4.9089,55.2888,100.0,0.0
2026-08-16,R5-003,R5-003_L1800_S1,R5,L1800,17.0,1650.0,99.269625,3365.0,99.46729166666667,2863.0,98.74108333333334,97.91041666666666,0.0,0.5175416666666667,0.46570833333333334,98.19041666666668,98.41175,96.200875,2.08625,21.685666666666666,5.226875,64.51625,24.816666666666666,-98.49541666666666,-8.829166666666667,7.020416666666667,8.502083333333333,8.130416666666667,9.695,5.1525,21.0625,464.3333333333333,1031.9583333333333,45.875416666666666,35.98,44.19583333333333,28.3625,41.458333333333336,6.792083333333333,-114.83999999999999,7.1625000000000005,33.1026,2.911,36.0135,100.0,0.0
2026-08-16,R5-003,R5-003_L1800_S2,R5,L1800,20.0,1650.0,96.66000000000001,4777.0,99.46254166666667,4064.0,96.14075000000001,97.97833333333334,0.0,1.8135000000000001,1.632125,98.35195833333334,98.6965,96.376125,1.9745833333333334,4.492624999999999,4.119666666666666,13.1225,24.09166666666667,-115.00166666666667,-10.230416666666667,1.62875,5.663333333333333,8.5525,11.097083333333332,36.315416666666664,44.96666666666667,356.125,791.2083333333334,45.619166666666665,32.479166666666664,40.12416666666667,31.212500000000002,53.625,6.2225,-115.45041666666667,6.895833333333333,27.6778,2.4028,30.0802,100.0,0.0
2026-08-16,R5-003,R5-003_L1800_S3,R5,L1800,22.0,1650.0,99.295125,2762.0,99.43079166666666,2346.0,98.72987499999999,97.78833333333334,0.0,0.50275,0.45249999999999996,98.40520833333333,98.67658333333333,96.37762500000001,1.8462500000000002,13.804666666666668,3.666166666666667,23.3025,23.745833333333334,-93.56041666666665,-10.814583333333333,8.185833333333333,8.62,8.090416666666666,6.865833333333334,5.262083333333334,20.745833333333334,611.375,1358.5,44.560833333333335,27.275833333333335,42.373333333333335,17.666666666666668,23.25,4.04,-115.27083333333333,6.779166666666666,19.7154,2.9744,22.6897,100.0,0.0
2026-08-16,R5-003,R5-003_L2100_S1,R5,L2100,18.0,300.0,99.22183333333334,1389.0,99.48745833333334,1179.0,98.713625,98.04958333333333,0.0,0.5151666666666667,0.46366666666666667,98.30016666666667,98.655625,95.98587500000001,1.87375,22.481416666666664,3.769375,57.544999999999995,23.59583333333333,-97.90333333333332,-11.293333333333335,8.98,8.696666666666667,8.650833333333333,8.114166666666668,5.05,20.908333333333335,524.5833333333334,1165.75,45.867916666666666,31.497500000000002,41.51375,12.65,20.083333333333332,2.0820833333333333,-114.99291666666666,6.695833333333333,10.3757,0.8791,11.2548,100.0,0.0
2026-08-16,R5-003,R5-003_L2100_S2,R5,L2100,21.0,300.0,99.23429166666666,3114.0,99.45979166666666,2647.0,98.698375,98.04124999999999,0.0,0.49062500000000003,0.441625,98.23191666666666,98.45570833333333,96.1065,1.9495833333333332,12.59575,3.5614166666666667,19.925833333333333,24.47083333333333,-96.91250000000001,-10.482083333333334,7.885000000000001,8.58875,8.502916666666666,8.218333333333334,5.189583333333333,21.8125,480.5833333333333,1068.0833333333333,46.62916666666666,36.97416666666667,43.75416666666666,22.204166666666666,38.0,3.5233333333333334,-115.43583333333333,7.029166666666666,14.0229,2.2353,16.2584,100.0,0.0
2026-08-16,R5-003,R5-003_L2100_S3,R5,L2100,23.0,300.0,99.25916666666666,3274.0,99.44520833333333,2782.0,98.70858333333332,98.16000000000001,0.0,0.5022083333333334,0.45216666666666666,98.30874999999999,98.63808333333333,96.25641666666667,1.87,20.949,5.570333333333333,56.856249999999996,24.141666666666666,-98.32,-10.272916666666667,10.39875,8.83875,8.4,10.081249999999999,5.1258333333333335,21.037499999999998,324.8333333333333,721.7916666666666,43.91416666666667,25.92375,40.90708333333333,28.425,40.583333333333336,8.455416666666666,-114.62541666666665,6.558333333333334,28.6439,4.0827,32.7266,100.0,0.0
2026-08-16,R5-003,R5-003_L800_S1,R5,L800,19.0,6200.0,99.22725000000001,4141.0,99.43304166666667,3520.0,98.66483333333333,97.89291666666666,0.0,0.4764166666666667,0.4287916666666667,98.34766666666667,98.63604166666666,96.293875,2.0795833333333333,13.065875,5.684666666666666,34.12583333333333,24.079166666666666,-92.27458333333334,-9.9375,8.5675,8.655833333333334,8.361666666666666,10.792499999999999,5.582083333333333,21.462500000000002,328.4166666666667,730.0,45.99041666666667,36.432916666666664,43.081250000000004,28.375,47.875,4.515833333333333,-115.27333333333333,6.791666666666667,36.5264,5.3749,41.9016,100.0,0.0
2026-08-16,R5-003,R5-003_L800_S3,R5,L800,24.0,6200.0,99.28716666666666,2779.0,99.422375,2365.0,98.71375,98.10416666666667,0.0,0.4855833333333333,0.4370416666666667,98.159875,98.41983333333333,96.195875,2.0341666666666667,22.124375,6.346041666666667,34.04416666666666,23.266666666666666,-93.85291666666667,-9.539166666666667,6.408333333333334,8.44125,8.22375,9.542083333333332,5.357083333333333,20.370833333333334,490.125,1089.0833333333333,44.43291666666667,31.685000000000002,41.27125,17.291666666666668,24.291666666666668,3.91625,-115.14166666666667,7.3999999999999995,20.5614,2.0078,22.5694,100.0,0.0
2026-08-16,R5-004,R5-004_L1800_S1,R5,L1800,25.0,1650.0,99.20795833333334,4803.0,99.45204166666667,4086.0,98.66416666666667,97.89458333333333,0.0,0.4964166666666667,0.44675,98.37804166666666,98.70579166666666,96.52912500000001,2.032083333333333,22.038124999999997,6.1785,33.76833333333334,24.016666666666666,-100.28500000000001,-10.461666666666668,9.45125,8.746666666666666,8.803749999999999,7.460833333333333,5.2595833333333335,20.233333333333334,348.5,774.3333333333334,44.512499999999996,25.894166666666667,42.28416666666667,32.77916666666667,54.666666666666664,5.1258333333333335,-114.88625,7.55,21.8736,2.7334,24.6068,100.0,0.0
2026-08-16,R5-004,R5-004_L1800_S2,R5,L1800,28.0,1650.0,99.20395833333333,2637.0,99.461125,2243.0,98.669375,98.03708333333333,0.0,0.4995,0.4495833333333333,98.30624999999999,98.59029166666666,96.30495833333333,2.0070833333333336,19.419083333333333,7.525791666666667,51.06333333333333,23.820833333333336,-98.71125,-11.032916666666667,7.880416666666666,8.587916666666667,7.9750000000000005,7.305833333333333,5.107083333333333,20.595833333333335,325.5,723.4166666666666,45.6225,27.591250000000002,42.37,16.275,25.208333333333332,3.7908333333333335,-115.35083333333334,7.395833333333333,12.7102,1.2693,13.9795,100.0,0.0
2026-08-16,R5-004,R5-004_L1800_S3,R5,L1800,30.0,1650.0,99.26095833333333,3025.0,99.44545833333332,2573.0,98.71054166666666,97.93166666666667,0.0,0.4855,0.4369166666666667,98.31541666666668,98.60837500000001,96.50212499999999,1.9508333333333334,21.02658333333333,7.143583333333333,55.425000000000004,24.183333333333334,-101.64583333333333,-9.400833333333333,4.670833333333333,8.267083333333334,7.857916666666667,7.724166666666666,4.999583333333333,21.141666666666666,522.8333333333334,1161.9166666666667,46.392500000000005,35.485416666666666,44.31791666666666,34.925000000000004,62.708333333333336,9.840833333333334,-115.12458333333332,6.991666666666667,21.2412,2.63,23.8711,100.0,0.0
2026-08-16,R5-004,R5-004_L2100_S1,R5,L2100,26.0,300.0,99.24666666666667,3107.0,99.47470833333334,2640.0,98.72554166666667,97.96291666666667,0.0,0.500375,0.45045833333333335,98.38891666666666,98.64558333333333,96.41429166666667,1.99,15.645625,7.189041666666667,44.81625,24.9375,-95.36333333333333,-9.067083333333334,9.2525,8.725833333333332,7.8691666666666675,9.068333333333333,5.2975,20.587500000000002,536.75,1192.75,45.68875,31.192916666666665,41.81041666666667,27.28333333333333,46.083333333333336,4.801666666666667,-115.00541666666668,7.091666666666666,33.6883,5.2403,38.9281,100.0,0.0
2026-08-16,R5-004,R5-004_L2100_S2,R5,L2100,29.0,300.0,99.28720833333334,3478.0,99.46816666666666,2954.0,98.75925000000001,97.93958333333335,0.0,0.49974999999999997,0.44979166666666665,98.37049999999999,98.67454166666666,96.411,2.0595833333333333,17.486208333333334,4.879541666666666,28.435000000000002,23.724999999999998,-101.87833333333333,-10.064166666666667,7.9725,8.597083333333332,8.237916666666667,10.535833333333334,4.998333333333333,19.162499999999998,543.7083333333334,1208.2916666666667,45.903333333333336,28.13,44.372083333333336,23.90833333333333,36.75,6.68625,-115.72083333333335,7.2625,30.578,4.8595,35.4375,100.0,0.0
2026-08-16,R5-004,R5-004_L2100_S3,R5,L2100,31.0,300.0,99.26687500000001,3856.0,99.45666666666666,3279.0,98.72733333333333,98.15499999999999,0.0,0.5173333333333333,0.4655833333333333,98.35666666666667,98.65570833333334,96.30104166666666,1.9966666666666668,26.266875,7.415583333333333,77.68083333333333,23.34166666666667,-96.37291666666665,-8.39,7.4575,8.545416666666666,8.317916666666667,9.095,4.979166666666667,21.616666666666664,332.5416666666667,738.9166666666666,45.684583333333336,30.8325,41.65541666666667,24.891666666666666,33.708333333333336,4.4870833333333335,-115.13625,7.479166666666667,35.8586,5.1682,41.0268,100.0,0.0
2026-08-16,R5-004,R5-004_L800_S1,R5,L800,27.0,6200.0,99.25708333333334,3756.0,99.45625,3194.0,98.71750000000002,98.02541666666667,0.0,0.5190833333333333,0.46725,98.38604166666666,98.69629166666668,96.28295833333334,2.00625,23.899291666666667,5.116875,51.21041666666667,23.804166666666664,-99.79666666666667,-10.354583333333332,6.19875,8.419166666666667,7.6554166666666665,9.905,5.281666666666667,20.325,589.25,1309.5,45.931666666666665,32.75333333333333,42.39833333333333,30.95,44.708333333333336,7.307083333333334,-115.27041666666666,7.095833333333334,43.507,6.7775,50.2843,100.0,0.0
2026-08-16,R5-004,R5-004_L800_S3,R5,L800,32.0,6200.0,99.246375,3003.0,99.436875,2549.0,98.68779166666667,98.07291666666667,0.0,0.498125,0.44837499999999997,98.27908333333333,98.589,96.11104166666667,2.027083333333333,21.219708333333333,5.3645,60.760416666666664,23.383333333333336,-95.90458333333333,-11.42125,7.2195833333333335,8.522083333333333,8.656666666666666,8.260833333333332,4.909583333333333,21.75,400.5,889.9166666666666,45.517500000000005,30.360416666666666,40.79083333333333,25.670833333333334,39.208333333333336,6.854166666666667,-115.33666666666666,6.954166666666667,19.2887,2.3607,21.6491,100.0,0.0
2026-08-16,R5-005,R5-005_L1800_S1,R5,L1800,33.0,1650.0,97.68487499999999,2902.0,99.45908333333334,2467.0,97.15658333333333,88.65208333333334,0.0,1.5020416666666667,1.3519166666666667,98.31291666666668,98.607375,96.22508333333333,1.9475,24.498041666666666,2.083791666666667,71.1975,22.875,-90.88458333333334,-9.147499999999999,8.71625,8.671249999999999,7.810416666666666,6.273333333333333,5.22375,21.787499999999998,349.7916666666667,777.125,46.559583333333336,35.04083333333333,43.1,24.479166666666668,37.375,4.29375,-100.08958333333334,39.833333333333336,19.4812,2.1722,21.6533,100.0,0.0
2026-08-16,R5-005,R5-005_L1800_S2,R5,L1800,36.0,1650.0,99.22920833333335,4241.0,99.41116666666666,3604.0,98.645,98.04583333333333,0.0,0.49675,0.44708333333333333,98.27825,98.60766666666666,96.267875,1.9970833333333333,15.518500000000001,6.597874999999999,36.27458333333333,23.72083333333333,-96.63833333333334,-11.162083333333333,8.590833333333334,8.658333333333333,8.464583333333334,7.74625,5.359999999999999,20.770833333333332,556.2916666666666,1236.1666666666667,44.504999999999995,25.715,41.215833333333336,27.620833333333334,36.291666666666664,6.5025,-114.87833333333333,7.141666666666667,18.2295,2.7891,21.019000000000002,100.0,0.0
2026-08-16,R5-005,R5-005_L1800_S3,R5,L1800,38.0,1650.0,99.2735,3611.0,99.428,3070.0,98.70566666666667,98.12875000000001,0.0,0.50075,0.450625,98.19416666666666,98.52358333333332,96.17604166666666,2.0383333333333336,17.176958333333335,4.5932916666666666,28.250416666666666,24.45,-95.27916666666665,-11.059166666666668,5.679583333333333,8.366666666666667,8.555416666666668,10.081666666666667,5.062916666666667,19.570833333333333,447.0416666666667,993.4583333333334,45.51499999999999,33.056666666666665,43.35458333333333,32.704166666666666,48.708333333333336,7.4725,-114.77375,7.2625,23.0513,2.9722,26.0234,100.0,0.0
2026-08-16,R5-005,R5-005_L2100_S1,R5,L2100,34.0,300.0,99.226625,5506.0,99.45866666666666,4681.0,98.68954166666667,97.8525,0.0,0.4935833333333333,0.44425000000000003,98.28608333333334,98.63533333333334,96.30483333333332,2.120833333333333,25.00708333333333,4.075333333333334,57.940416666666664,24.558333333333334,-96.25583333333333,-10.400416666666667,7.140833333333333,8.514166666666666,8.136666666666667,8.5725,5.144583333333333,21.7625,580.2916666666666,1289.5833333333333,45.89416666666667,30.812083333333334,41.177083333333336,33.44583333333333,49.791666666666664,7.44625,-115.79291666666667,6.729166666666667,31.6929,3.1963,34.8891,100.0,0.0
2026-08-16,R5-005,R5-005_L2100_S2,R5,L2100,37.0,300.0,99.32291666666667,1995.0,99.47816666666667,1696.0,98.80483333333332,98.01791666666666,0.0,0.4996666666666667,0.44979166666666665,98.26291666666667,98.51466666666666,96.31866666666667,2.084166666666667,19.234750000000002,3.6685416666666666,35.932916666666664,23.916666666666668,-93.77749999999999,-10.059166666666666,8.676666666666668,8.667916666666667,7.9433333333333325,6.9975,5.527083333333334,21.979166666666668,368.9166666666667,819.7083333333334,46.159166666666664,31.25583333333333,41.62166666666666,19.279166666666665,33.375,3.497083333333333,-115.56708333333334,6.4125000000000005,21.2443,2.6148,23.8591,100.0,0.0
2026-08-16,R5-005,R5-005_L2100_S3,R5,L2100,39.0,300.0,99.23683333333334,1257.0,99.48091666666666,1067.0,98.72179166666666,97.98208333333334,0.0,0.497875,0.4479583333333333,98.36120833333332,98.67041666666667,96.4875,2.01375,21.27241666666667,3.778708333333333,35.08083333333334,24.129166666666666,-98.25,-9.921666666666667,9.150416666666667,8.715,8.346666666666666,8.274166666666666,5.042083333333333,21.154166666666665,416.4583333333333,925.3333333333334,45.899166666666666,28.577916666666667,40.69375,11.695833333333333,19.208333333333332,3.2016666666666667,-115.01666666666667,7.4624999999999995,12.6388,1.6479000000000001,14.2864,100.0,0.0
2026-08-16,R5-005,R5-005_L800_S1,R5,L800,35.0,6200.0,99.26183333333334,1185.0,99.46925,1007.0,98.73508333333332,98.07625,0.0,0.5005416666666667,0.4505416666666667,98.364875,98.64854166666667,96.09458333333333,1.9970833333333333,18.364583333333332,4.051,53.21666666666667,23.52916666666667,-96.05916666666667,-9.626666666666667,6.1125,8.410833333333334,8.467083333333333,8.48,5.28,21.504166666666666,507.375,1127.5,46.49208333333333,31.625833333333333,42.74416666666667,12.9,18.541666666666668,2.11125,-115.27999999999999,7.0125,15.6289,1.9051,17.5339,100.0,0.0
2026-08-16,R5-005,R5-005_L800_S3,R5,L800,40.0,6200.0,99.26429166666667,2212.0,99.46204166666666,1882.0,98.73025,97.84625,0.0,0.503,0.45287499999999997,98.39416666666666,98.69308333333333,96.27166666666666,2.0033333333333334,17.895708333333335,5.3918333333333335,50.05875,23.829166666666666,-94.03416666666668,-8.252916666666666,6.9695833333333335,8.496666666666668,8.147499999999999,10.447916666666666,5.642916666666667,20.354166666666668,414.6666666666667,921.6666666666666,44.937083333333334,29.7775,40.71458333333333,14.816666666666668,23.25,4.360416666666667,-115.36874999999999,6.441666666666666,17.9653,2.5045,20.4702,100.0,0.0
2026-08-16,R5-006,R5-006_L1800_S1,R5,L1800,41.0,1650.0,99.19970833333333,2690.0,99.36745833333333,2286.0,98.57241666666665,97.93374999999999,0.0,0.5170416666666667,0.465125,98.25029166666667,98.58670833333333,96.21033333333334,2.0716666666666668,24.241249999999997,4.659375,68.45708333333333,23.333333333333332,-101.36458333333333,-9.805416666666668,7.062916666666666,8.5075,8.568333333333333,7.440416666666667,5.463333333333334,21.270833333333332,319.4166666666667,709.7916666666666,46.03875,26.951666666666668,41.23875,25.179166666666664,35.0,5.805833333333333,-115.42,7.083333333333333,19.9755,2.9615,22.9369,100.0,0.0
2026-08-16,R5-006,R5-006_L1800_S2,R5,L1800,44.0,1650.0,99.24758333333334,3210.0,99.47812499999999,2726.0,98.72970833333333,97.84666666666668,0.0,0.47500000000000003,0.4274166666666667,98.23254166666668,98.566375,96.096,1.9749999999999999,24.370708333333337,7.230458333333334,68.09,23.9375,-96.69708333333334,-8.949166666666667,5.934583333333333,8.394166666666667,8.603333333333333,10.662916666666666,5.5879166666666675,21.349999999999998,403.0416666666667,895.625,45.32125,33.277499999999996,41.86666666666667,30.729166666666668,49.875,7.355833333333333,-115.29124999999999,6.479166666666667,34.3576,4.7087,39.0662,100.0,0.0
2026-08-16,R5-006,R5-006_L1800_S3,R5,L1800,46.0,1650.0,99.27841666666667,4736.0,99.135875,4027.0,98.42062500000002,97.88499999999999,15.0,0.5710416666666667,0.5139583333333334,98.18116666666667,98.40591666666667,96.27825,2.1729166666666666,6.813416666666666,4.8656250000000005,16.400000000000002,24.09166666666667,-95.72708333333333,-10.616249999999999,7.697916666666667,8.569583333333334,8.379583333333334,10.56375,5.077916666666667,20.570833333333333,525.1666666666666,1166.7083333333333,76.17541666666666,51.767500000000005,75.09208333333333,71.39166666666667,126.5,19.693749999999998,-115.13416666666666,7.354166666666667,108.119,6.9566,115.0757,100.0,0.0
2026-08-16,R5-006,R5-006_L2100_S1,R5,L2100,42.0,300.0,99.23129166666666,5540.0,99.430625,4707.0,98.66633333333334,97.93208333333332,0.0,0.48912500000000003,0.4402083333333333,98.25274999999999,98.54129166666667,96.19366666666667,2.0375,22.887874999999998,6.813041666666667,65.035,24.679166666666664,-96.26208333333334,-11.1925,8.543333333333333,8.653333333333334,8.315,9.88875,4.987916666666667,22.370833333333334,375.2916666666667,833.75,45.21,31.094166666666666,43.35833333333333,33.395833333333336,53.833333333333336,5.915833333333333,-115.12374999999999,7.166666666666667,44.6657,6.2045,50.87,100.0,0.0
2026-08-16,R5-006,R5-006_L2100_S2,R5,L2100,45.0,300.0,99.22233333333332,3427.0,99.49704166666668,2914.0,98.72354166666666,97.98708333333333,0.0,0.5169166666666667,0.46508333333333335,98.26579166666666,98.55275,96.04604166666667,1.9845833333333334,16.703333333333333,5.855875,40.6775,24.0625,-96.5075,-9.75625,8.538333333333332,8.653333333333334,8.071666666666667,8.125,5.16625,20.779166666666665,457.9166666666667,1017.4583333333334,45.17875,31.036666666666665,42.95375000000001,28.28333333333333,45.833333333333336,6.695833333333334,-115.05958333333332,7.266666666666667,33.5978,4.9338,38.5317,100.0,0.0
2026-08-16,R5-006,R5-006_L2100_S3,R5,L2100,47.0,300.0,99.25154166666665,1736.0,99.43745833333332,1473.0,98.693375,97.95708333333333,0.0,0.47270833333333334,0.425375,98.17824999999999,98.479125,96.18983333333334,1.8095833333333333,19.28441666666667,4.5365,34.79708333333333,23.78333333333333,-93.45375,-10.7125,10.003333333333332,8.800833333333333,8.518333333333333,10.148333333333333,5.414166666666667,21.958333333333332,391.0416666666667,869.0,45.06,33.64125,44.252916666666664,14.166666666666666,20.5,4.1875,-115.34125,6.720833333333334,20.087699999999998,2.6671,22.7547,100.0,0.0
2026-08-16,R5-006,R5-006_L800_S1,R5,L800,43.0,6200.0,99.24729166666667,2363.0,99.43487499999999,2007.0,98.68666666666667,97.99000000000001,0.0,0.502375,0.45212499999999994,98.39629166666667,98.63466666666666,96.32779166666667,2.0079166666666666,18.890416666666667,6.052416666666667,29.302083333333332,23.958333333333332,-94.71416666666666,-8.34625,8.002083333333333,8.60125,8.385833333333332,10.27375,5.5625,22.5,417.4166666666667,927.3333333333334,45.44333333333333,27.22,44.086666666666666,20.595833333333335,32.375,3.5362500000000003,-115.17833333333334,6.745833333333334,29.0153,3.7242,32.7395,100.0,0.0
2026-08-16,R5-006,R5-006_L800_S3,R5,L800,48.0,6200.0,99.258625,2301.0,99.41737499999999,1955.0,98.68037500000001,98.0,0.0,0.5204583333333334,0.46845833333333337,98.29158333333334,98.585125,96.17166666666667,2.0258333333333334,21.066791666666667,5.695416666666667,47.201249999999995,24.037499999999998,-98.4175,-12.031666666666666,5.661666666666666,8.365,8.086666666666668,7.4750000000000005,5.2725,21.075,368.375,818.5833333333334,45.39541666666667,29.534583333333334,43.79791666666667,26.0,40.166666666666664,7.336666666666666,-115.37541666666668,6.5625,21.0016,3.1862,24.1874,100.0,0.0
2026-08-16,R5-007,R5-007_L1800_S1,R5,L1800,49.0,1650.0,99.25029166666667,1485.0,99.4535,1261.0,98.70804166666666,98.03625,0.0,0.4835833333333333,0.4350833333333333,98.31054166666667,98.56295833333333,96.15483333333333,2.0679166666666666,19.67125,6.540125,44.69625,23.445833333333336,-97.3725,-10.420416666666666,7.445,8.544166666666667,8.154166666666667,9.795833333333333,5.565416666666667,21.166666666666668,567.5,1261.0833333333333,45.349583333333335,27.184166666666666,44.18208333333333,15.987499999999999,26.0,3.9783333333333335,-115.01208333333334,7.041666666666667,14.392199999999999,1.3074000000000001,15.699200000000001,100.0,0.0
2026-08-16,R5-007,R5-007_L1800_S2,R5,L1800,52.0,1650.0,99.25595833333334,915.0,99.44254166666667,776.0,98.70275,97.97500000000001,0.0,0.5018333333333334,0.45175000000000004,98.19520833333333,98.51529166666667,96.14999999999999,2.0395833333333333,26.713250000000002,5.422875,62.54208333333333,24.516666666666666,-95.65875,-11.695833333333333,6.304583333333333,8.43,8.4325,10.286666666666667,4.831666666666667,21.041666666666668,411.625,914.6666666666666,45.68083333333333,28.892916666666668,40.074999999999996,9.933333333333334,15.541666666666666,1.6979166666666667,-115.295,7.1625000000000005,8.5001,0.8094,9.3097,100.0,0.0
2026-08-16,R5-007,R5-007_L1800_S3,R5,L1800,54.0,1650.0,99.25316666666667,2239.0,99.44283333333334,1908.0,98.70004166666666,98.13541666666667,0.0,0.47054166666666664,0.4234583333333333,98.32404166666667,98.64254166666666,96.108,2.0945833333333335,19.24654166666667,4.5475,44.81125,23.575,-102.10625,-11.257916666666667,8.649583333333334,8.665000000000001,8.570416666666667,7.173749999999999,5.382916666666667,20.058333333333334,424.2083333333333,942.75,46.26791666666667,31.998333333333335,43.48666666666667,24.47083333333333,40.0,6.7129166666666675,-114.94083333333333,7.841666666666666,20.4366,2.6486,23.0851,100.0,0.0
2026-08-16,R5-007,R5-007_L2100_S1,R5,L2100,50.0,300.0,99.21925,4132.0,99.44870833333334,3512.0,98.672375,97.99708333333332,0.0,0.522375,0.4701666666666667,98.31445833333333,98.608625,96.28366666666666,1.9216666666666666,18.043416666666666,5.468708333333333,34.24875,23.474999999999998,-93.03958333333333,-8.077916666666667,9.960833333333333,8.796249999999999,8.422500000000001,10.29625,5.3425,22.1125,563.1666666666666,1251.5,44.854166666666664,33.864583333333336,42.151666666666664,32.7875,52.458333333333336,7.534583333333334,-115.5025,6.55,40.4303,3.2380999999999998,43.6683,100.0,0.0
2026-08-16,R5-007,R5-007_L2100_S2,R5,L2100,53.0,300.0,94.40525000000001,1098.0,95.53816666666667,931.0,90.19441666666667,92.19375000000001,0.0,0.4974166666666667,0.4475,98.28466666666667,98.53129166666668,96.2965,2.0470833333333336,13.0225,7.4178749999999996,25.426666666666666,23.383333333333336,-94.22874999999999,-9.43875,6.741666666666667,8.474166666666667,8.46375,10.230416666666667,5.339583333333334,20.125,536.0,1191.3333333333333,44.727916666666665,32.27333333333333,66.81625,10.5,17.416666666666668,2.75625,-115.09041666666667,7.154166666666666,7.0363,0.6354,7.672,100.0,0.0
2026-08-16,R5-007,R5-007_L2100_S3,R5,L2100,55.0,300.0,99.24945833333334,1954.0,99.477375,1664.0,98.73091666666666,98.06541666666668,0.0,0.4984583333333333,0.44849999999999995,98.32004166666667,98.61287499999999,96.05495833333333,1.8079166666666666,25.330458333333336,7.506125,47.27375,24.3875,-97.65166666666666,-9.9225,7.63,8.564166666666667,8.294583333333334,9.692916666666667,5.2370833333333335,19.966666666666665,345.625,768.2916666666666,45.62375,36.27375,41.41375,14.225,24.583333333333332,3.1520833333333336,-115.61791666666666,6.691666666666666,8.5345,0.9333,9.4677,100.0,0.0
2026-08-16,R5-007,R5-007_L800_S1,R5,L800,51.0,6200.0,99.26704166666667,1196.0,99.465875,1018.0,98.73704166666666,97.96916666666668,0.0,0.510125,0.459125,98.31445833333333,98.65974999999999,96.23741666666666,1.88875,16.230625,3.2300416666666667,26.94541666666667,23.6125,-97.64583333333333,-11.513333333333334,6.6187499999999995,8.46125,8.343333333333334,9.960416666666667,5.2941666666666665,21.879166666666666,412.75,917.0416666666666,45.467083333333335,33.803333333333335,43.97875,10.958333333333334,18.041666666666668,2.6441666666666666,-115.47791666666666,7.7375,15.4088,1.2659,16.6746,100.0,0.0
2026-08-16,R5-007,R5-007_L800_S3,R5,L800,56.0,6200.0,99.24445833333334,1133.0,99.45183333333334,965.0,98.70041666666667,97.87083333333334,0.0,0.5162083333333333,0.46445833333333336,98.233,98.475625,96.48708333333333,1.9945833333333332,14.456000000000001,6.617291666666667,22.451666666666668,23.758333333333336,-96.26208333333334,-10.279583333333333,6.5633333333333335,8.455416666666666,8.542916666666667,8.023333333333333,5.290416666666666,22.620833333333334,564.2916666666666,1254.125,46.46083333333333,35.11333333333334,44.294999999999995,11.808333333333332,16.916666666666668,2.0483333333333333,-115.39833333333333,6.970833333333334,8.5,1.0428,9.5425,100.0,0.0
2026-08-16,R5-008,R5-008_L1800_S1,R5,L1800,57.0,1650.0,99.29440909090908,1521.0,99.41622727272728,1292.0,98.71477272727272,97.96916666666668,0.0,0.488375,0.439625,98.35395833333332,98.72983333333333,96.22945833333334,1.9741666666666668,14.272166666666665,5.681958333333333,32.39125,24.6875,-102.20083333333334,-9.906666666666666,6.422916666666667,8.440833333333332,8.219166666666666,8.30875,4.94,21.083333333333332,325.4583333333333,723.4583333333334,41.602916666666665,27.147916666666664,41.900416666666665,15.808333333333332,24.5,4.2179166666666665,-115.23541666666667,7.375,22.8354,1.9327,24.7679,92.096,113.9
2026-08-16,R5-008,R5-008_L1800_S2,R5,L1800,60.0,1650.0,99.26929166666667,2764.0,99.47308333333332,2349.0,98.74633333333333,97.99083333333334,0.0,0.4830833333333333,0.43487499999999996,98.29825,98.606875,96.53070833333334,2.0524999999999998,17.616833333333336,6.502958333333333,44.82083333333333,23.941666666666666,-96.58916666666666,-12.431666666666667,7.415416666666666,8.5425,8.457083333333333,8.354166666666666,5.23125,20.283333333333335,334.375,742.9583333333334,45.465,33.249583333333334,42.83166666666667,17.3625,29.958333333333332,3.41,-115.24958333333335,6.3125,10.7874,1.6486,12.436,100.0,0.0
2026-08-16,R5-008,R5-008_L1800_S3,R5,L1800,62.0,1650.0,99.23270833333333,2496.0,99.46591666666666,2119.0,98.70279166666667,98.12958333333334,0.0,0.49220833333333336,0.443,98.301875,98.62625000000001,96.37129166666666,2.0504166666666666,23.378874999999997,5.1514999999999995,52.663333333333334,23.708333333333332,-101.74916666666667,-10.016250000000001,7.076250000000001,8.5075,8.053333333333333,8.76375,5.222916666666666,20.400000000000002,401.9583333333333,893.2916666666666,43.83583333333333,29.977083333333336,41.50125,20.058333333333334,32.291666666666664,4.014583333333333,-115.33125,6.8500000000000005,14.2754,1.854,16.1295,100.0,0.0
2026-08-16,R5-008,R5-008_L2100_S1,R5,L2100,58.0,300.0,99.23887500000001,4333.0,99.38141666666667,3683.0,98.62504166666668,98.02208333333334,0.0,0.5025000000000001,0.45225,98.26233333333333,98.56175,96.31758333333333,1.9345833333333333,21.582541666666668,6.007041666666667,49.248333333333335,24.504166666666666,-93.40875,-11.56,7.045000000000001,8.504583333333334,8.348333333333334,9.806666666666667,5.43,20.404166666666665,383.4166666666667,851.9166666666666,43.43083333333333,28.629166666666666,43.409166666666664,30.170833333333334,53.25,6.353333333333334,-115.28125,6.929166666666667,43.809200000000004,5.6671,49.4765,100.0,0.0
2026-08-16,R5-008,R5-008_L2100_S2,R5,L2100,61.0,300.0,99.26520833333332,1739.0,99.46225,1476.0,98.73158333333333,98.12208333333332,0.0,0.5146666666666667,0.46337500000000004,98.31758333333333,98.665125,96.2405,1.9291666666666665,20.85875,7.518208333333333,37.53958333333333,24.325,-93.79375,-9.842916666666666,4.94625,8.294166666666667,8.334999999999999,9.910833333333334,4.9025,20.8875,552.9583333333334,1228.5833333333333,44.52916666666667,34.32666666666667,41.58625,13.0,22.083333333333332,3.1654166666666668,-115.59791666666666,6.425,9.4691,0.9992,10.4689,100.0,0.0
2026-08-16,R5-008,R5-008_L2100_S3,R5,L2100,63.0,300.0,99.22270833333333,2817.0,99.44166666666666,2392.0,98.66895833333332,97.9825,0.0,0.5310833333333334,0.4779166666666667,98.289125,98.63916666666667,96.446375,2.026666666666667,23.641833333333334,5.724374999999999,44.4675,23.729166666666668,-97.67083333333333,-9.642083333333334,8.474583333333333,8.647499999999999,8.189166666666667,7.87625,5.5249999999999995,21.2,340.7916666666667,757.4166666666666,46.893750000000004,32.09041666666666,43.502916666666664,17.3875,28.75,3.342916666666667,-115.66125,6.75,13.3852,1.21,14.5951,100.0,0.0
2026-08-16,R5-008,R5-008_L800_S1,R5,L800,59.0,6200.0,99.24912499999999,5004.0,99.46320833333334,4251.0,98.71662500000001,98.01875,0.0,0.5024583333333333,0.45212499999999994,98.318625,98.70208333333333,96.37295833333333,2.0504166666666666,20.19183333333333,6.7288749999999995,31.030416666666667,24.366666666666664,-97.83208333333333,-9.915833333333333,7.154166666666666,8.516250000000001,8.143749999999999,7.460833333333333,4.960416666666666,21.929166666666664,491.125,1091.375,47.404583333333335,37.765,43.317499999999995,34.80833333333333,56.708333333333336,10.049166666666666,-115.36958333333332,7.379166666666666,47.9349,6.3916,54.3264,100.0,0.0
2026-08-16,R5-008,R5-008_L800_S3,R5,L800,64.0,6200.0,99.24529166666667,4491.0,99.43525,3817.0,98.68487499999999,98.02166666666666,0.0,0.4805833333333333,0.43262500000000004,98.21625,98.532375,96.24537500000001,1.8399999999999999,17.446541666666665,6.571375,29.803749999999997,24.541666666666668,-97.20833333333333,-9.501666666666667,9.395833333333334,8.739583333333334,8.3275,7.529166666666666,5.420416666666667,21.145833333333332,392.625,872.4166666666666,44.73833333333334,33.677083333333336,41.94875,31.15833333333333,47.208333333333336,7.861666666666667,-115.31291666666668,6.6125,44.5234,5.2607,49.7844,100.0,0.0
2026-08-16,R5-009,R5-009_L1800_S1,R5,L1800,65.0,1650.0,99.24004166666667,4036.0,99.45879166666667,3430.0,98.70283333333333,97.99791666666665,0.0,0.5160416666666666,0.464375,98.34154166666667,98.63758333333334,96.2315,1.9354166666666668,24.23845833333333,6.706625,49.66958333333333,23.895833333333332,-98.81916666666666,-11.112499999999999,10.347083333333334,8.834583333333333,7.846666666666667,9.140416666666667,5.345416666666666,21.337500000000002,526.0,1168.9166666666667,46.229166666666664,33.76916666666667,43.72333333333333,26.02916666666667,36.708333333333336,4.397916666666666,-115.29791666666667,6.741666666666667,28.8004,2.6176,31.4178,100.0,0.0
2026-08-16,R5-009,R5-009_L1800_S2,R5,L1800,68.0,1650.0,99.27625,2951.0,99.42916666666667,2509.0,98.70970833333332,97.9475,0.0,0.5064166666666666,0.4557083333333333,98.32620833333334,98.68958333333335,96.41541666666667,2.025,20.378041666666665,4.110916666666667,39.92958333333333,23.8625,-93.18916666666667,-10.33375,5.554166666666667,8.355,7.934583333333333,7.4375,5.33875,20.020833333333332,432.625,961.2916666666666,46.12083333333334,27.918333333333333,41.78416666666667,30.3,53.875,8.995,-114.84041666666667,6.895833333333333,28.2836,4.3274,32.6108,100.0,0.0
2026-08-16,R5-009,R5-009_L1800_S3,R5,L1800,70.0,1650.0,99.22958333333334,2169.0,99.42429166666666,1841.0,98.65841666666667,97.91416666666667,0.0,0.4869583333333333,0.4382083333333333,98.37725,98.69670833333333,96.45058333333333,2.17,19.2375,4.585083333333333,40.1825,23.820833333333336,-92.85416666666667,-11.061666666666667,7.722083333333333,8.5725,8.43125,10.17,5.571666666666666,21.349999999999998,388.2083333333333,862.375,46.22208333333333,26.730833333333333,41.42041666666667,19.1875,32.041666666666664,3.2587500000000005,-115.5675,6.883333333333333,23.0036,3.5627,26.5662,100.0,0.0
2026-08-16,R5-009,R5-009_L2100_S1,R5,L2100,66.0,300.0,99.25733333333334,1101.0,99.45049999999999,935.0,98.71204166666666,98.03541666666666,0.0,0.5009583333333333,0.45087499999999997,98.20404166666667,98.46591666666666,96.12179166666665,2.055,12.686,5.389500000000001,37.68208333333333,23.691666666666666,-95.805,-10.024166666666668,5.542916666666667,8.354166666666666,8.26625,8.468333333333334,5.420000000000001,21.141666666666666,406.4583333333333,903.2083333333334,44.607499999999995,29.765416666666667,41.67541666666667,12.049999999999999,16.791666666666668,2.1025,-115.26833333333333,6.745833333333334,11.6184,1.7187000000000001,13.3373,100.0,0.0
2026-08-16,R5-009,R5-009_L2100_S2,R5,L2100,69.0,300.0,99.21175,2137.0,99.42275000000001,1817.0,98.63929166666667,97.97250000000001,0.0,0.48770833333333335,0.4389166666666667,98.21808333333333,98.56683333333332,96.34100000000001,1.9095833333333332,19.36975,4.554875,51.413333333333334,24.21666666666667,-95.17291666666667,-9.812916666666666,6.30875,8.431666666666667,8.35375,8.385833333333332,5.0249999999999995,20.933333333333334,555.1666666666666,1233.875,46.54416666666666,33.46208333333333,43.34833333333333,15.791666666666666,25.875,2.5329166666666665,-115.3125,7.570833333333333,14.8948,1.5535999999999999,16.4482,100.0,0.0
2026-08-16,R5-009,R5-009_L2100_S3,R5,L2100,71.0,300.0,99.25566666666667,1377.0,99.4405,1172.0,98.70029166666666,98.04875,0.0,1.1497083333333333,1.0348333333333333,93.20462500000001,93.48754166666667,91.15070833333334,11.336666666666666,19.073375000000002,6.753583333333334,46.46333333333333,23.837500000000002,-96.11208333333333,-11.254166666666668,5.3812500000000005,8.3375,7.968333333333334,7.6675,5.538333333333334,20.866666666666667,466.375,1036.5,45.69541666666667,26.77125,45.254999999999995,11.85,21.333333333333332,2.120833333333333,-115.31083333333333,8.083333333333334,7.6234,1.1725,8.7958,100.0,0.0
2026-08-16,R5-009,R5-009_L800_S1,R5,L800,67.0,6200.0,99.32475,3427.0,99.48704166666666,2909.0,98.81529166666667,97.86666666666667,0.0,0.4859166666666666,0.43724999999999997,98.31025,98.51354166666665,96.37233333333334,1.865,23.280833333333334,3.800333333333333,68.31291666666667,24.516666666666666,-92.76958333333333,-10.02,5.8741666666666665,8.387083333333333,8.21125,7.614999999999999,5.074583333333333,20.470833333333335,349.0,775.625,45.9275,32.90875,41.950833333333335,23.270833333333332,35.875,6.079999999999999,-114.88,7.208333333333333,33.8106,5.0408,38.8513,100.0,0.0
2026-08-16,R5-009,R5-009_L800_S3,R5,L800,72.0,6200.0,99.26145833333334,1729.0,99.45229166666667,1470.0,98.71779166666666,97.92833333333334,0.0,0.5037916666666666,0.45345833333333335,98.36145833333335,98.61212499999999,96.229,2.0820833333333333,14.185666666666668,3.9632916666666667,29.645833333333332,24.733333333333334,-100.40750000000001,-9.387916666666667,7.559166666666666,8.555,7.995416666666666,9.96625,5.088333333333334,21.116666666666667,428.0416666666667,951.4166666666666,44.66833333333333,26.140833333333333,44.370000000000005,20.416666666666668,34.625,3.1316666666666664,-115.59083333333332,6.679166666666667,26.5032,2.8961,29.4001,100.0,0.0
2026-08-16,R5-010,R5-010_L1800_S1,R5,L1800,73.0,1650.0,99.25166666666667,2345.0,99.44975,1995.0,98.70570833333333,98.09625,0.0,0.48433333333333334,0.43575,98.16983333333333,98.45820833333333,96.151,2.015,20.060958333333335,5.301416666666666,53.53958333333333,24.329166666666666,-91.78458333333333,-9.658333333333333,7.919999999999999,8.592916666666666,8.352916666666667,8.795,5.133333333333334,21.0625,567.1666666666666,1260.375,44.88125,25.741666666666664,42.545833333333334,14.875,24.291666666666668,2.8475,-115.37708333333335,7.0874999999999995,11.3329,1.1863,12.5192,100.0,0.0
2026-08-16,R5-010,R5-010_L1800_S2,R5,L1800,76.0,1650.0,99.22316666666666,1409.0,99.40095833333334,1197.0,98.62870833333334,98.01666666666667,0.0,0.4967083333333333,0.44695833333333335,98.23870833333332,98.52570833333334,96.24829166666666,1.93,25.823208333333337,6.882916666666667,69.11166666666666,23.479166666666668,-95.02625,-12.105416666666665,6.6691666666666665,8.467083333333333,8.130416666666667,10.345,5.243333333333333,21.675,400.125,889.375,46.712916666666665,26.35291666666667,43.61208333333334,10.783333333333333,14.666666666666666,2.0858333333333334,-115.32791666666667,7.670833333333333,9.8835,1.5798,11.4634,100.0,0.0
2026-08-16,R5-010,R5-010_L1800_S3,R5,L1800,78.0,1650.0,99.195,1588.0,99.42708333333333,1352.0,98.62670833333334,97.99166666666667,0.0,0.4967083333333333,0.447,98.30441666666667,98.62508333333334,96.30358333333334,1.9437499999999999,13.446625,4.061791666666667,37.139583333333334,24.087500000000002,-97.98833333333333,-9.504166666666666,8.380833333333333,8.637916666666667,8.043333333333333,9.8925,5.18625,20.879166666666666,543.5416666666666,1208.2083333333333,45.77458333333333,25.9875,41.63583333333333,16.141666666666666,21.208333333333332,4.7725,-115.43333333333334,6.754166666666666,24.0753,2.7266,26.8018,100.0,0.0
2026-08-16,R5-010,R5-010_L2100_S1,R5,L2100,74.0,300.0,99.18916666666667,2159.0,99.43554166666667,1837.0,98.62933333333332,97.87041666666666,0.0,0.519,0.467125,98.29795833333333,98.61254166666667,96.21816666666666,2.089166666666667,20.28875,4.162416666666666,58.935,23.991666666666664,-97.7975,-12.05375,6.56,8.455,8.383333333333333,8.502083333333333,5.320833333333334,21.066666666666666,360.6666666666667,801.4583333333334,47.17791666666667,32.979166666666664,43.392500000000005,14.8125,22.708333333333332,2.7404166666666665,-114.95791666666666,7.533333333333334,13.95,1.7261,15.6759,100.0,0.0
2026-08-16,R5-010,R5-010_L2100_S2,R5,L2100,77.0,300.0,99.28629166666667,2996.0,99.463625,2549.0,98.75395833333333,97.95166666666667,0.0,0.5132916666666667,0.4620416666666667,98.277,98.60833333333333,96.23345833333333,1.9625000000000001,26.637291666666666,7.298666666666667,67.7725,24.412499999999998,-97.50833333333333,-10.16375,7.795000000000001,8.578333333333333,7.9487499999999995,8.357083333333334,5.6475,20.129166666666666,575.125,1278.1666666666667,44.58583333333333,27.845416666666665,41.57833333333333,32.925000000000004,56.125,6.13375,-115.03541666666666,7.3125,26.0054,2.8729,28.8786,100.0,0.0
2026-08-16,R5-010,R5-010_L2100_S3,R5,L2100,79.0,300.0,99.22733333333333,1979.0,99.46804166666668,1683.0,98.69958333333334,98.01916666666666,0.0,0.50225,0.4519583333333333,98.21854166666667,98.42016666666666,96.34854166666666,2.0574999999999997,22.400041666666667,4.714916666666666,50.99541666666667,23.0,-103.37541666666668,-11.433750000000002,7.595416666666666,8.559166666666668,8.05125,9.917083333333332,5.402916666666667,21.712500000000002,604.125,1342.6666666666667,47.53041666666667,27.270833333333332,41.50958333333333,14.783333333333333,20.125,4.019166666666666,-115.055,7.045833333333333,17.7055,2.5907,20.2962,100.0,0.0
2026-08-16,R5-010,R5-010_L800_S1,R5,L800,75.0,6200.0,99.19741666666665,4517.0,99.45375,3841.0,98.655625,97.97500000000001,0.0,0.48162499999999997,0.43341666666666673,98.22833333333334,98.57804166666666,96.05829166666666,1.9625000000000001,26.347624999999997,7.357458333333334,52.25833333333333,24.97083333333333,-95.33875,-10.129166666666666,8.238333333333333,8.62375,8.44,7.197500000000001,4.965833333333333,20.441666666666666,583.0416666666666,1295.7083333333333,46.54750000000001,32.614583333333336,41.947916666666664,27.458333333333332,49.166666666666664,6.834583333333334,-115.3075,7.0375000000000005,39.6249,4.1436,43.7682,100.0,0.0
2026-08-16,R5-010,R5-010_L800_S3,R5,L800,80.0,6200.0,99.25483333333334,1749.0,99.40558333333333,1489.0,98.66491666666667,97.9375,0.0,0.5022083333333334,0.4519166666666667,98.36541666666666,98.64091666666667,96.33737500000001,1.9087500000000002,25.372708333333335,4.82825,69.94791666666667,24.120833333333334,-97.81625000000001,-11.193333333333333,7.107083333333333,8.51,8.43,7.03125,5.668333333333333,20.724999999999998,573.75,1275.125,46.07708333333333,30.427916666666665,42.44583333333333,12.237499999999999,16.25,2.1041666666666665,-115.27375,6.5,17.8566,2.2825,20.1392,100.0,0.0
2026-08-17,R5-001,R5-001_L1800_S1,R5,L1800,1.0,1650.0,99.26245833333333,3479.0,99.45687500000001,2955.0,98.72375,98.10374999999999,0.0,0.506,0.45541666666666664,98.31633333333333,98.61570833333333,96.152625,2.0883333333333334,17.339291666666668,4.662208333333333,38.87,24.462500000000002,-99.87791666666668,-10.900416666666667,8.296666666666667,8.63,8.149583333333334,6.646249999999999,4.77125,20.808333333333334,430.875,957.5,45.92458333333334,35.50208333333333,41.58708333333333,30.541666666666668,44.375,5.005416666666666,-115.10833333333333,7.425,34.9297,3.8457,38.7751,100.0,0.0
2026-08-17,R5-001,R5-001_L1800_S2,R5,L1800,4.0,1650.0,99.24341666666668,3166.0,99.43916666666667,2693.0,98.68704166666667,97.94583333333333,0.0,0.5162083333333333,0.464625,98.28325,98.58670833333333,96.255875,1.9775,17.481375,5.283458333333333,31.294583333333335,23.7,-95.82,-9.280833333333334,7.09125,8.508750000000001,8.28875,8.090833333333334,5.1762500000000005,22.066666666666666,458.5416666666667,1019.0416666666666,45.80166666666667,35.87,41.57375,22.599999999999998,38.416666666666664,5.574583333333333,-115.02749999999999,6.4875,28.5557,4.3624,32.9187,100.0,0.0
2026-08-17,R5-001,R5-001_L1800_S3,R5,L1800,6.0,1650.0,99.22075000000001,2109.0,99.45279166666667,1791.0,98.678,98.11083333333333,0.0,0.46704166666666663,0.42041666666666666,98.284875,98.58454166666667,96.123875,2.1133333333333333,17.068291666666667,6.293708333333334,47.64458333333334,23.97083333333333,-103.54375,-11.571666666666667,8.250833333333334,8.626666666666667,8.35125,9.6875,5.122916666666667,20.154166666666665,462.875,1028.5833333333333,46.63333333333333,31.567916666666665,42.525,24.40833333333333,41.625,5.4316666666666675,-115.34708333333333,7.104166666666667,20.5681,2.3566000000000003,22.9243,100.0,0.0
2026-08-17,R5-001,R5-001_L2100_S1,R5,L2100,2.0,300.0,99.23229166666665,1856.0,99.43441666666666,1578.0,98.671125,98.17375,0.0,1.1517916666666668,1.0366250000000001,98.34129166666666,98.632,96.36629166666667,1.9649999999999999,23.171375,5.870916666666666,51.645,25.804166666666664,-87.94666666666666,-15.305416666666666,1.01,6.100833333333333,8.43375,8.85125,5.620833333333334,37.84166666666667,3170.0,6340.041666666667,47.90166666666667,33.514583333333334,43.571666666666665,18.599999999999998,30.875,3.1870833333333333,-115.56,26.175,22.1596,3.2917,25.4518,100.0,0.0
2026-08-17,R5-001,R5-001_L2100_S2,R5,L2100,5.0,300.0,99.23191666666666,2639.0,99.44691666666667,2244.0,98.68295833333333,98.12791666666668,0.0,0.5213333333333333,0.4691666666666667,98.42525,98.65750000000001,96.44383333333333,2.012916666666667,23.631666666666664,5.571958333333334,46.830000000000005,24.566666666666666,-95.53208333333333,-9.497083333333334,9.117083333333333,8.71125,7.430416666666666,7.607083333333333,5.53625,20.733333333333334,549.4166666666666,1220.9166666666667,46.69875,30.42958333333333,42.92666666666667,25.037499999999998,41.75,3.953333333333333,-115.39916666666666,7.141666666666667,21.3379,3.4094,24.7471,100.0,0.0
2026-08-17,R5-001,R5-001_L2100_S3,R5,L2100,7.0,300.0,99.21591666666666,2740.0,99.43216666666666,2329.0,98.65270833333334,98.14791666666667,0.0,0.5000416666666666,0.45,98.24041666666666,98.571375,96.14633333333335,1.8120833333333335,21.171125,6.906375,40.52916666666667,24.770833333333332,-95.41708333333334,-10.4725,8.049999999999999,8.604166666666666,7.702916666666667,6.870833333333334,5.110833333333333,22.34583333333333,605.2916666666666,1345.0,45.89124999999999,29.5975,41.71625,28.229166666666668,47.708333333333336,6.357499999999999,-115.25125000000001,6.8374999999999995,41.2447,6.2755,47.5202,100.0,0.0
2026-08-17,R5-001,R5-001_L800_S1,R5,L800,3.0,6200.0,99.22595833333332,5284.0,99.45570833333333,4488.0,98.68583333333333,97.95291666666667,0.0,0.48974999999999996,0.4407083333333333,98.277375,98.55312500000001,96.14591666666666,1.9225,25.536208333333335,3.593,58.72625,24.837500000000002,-95.28791666666666,-10.19375,8.087916666666667,8.609166666666667,8.210833333333333,8.671666666666667,5.189583333333333,20.5,428.0833333333333,951.4583333333334,44.26833333333334,24.83791666666667,42.65625,32.487500000000004,50.583333333333336,6.930833333333333,-115.44833333333334,6.741666666666667,36.1882,5.6337,41.8216,100.0,0.0
2026-08-17,R5-001,R5-001_L800_S3,R5,L800,8.0,6200.0,99.2195,4230.0,99.47716666666668,3595.0,98.700875,98.00791666666667,0.0,0.5004583333333333,0.45049999999999996,98.27016666666667,98.58341666666666,96.42562500000001,1.9974999999999998,23.135625,7.140875,51.184583333333336,23.495833333333334,-97.3125,-10.858333333333334,6.82,8.482083333333334,8.514166666666666,8.36875,5.3425,21.229166666666668,386.2916666666667,858.7083333333334,46.66083333333333,26.11208333333333,43.227916666666665,31.545833333333334,55.125,8.435833333333333,-115.09875,6.9624999999999995,45.041,5.0146,50.0555,100.0,0.0
2026-08-17,R5-002,R5-002_L1800_S1,R5,L1800,9.0,1650.0,99.24529166666667,4380.0,99.42633333333333,3724.0,98.67616666666667,98.02166666666666,0.0,0.49774999999999997,0.44808333333333333,98.22833333333334,98.50716666666666,96.31695833333333,1.8341666666666667,8.44025,5.0477083333333335,17.871666666666666,24.133333333333336,-98.95625,-10.13125,10.21625,8.821666666666667,8.365,9.86125,5.34625,21.245833333333334,511.3333333333333,1136.4166666666667,70.215,45.372083333333336,43.494166666666665,60.550000000000004,89.625,14.831666666666665,-115.64916666666666,7.354166666666667,50.6235,3.4891,54.1126,100.0,0.0
2026-08-17,R5-002,R5-002_L1800_S2,R5,L1800,12.0,1650.0,99.26254166666666,1820.0,99.41691666666667,1545.0,98.68404166666666,98.01625,0.0,0.517125,0.4655416666666667,98.31816666666667,98.64208333333333,96.07070833333334,2.0233333333333334,18.222291666666667,4.525083333333334,49.31,24.495833333333334,-96.08208333333334,-8.473333333333333,8.235833333333334,8.622916666666667,8.275416666666667,9.720833333333333,5.057083333333334,21.329166666666666,492.9166666666667,1095.375,44.64541666666667,26.297916666666666,42.01708333333333,20.954166666666666,28.333333333333332,5.9433333333333325,-115.21041666666667,6.4875,13.9733,1.7055,15.6785,100.0,0.0
2026-08-17,R5-002,R5-002_L1800_S3,R5,L1800,14.0,1650.0,99.23241666666667,4246.0,99.41408333333334,3611.0,98.65125,97.95875000000001,0.0,0.5127083333333333,0.4614583333333333,98.25375000000001,98.50975,96.234875,1.9366666666666665,22.121750000000002,3.6663333333333337,38.21208333333333,23.683333333333334,-95.75875,-9.838333333333333,8.532083333333334,8.653333333333334,7.9725,9.579166666666667,5.227916666666666,21.633333333333336,592.7083333333334,1316.875,45.168749999999996,33.26833333333334,42.28916666666667,27.133333333333336,44.166666666666664,6.489583333333333,-115.11708333333333,6.891666666666667,23.1569,2.7717,25.9284,100.0,0.0
2026-08-17,R5-002,R5-002_L2100_S1,R5,L2100,10.0,300.0,99.23170833333334,3806.0,99.46166666666666,3235.0,98.69775,98.06416666666667,0.0,0.47383333333333333,0.42645833333333333,98.40795833333334,98.68433333333333,96.29904166666667,2.0100000000000002,13.124666666666668,3.4663333333333335,22.10625,24.191666666666666,-97.02083333333333,-10.012916666666667,9.759583333333333,8.775833333333333,7.8933333333333335,8.41375,5.336666666666667,20.516666666666666,360.6666666666667,801.625,44.62041666666667,29.262916666666666,40.655833333333334,23.46666666666667,39.166666666666664,4.0025,-115.16708333333332,7.0,27.6881,3.4561,31.1448,100.0,0.0
2026-08-17,R5-002,R5-002_L2100_S2,R5,L2100,13.0,300.0,99.19558333333333,4637.0,99.46683333333334,3941.0,98.66679166666667,97.96375,0.0,0.4912916666666667,0.4422083333333333,98.345625,98.65083333333332,96.40525000000001,1.8950000000000002,20.727875,3.8465000000000003,58.82083333333333,24.691666666666666,-98.44458333333334,-9.797083333333333,8.3825,8.63875,8.442916666666667,10.353333333333333,5.14375,21.558333333333334,338.25,751.875,45.73916666666667,28.65041666666667,43.3825,29.287499999999998,42.416666666666664,8.694583333333332,-114.87333333333333,7.0874999999999995,26.9001,3.4071,30.3073,100.0,0.0
2026-08-17,R5-002,R5-002_L2100_S3,R5,L2100,15.0,300.0,99.23416666666667,1987.0,99.44175,1683.0,98.68037500000001,97.87708333333335,0.0,0.5020833333333333,0.4519583333333333,98.28433333333334,98.54575,96.173625,1.9633333333333332,13.201708333333334,6.803375,20.841666666666665,23.84583333333333,-102.13166666666666,-9.489583333333334,6.3875,8.437916666666666,8.135833333333332,8.297083333333333,5.237916666666667,20.8125,392.9583333333333,873.125,45.090833333333336,27.955,43.53333333333333,22.816666666666666,37.875,6.082083333333333,-115.09958333333333,5.679166666666666,32.46,5.0238,37.4841,100.0,0.0
2026-08-17,R5-002,R5-002_L800_S1,R5,L800,11.0,6200.0,99.21145833333333,1270.0,99.428875,1079.0,98.64504166666666,98.0575,0.0,0.5194583333333334,0.4674583333333333,98.30445833333333,98.54254166666668,96.16304166666667,2.1225,24.4195,6.250624999999999,65.05666666666667,23.895833333333332,-93.98541666666667,-8.881666666666666,6.8066666666666675,8.480416666666667,8.58375,9.275,5.19125,21.979166666666668,626.8333333333334,1393.2916666666667,45.279583333333335,31.212083333333336,44.15875,14.85,22.083333333333332,2.3766666666666665,-115.4175,7.833333333333333,19.3301,2.5383,21.8685,100.0,0.0
2026-08-17,R5-002,R5-002_L800_S3,R5,L800,16.0,6200.0,99.23904166666667,5210.0,99.45920833333334,4431.0,98.70245833333333,98.01375,0.0,0.49420833333333336,0.44475,98.28825,98.63062500000001,96.11545833333334,1.9204166666666669,25.4255,7.315416666666667,65.57208333333334,24.72083333333333,-96.66875,-11.705416666666666,7.8525,8.585833333333333,8.450000000000001,7.69625,5.319166666666667,20.55,303.6666666666667,674.5,46.604166666666664,25.844583333333333,42.181666666666665,34.61666666666667,53.083333333333336,5.9925,-115.01458333333333,7.108333333333333,51.036,4.9732,56.0088,100.0,0.0
2026-08-17,R5-003,R5-003_L1800_S1,R5,L1800,17.0,1650.0,99.27637499999999,3332.0,99.42575,2833.0,98.706125,98.02875,0.0,0.5107083333333333,0.459625,98.31620833333334,98.54470833333333,96.294875,1.9325,21.83729166666667,5.4675,64.96708333333333,23.2,-98.08875,-8.902083333333334,6.9325,8.494166666666667,8.30625,9.906666666666666,5.20125,20.662499999999998,471.1666666666667,1046.875,46.81166666666667,36.71541666666666,41.52875,28.245833333333334,41.375,6.760416666666667,-115.36583333333333,7.520833333333333,32.8679,2.8905,35.7581,100.0,0.0
2026-08-17,R5-003,R5-003_L1800_S2,R5,L1800,20.0,1650.0,96.63475,4800.0,99.48704166666666,4080.0,96.13945833333334,98.15375,0.0,1.7353333333333332,1.56175,98.30691666666667,98.59287499999999,96.37133333333333,2.0991666666666666,4.36625,4.332416666666666,12.7525,24.304166666666664,-115.23666666666666,-9.845416666666667,1.64125,5.664583333333333,8.421666666666667,10.9275,35.70708333333334,44.9375,360.8333333333333,801.875,44.07083333333333,31.376666666666665,43.135416666666664,31.066666666666666,53.458333333333336,6.196666666666666,-115.34416666666668,6.7625,27.7007,2.4048,30.1051,100.0,0.0
2026-08-17,R5-003,R5-003_L1800_S3,R5,L1800,22.0,1650.0,99.22908333333334,3022.0,99.48066666666666,2574.0,98.71383333333334,97.9525,0.0,0.522,0.46974999999999995,98.181875,98.53858333333334,96.15724999999999,2.091666666666667,13.918875,3.5228333333333333,23.495,23.7375,-93.51708333333333,-10.847499999999998,8.182083333333333,8.61875,8.099166666666667,6.8741666666666665,5.1499999999999995,21.191666666666666,619.2083333333334,1376.0,45.47541666666667,27.834166666666665,42.91791666666666,18.858333333333334,24.958333333333332,4.310833333333333,-115.36166666666666,6.795833333333333,21.3498,3.2209,24.5706,100.0,0.0
2026-08-17,R5-003,R5-003_L2100_S1,R5,L2100,18.0,300.0,99.24025,1376.0,99.44770833333332,1169.0,98.69229166666666,98.05708333333332,0.0,0.4996666666666667,0.4495416666666667,98.32304166666667,98.69387499999999,96.65795833333334,2.1054166666666667,22.398083333333332,3.497,57.331250000000004,23.40833333333333,-97.97000000000001,-11.34625,8.440833333333332,8.645,8.306666666666667,7.793333333333333,5.067916666666666,20.966666666666665,507.7083333333333,1128.125,46.748333333333335,32.1025,43.72625,12.616666666666667,19.958333333333332,2.0745833333333334,-115.68124999999999,7.283333333333334,10.317,0.874,11.1913,100.0,0.0
2026-08-17,R5-003,R5-003_L2100_S2,R5,L2100,21.0,300.0,99.22825,3134.0,99.43579166666666,2661.0,98.668625,97.84958333333333,0.0,0.4605416666666667,0.414375,98.247,98.58295833333334,96.09091666666666,2.02625,11.599708333333334,3.686083333333333,18.350833333333334,24.045833333333334,-97.36833333333334,-10.425,7.592083333333334,8.559166666666666,8.65875,8.369583333333333,5.539166666666667,20.724999999999998,482.875,1073.125,45.319583333333334,35.93416666666666,42.80916666666667,22.570833333333336,38.75,3.5816666666666666,-115.00125000000001,7.5,14.1715,2.259,16.4305,100.0,0.0
2026-08-17,R5-003,R5-003_L2100_S3,R5,L2100,23.0,300.0,99.292125,3101.0,99.43216666666666,2638.0,98.72841666666666,98.06291666666668,0.0,0.478875,0.43091666666666667,98.215625,98.47570833333333,96.51420833333333,1.9445833333333333,22.255041666666667,5.670875,60.40125,23.9875,-98.50041666666668,-10.420416666666666,10.338333333333333,8.83375,7.944166666666667,9.535833333333334,4.906666666666667,21.2,325.8333333333333,723.75,44.78583333333333,26.438333333333333,41.369166666666665,27.59583333333333,39.416666666666664,8.206666666666667,-115.21666666666665,7.008333333333333,27.4304,3.9098,31.3398,100.0,0.0
2026-08-17,R5-003,R5-003_L800_S1,R5,L800,19.0,6200.0,99.28116666666666,4085.0,99.41845833333333,3472.0,98.70400000000001,98.02875,0.0,0.502,0.4518333333333333,98.32675,98.64079166666666,96.459875,1.9770833333333335,13.10675,5.619666666666667,34.23041666666666,25.09166666666667,-92.29333333333334,-9.656666666666666,8.4825,8.647083333333333,8.080416666666666,10.430833333333334,5.46375,21.650000000000002,327.5,727.9166666666666,45.65125,36.165416666666665,45.30666666666667,27.941666666666666,47.166666666666664,4.447916666666667,-115.28041666666667,7.266666666666667,36.0192,5.3003,41.3196,100.0,0.0
2026-08-17,R5-003,R5-003_L800_S3,R5,L800,24.0,6200.0,99.21554166666668,3090.0,99.46204166666666,2627.0,98.68175000000001,97.92208333333333,0.0,0.4972916666666667,0.4477083333333333,98.27662500000001,98.57866666666666,96.21662500000001,2.07125,21.89533333333333,6.380958333333333,33.691250000000004,24.083333333333332,-93.5575,-9.614166666666668,5.990416666666667,8.399583333333334,7.71875,8.955833333333333,5.484166666666667,22.108333333333334,496.2916666666667,1102.9583333333333,46.49875,33.157916666666665,42.74916666666667,18.791666666666668,26.458333333333332,4.252916666666667,-115.16541666666666,6.9624999999999995,22.6319,2.2102,24.8417,100.0,0.0
2026-08-17,R5-004,R5-004_L1800_S1,R5,L1800,25.0,1650.0,99.241875,4758.0,99.44858333333333,4046.0,98.69470833333334,97.8725,0.0,0.5093333333333333,0.458375,98.28058333333333,98.64879166666667,96.43841666666667,2.18,22.057291666666668,6.1325416666666674,33.79708333333333,24.1125,-100.20208333333333,-10.280416666666666,9.220833333333333,8.720833333333333,8.475416666666666,7.18375,4.99625,20.712500000000002,326.25,725.0416666666666,45.447916666666664,26.437083333333334,43.66083333333333,32.645833333333336,54.458333333333336,5.1025,-115.33208333333333,7.5874999999999995,21.7109,2.7129,24.423099999999998,100.0,0.0
2026-08-17,R5-004,R5-004_L1800_S2,R5,L1800,28.0,1650.0,99.19820833333334,2779.0,99.45400000000001,2366.0,98.65675,97.88166666666666,0.0,0.497875,0.44804166666666667,98.34133333333334,98.59866666666666,96.49470833333334,2.12375,19.679291666666668,7.495166666666667,51.747083333333336,24.03333333333333,-98.85083333333334,-10.912083333333333,7.625416666666666,8.563333333333334,8.177916666666667,7.491666666666667,5.202083333333333,21.6125,327.9583333333333,728.7916666666666,47.68666666666667,28.839583333333334,41.79541666666667,16.795833333333334,26.125,3.9166666666666665,-115.08958333333334,7.166666666666667,13.2735,1.3257,14.5991,100.0,0.0
2026-08-17,R5-004,R5-004_L1800_S3,R5,L1800,30.0,1650.0,99.23812500000001,2914.0,99.41783333333332,2481.0,98.6605,98.03541666666666,0.0,0.48337500000000005,0.4350416666666667,98.38920833333333,98.64825,96.52137499999999,1.9754166666666666,21.051125,7.316083333333334,55.490833333333335,24.72083333333333,-101.84291666666667,-9.268749999999999,4.65625,8.26625,7.645833333333333,7.514166666666667,5.382083333333333,20.55,520.5,1156.5833333333333,45.82333333333333,35.049166666666665,42.51708333333333,34.02916666666666,61.041666666666664,9.583333333333334,-115.21749999999999,7.1125,20.5703,2.5467,23.1172,100.0,0.0
2026-08-17,R5-004,R5-004_L2100_S1,R5,L2100,26.0,300.0,99.19962500000001,3242.0,99.456125,2757.0,98.66020833333333,98.0125,0.0,0.4987916666666667,0.44895833333333335,98.35320833333333,98.61791666666666,96.32308333333333,1.9079166666666667,15.351708333333333,7.114541666666667,43.97625,23.879166666666666,-95.54708333333333,-8.88125,9.252916666666666,8.725416666666666,8.484166666666667,9.774166666666668,5.187083333333333,21.670833333333334,526.0833333333334,1169.0833333333333,46.03041666666667,31.4275,42.343333333333334,28.204166666666666,47.541666666666664,4.962916666666667,-115.21166666666666,6.891666666666667,35.0158,5.4466,40.4626,100.0,0.0
2026-08-17,R5-004,R5-004_L2100_S2,R5,L2100,29.0,300.0,99.25349999999999,3476.0,99.4135,2955.0,98.6715,98.13166666666666,0.0,0.478375,0.43050000000000005,98.23754166666667,98.56383333333333,96.41337499999999,1.9708333333333332,17.337416666666666,4.957083333333333,28.19333333333333,24.620833333333334,-101.9325,-9.960416666666667,8.341666666666667,8.634583333333333,8.322916666666666,10.644166666666667,5.10125,21.1125,541.125,1202.625,45.16916666666666,27.680000000000003,41.458333333333336,24.020833333333332,36.875,6.716666666666666,-114.85833333333333,6.8374999999999995,30.6295,4.8675,35.4968,100.0,0.0
2026-08-17,R5-004,R5-004_L2100_S3,R5,L2100,31.0,300.0,99.21870833333332,3892.0,99.44670833333333,3304.0,98.669875,98.02083333333333,0.0,0.5017083333333333,0.45145833333333335,98.28591666666667,98.59379166666668,96.31933333333335,1.9000000000000001,25.825833333333332,7.143041666666666,76.37666666666667,24.8,-96.33375000000001,-8.23,7.2629166666666665,8.527083333333334,8.25125,9.02375,5.448333333333333,20.3125,325.2083333333333,723.0,46.37166666666667,31.297083333333333,42.106249999999996,25.233333333333334,34.25,4.55,-115.30333333333334,7.108333333333333,36.2399,5.2232,41.4628,100.0,0.0
2026-08-17,R5-004,R5-004_L800_S1,R5,L800,27.0,6200.0,99.22158333333334,4026.0,99.443375,3420.0,98.669375,98.12333333333333,0.0,0.520875,0.46875,98.31641666666667,98.62229166666667,96.34158333333333,2.027083333333333,23.124,4.7571666666666665,49.54750000000001,23.458333333333332,-99.68583333333333,-10.40625,5.547083333333333,8.355,8.37,10.829166666666666,5.408333333333334,21.508333333333336,577.625,1283.625,47.7425,34.0425,44.31458333333333,32.475,46.916666666666664,7.667083333333333,-115.19541666666667,6.791666666666667,46.201299999999996,7.1973,53.3985,100.0,0.0
2026-08-17,R5-004,R5-004_L800_S3,R5,L800,32.0,6200.0,99.28500000000001,3134.0,99.394,2665.0,98.68345833333335,98.10083333333334,0.0,0.48704166666666665,0.4382916666666667,98.284875,98.604625,96.36308333333334,1.9962499999999999,20.361208333333334,5.508375,58.30375,25.441666666666666,-95.80375,-11.381666666666668,7.076250000000001,8.506666666666666,8.325416666666667,7.945,5.459166666666667,21.070833333333333,397.375,883.0,46.79583333333333,31.21291666666667,45.14041666666666,26.308333333333334,40.208333333333336,7.02375,-115.11375,6.641666666666667,19.9694,2.4439,22.4135,100.0,0.0
2026-08-17,R5-005,R5-005_L1800_S1,R5,L1800,33.0,1650.0,97.678375,2913.0,99.447875,2477.0,97.13904166666667,88.5075,0.0,1.4485000000000001,1.3037083333333335,98.32441666666666,98.57537500000001,96.36904166666666,2.06375,23.819458333333333,2.0761249999999998,69.22708333333334,24.041666666666668,-91.61500000000001,-9.085833333333333,8.81,8.680416666666668,8.15875,6.553333333333334,5.385416666666667,20.716666666666665,359.2916666666667,798.75,45.922083333333326,34.56166666666667,43.13625,24.795833333333334,37.75,4.351249999999999,-99.65291666666667,39.887499999999996,19.6366,2.1895,21.8258,100.0,0.0
2026-08-17,R5-005,R5-005_L1800_S2,R5,L1800,36.0,1650.0,99.23616666666668,4433.0,99.43287500000001,3768.0,98.6735,97.87041666666666,0.0,0.541875,0.4876666666666667,98.21604166666667,98.4975,96.090875,1.8845833333333333,15.523125,6.604166666666667,36.285000000000004,25.787499999999998,-96.1325,-11.2725,8.47625,8.647499999999999,8.342083333333333,7.632916666666667,5.177083333333333,21.091666666666665,564.1666666666666,1254.0,44.87916666666666,25.930000000000003,44.99666666666667,28.295833333333334,37.25,6.661666666666666,-115.47125,6.675,18.8886,2.8897,21.778399999999998,100.0,0.0
2026-08-17,R5-005,R5-005_L1800_S3,R5,L1800,38.0,1650.0,99.24554166666667,3587.0,99.45045833333334,3048.0,98.70025,97.96458333333334,0.0,0.5139583333333333,0.46249999999999997,98.19220833333333,98.488625,96.15412500000001,2.169166666666667,17.013625,4.78775,27.9825,23.90416666666667,-95.20375,-11.009583333333333,5.599166666666666,8.360416666666667,8.3175,9.801666666666668,5.1762500000000005,21.858333333333334,443.25,984.7916666666666,45.590833333333336,33.111666666666665,43.27708333333334,32.53333333333333,48.416666666666664,7.432083333333334,-115.14041666666667,7.016666666666667,22.8929,2.9518,25.8446,100.0,0.0
2026-08-17,R5-005,R5-005_L2100_S1,R5,L2100,34.0,300.0,99.309375,5434.0,99.44883333333333,4616.0,98.76212500000001,97.99583333333334,0.0,0.4932916666666667,0.4439583333333333,98.38029166666666,98.69045833333332,96.29058333333334,1.9033333333333333,24.96275,3.9731666666666663,57.83833333333334,24.020833333333332,-96.48875,-10.755,6.715,8.472083333333334,8.327916666666667,8.774166666666666,5.644166666666667,20.841666666666665,560.0416666666666,1244.5,44.97666666666667,30.19666666666667,43.2775,33.34166666666667,49.625,7.4245833333333335,-115.32416666666667,7.208333333333333,31.4137,3.168,34.5813,100.0,0.0
2026-08-17,R5-005,R5-005_L2100_S2,R5,L2100,37.0,300.0,99.29991666666666,2018.0,99.4495,1720.0,98.75325,98.05666666666667,0.0,0.5046666666666667,0.4542083333333333,98.36220833333334,98.749375,96.40995833333334,1.9620833333333334,19.439,3.859625,36.3125,23.71666666666667,-94.15416666666665,-10.110833333333334,8.605416666666667,8.659583333333332,7.746666666666666,6.824583333333333,5.207916666666667,21.504166666666666,366.125,813.4583333333334,44.583333333333336,30.18875,42.235,19.5,33.791666666666664,3.5366666666666666,-115.30291666666666,7.3625,21.4994,2.6463,24.1455,100.0,0.0
2026-08-17,R5-005,R5-005_L2100_S3,R5,L2100,39.0,300.0,99.22479166666666,1268.0,99.463625,1078.0,98.692625,98.04375,0.0,0.5032916666666667,0.45291666666666663,98.26266666666668,98.63495833333333,96.15499999999999,1.9404166666666667,20.419916666666666,3.842375,33.67541666666667,24.4375,-98.10208333333333,-9.942916666666667,9.279583333333333,8.72875,8.11125,8.040416666666667,4.977916666666666,20.425,413.8333333333333,919.875,44.317499999999995,27.59375,42.687916666666666,11.762500000000001,19.458333333333332,3.219583333333333,-115.42375,7.1375,12.7423,1.6612,14.403500000000001,100.0,0.0
2026-08-17,R5-005,R5-005_L800_S1,R5,L800,35.0,6200.0,99.231,1170.0,99.44854166666666,994.0,98.68370833333334,98.02208333333334,0.0,0.50475,0.4542916666666667,98.26554166666666,98.62020833333334,96.26774999999999,1.8916666666666666,17.907833333333333,4.357708333333334,51.89208333333334,23.22083333333333,-96.3675,-9.84375,6.25375,8.424999999999999,7.75375,7.764166666666667,5.515,20.6375,509.875,1133.125,45.15375,30.71541666666667,43.35541666666666,12.854166666666666,18.208333333333332,2.1025,-115.09250000000002,6.991666666666667,15.4764,1.8866,17.3629,100.0,0.0
2026-08-17,R5-005,R5-005_L800_S3,R5,L800,40.0,6200.0,99.23287499999999,2258.0,99.43516666666666,1918.0,98.67241666666666,98.04,0.0,0.5183333333333333,0.46645833333333336,98.38441666666667,98.66754166666668,96.31033333333333,1.9520833333333334,17.71925,5.204541666666667,49.564166666666665,23.9875,-93.835,-8.312083333333334,6.897916666666667,8.49,8.0825,10.364583333333334,5.314583333333333,20.849999999999998,423.2916666666667,940.3333333333334,46.32666666666666,30.697083333333335,40.42166666666667,15.0625,23.541666666666668,4.4312499999999995,-115.39208333333333,6.904166666666668,18.3034,2.5518,20.8552,100.0,0.0
2026-08-17,R5-006,R5-006_L1800_S1,R5,L1800,41.0,1650.0,99.19483333333334,2614.0,99.47216666666667,2222.0,98.67154166666667,98.01708333333333,0.0,0.49574999999999997,0.44608333333333333,98.36104166666667,98.64466666666665,96.41912500000001,1.87625,24.328166666666664,4.399583333333333,68.7025,23.925,-101.47541666666666,-9.991666666666667,6.977916666666666,8.496666666666666,8.651666666666667,7.513333333333333,5.35125,21.40833333333333,328.5,730.0416666666666,45.685,26.745833333333334,41.9325,24.625,34.25,5.677916666666667,-115.2325,7.4125000000000005,19.467,2.8859,22.3527,100.0,0.0
2026-08-17,R5-006,R5-006_L1800_S2,R5,L1800,44.0,1650.0,99.272875,3249.0,99.449,2761.0,98.72595833333332,97.96458333333334,0.0,0.4875,0.4386666666666667,98.32970833333333,98.61095833333333,96.40891666666666,1.9816666666666667,24.292208333333335,7.144375,67.86958333333334,23.895833333333332,-97.24416666666667,-8.887916666666667,5.790833333333333,8.378333333333332,8.324166666666667,10.31875,5.1674999999999995,21.34166666666667,397.375,883.0,46.8375,34.39208333333333,41.28458333333334,30.875,50.041666666666664,7.39125,-115.02749999999999,6.675,34.6569,4.7496,39.4067,100.0,0.0
2026-08-17,R5-006,R5-006_L1800_S3,R5,L1800,46.0,1650.0,99.27674999999999,4649.0,99.24141666666667,3954.0,98.52370833333333,97.98041666666667,29.0,0.5677916666666667,0.5110833333333333,98.21466666666667,98.60404166666666,96.130375,2.0508333333333333,7.00575,4.875166666666667,16.862916666666667,24.183333333333334,-96.25416666666666,-10.744166666666667,7.953749999999999,8.595416666666667,8.412083333333333,10.606666666666667,4.911666666666666,20.925,523.1666666666666,1162.625,75.52833333333334,51.32749999999999,74.66166666666668,69.85833333333333,123.95833333333333,19.273333333333333,-115.23583333333333,7.408333333333334,105.9635,6.8179,112.7815,100.0,0.0
2026-08-17,R5-006,R5-006_L2100_S1,R5,L2100,42.0,300.0,99.28474999999999,5752.0,99.40370833333333,4890.0,98.69291666666668,98.01625,0.0,0.535875,0.4821666666666667,98.30675000000001,98.58049999999999,96.36283333333334,2.0775,22.909125,6.840625,65.09583333333333,24.0,-96.95666666666666,-11.20375,8.358333333333333,8.635,8.07,9.597916666666666,5.28375,20.662499999999998,374.9583333333333,833.2083333333334,46.465833333333336,31.954583333333332,42.785,34.15,54.875,6.0495833333333335,-115.315,6.8625,46.0649,6.3987,52.4635,100.0,0.0
2026-08-17,R5-006,R5-006_L2100_S2,R5,L2100,45.0,300.0,99.24062500000001,3383.0,99.46387499999999,2878.0,98.70875000000001,97.94041666666668,0.0,0.49225,0.44308333333333333,98.35870833333333,98.66924999999999,96.21729166666667,2.1149999999999998,16.829583333333336,6.082791666666666,40.985,24.175,-97.23458333333333,-9.635833333333332,8.303749999999999,8.630416666666667,8.2575,8.312083333333334,5.54375,22.474999999999998,447.3333333333333,993.9166666666666,45.7925,31.45958333333333,41.5325,28.108333333333334,45.583333333333336,6.65625,-115.14875,7.075,33.2623,4.8843000000000005,38.1469,100.0,0.0
2026-08-17,R5-006,R5-006_L2100_S3,R5,L2100,47.0,300.0,99.282375,1614.0,99.45591666666667,1372.0,98.74241666666667,97.95375,0.0,0.48583333333333334,0.4370833333333333,98.36070833333333,98.66570833333333,96.29195833333334,2.029166666666667,19.96858333333333,4.599916666666666,36.030833333333334,23.09583333333333,-93.76833333333333,-10.484583333333333,10.104166666666666,8.810416666666667,8.010416666666666,9.542083333333332,5.083749999999999,20.804166666666667,383.7083333333333,852.7083333333334,43.596666666666664,32.547916666666666,42.662083333333335,13.670833333333334,19.625,4.04,-115.33,7.745833333333334,18.9941,2.5218,21.516000000000002,100.0,0.0
2026-08-17,R5-006,R5-006_L800_S1,R5,L800,43.0,6200.0,99.22804166666667,2502.0,99.44583333333333,2130.0,98.678375,98.02166666666666,0.0,0.5067916666666666,0.4559166666666667,98.32808333333332,98.63333333333333,96.39258333333333,1.945,18.31425,6.050083333333333,28.409166666666668,24.270833333333332,-94.22541666666666,-8.584999999999999,7.6475,8.563333333333334,7.9870833333333335,9.785416666666666,5.245416666666666,20.591666666666665,399.1666666666667,887.2083333333334,45.43125,27.213333333333335,43.17583333333334,21.429166666666664,33.666666666666664,3.6783333333333332,-115.08666666666666,6.154166666666666,30.4882,3.913,34.400999999999996,100.0,0.0
2026-08-17,R5-006,R5-006_L800_S3,R5,L800,48.0,6200.0,99.24062500000001,2192.0,99.44820833333334,1860.0,98.69329166666667,97.97916666666667,0.0,0.47541666666666665,0.42791666666666667,98.28554166666667,98.59908333333334,96.51283333333333,1.9204166666666669,21.959208333333333,5.970166666666667,49.201249999999995,22.670833333333334,-98.305,-12.113333333333335,6.168333333333333,8.417083333333332,8.101666666666667,7.489166666666667,4.865833333333334,20.179166666666667,382.0,848.7083333333334,44.56625,28.995,42.01333333333333,25.104166666666668,38.833333333333336,7.080416666666667,-115.19083333333333,7.2250000000000005,20.1132,3.0515,23.1646,100.0,0.0
2026-08-17,R5-007,R5-007_L1800_S1,R5,L1800,49.0,1650.0,99.30270833333333,1442.0,99.45025,1228.0,98.75716666666666,98.00999999999999,0.0,0.5108333333333334,0.4595833333333333,98.41691666666667,98.742125,96.41475000000001,2.0079166666666666,19.556416666666667,6.569541666666667,44.434583333333336,22.9375,-97.35791666666667,-10.117916666666668,7.670833333333333,8.566666666666666,7.752916666666667,9.312916666666666,5.2675,20.104166666666668,580.0416666666666,1289.1666666666667,43.84458333333333,26.2825,41.1425,15.670833333333334,25.541666666666668,3.9,-115.31541666666668,6.870833333333334,14.0408,1.2752999999999999,15.3162,100.0,0.0
2026-08-17,R5-007,R5-007_L1800_S2,R5,L1800,52.0,1650.0,99.28716666666666,950.0,99.44275,809.0,98.73408333333333,97.88458333333334,0.0,0.45979166666666665,0.4137916666666666,98.27254166666667,98.594375,96.25625000000001,1.98125,25.744416666666666,5.229,60.2725,24.320833333333336,-95.25041666666668,-12.108333333333334,6.519583333333333,8.451666666666666,8.720416666666667,10.637500000000001,5.339166666666666,20.89166666666667,415.5,923.2083333333334,46.77916666666667,29.58791666666667,41.939166666666665,10.237499999999999,15.875,1.7495833333333335,-115.44333333333333,7.433333333333334,8.8015,0.8384,9.6402,100.0,0.0
2026-08-17,R5-007,R5-007_L1800_S3,R5,L1800,54.0,1650.0,99.22766666666666,2239.0,99.47362500000001,1904.0,98.70554166666666,98.04083333333334,0.0,0.48741666666666666,0.43875,98.18570833333332,98.447,96.07783333333333,2.0691666666666664,19.268333333333334,4.325875,44.86083333333334,24.129166666666666,-101.67625,-11.115833333333333,8.377083333333333,8.638333333333334,8.189583333333333,6.854583333333333,5.04125,22.0125,413.6666666666667,919.375,45.58958333333334,31.527083333333334,42.65625,24.520833333333332,40.125,6.7275,-115.43666666666667,6.870833333333334,20.4578,2.6513,23.109,100.0,0.0
2026-08-17,R5-007,R5-007_L2100_S1,R5,L2100,50.0,300.0,99.25595833333334,4373.0,99.42758333333335,3719.0,98.68791666666668,97.89666666666666,0.0,0.511375,0.46020833333333333,98.359625,98.68795833333333,96.45762500000001,1.8541666666666667,17.704041666666665,5.662833333333334,33.605,24.383333333333336,-93.39625000000001,-8.316666666666666,9.9225,8.7925,7.934583333333333,9.700000000000001,5.2683333333333335,21.358333333333334,566.2083333333334,1258.4166666666667,47.01208333333333,35.495,43.196666666666665,34.19166666666667,54.791666666666664,7.858750000000001,-115.1325,6.4125000000000005,42.5234,3.4059,45.9292,100.0,0.0
2026-08-17,R5-007,R5-007_L2100_S2,R5,L2100,53.0,300.0,94.38345833333334,1080.0,95.50983333333333,920.0,90.14758333333333,92.21666666666665,0.0,0.45929166666666665,0.41329166666666667,98.32820833333334,98.68483333333334,96.26925,2.05625,12.892249999999999,7.543875,25.172083333333333,23.037499999999998,-94.45458333333333,-9.266666666666667,6.691666666666666,8.46875,8.33375,10.071666666666667,5.077916666666667,20.0625,535.9583333333334,1191.0,44.52291666666667,32.12583333333333,66.69375000000001,10.450000000000001,17.291666666666668,2.7420833333333334,-115.39875,7.745833333333334,6.9612,0.6287,7.5899,100.0,0.0
2026-08-17,R5-007,R5-007_L2100_S3,R5,L2100,55.0,300.0,99.26991666666667,2042.0,99.45170833333333,1738.0,98.725625,97.96791666666667,0.0,0.487875,0.43925,98.32166666666667,98.60120833333333,96.31491666666666,1.8550000000000002,25.50991666666667,7.189375000000001,47.60791666666666,24.400000000000002,-97.64666666666666,-9.917916666666667,7.834166666666667,8.5825,8.087083333333334,9.45125,5.035,21.433333333333334,330.7916666666667,735.0833333333334,46.5,36.97083333333333,43.6875,14.608333333333334,25.291666666666668,3.235416666666667,-115.29124999999999,7.8625,8.8448,0.9674,9.8119,100.0,0.0
2026-08-17,R5-007,R5-007_L800_S1,R5,L800,51.0,6200.0,99.29375,1189.0,99.44304166666666,1011.0,98.740875,98.08208333333333,0.0,0.517125,0.4655,98.263875,98.56420833333334,96.33283333333333,1.9804166666666667,15.752125,3.6160833333333335,26.150000000000002,24.020833333333332,-98.855,-11.27625,7.235416666666667,8.523333333333333,8.224583333333333,9.8175,5.452916666666667,22.008333333333336,412.75,917.1666666666666,46.015833333333326,34.20875,42.2325,10.924999999999999,18.041666666666668,2.6358333333333333,-114.86125,7.379166666666666,15.3248,1.2588,16.5836,100.0,0.0
2026-08-17,R5-007,R5-007_L800_S3,R5,L800,56.0,6200.0,99.22812499999999,1044.0,99.43900000000001,887.0,98.67154166666667,98.0775,0.0,0.5049166666666667,0.4544166666666667,98.30358333333334,98.55570833333333,96.35233333333333,2.0170833333333333,15.182041666666665,6.518416666666667,23.579583333333332,22.650000000000002,-95.77999999999999,-10.422083333333333,6.82375,8.483333333333333,7.991666666666667,7.504583333333334,5.041250000000001,21.120833333333334,564.7916666666666,1255.0833333333333,45.678333333333335,34.52166666666667,40.83541666666667,11.108333333333334,16.0,1.9279166666666665,-115.31416666666667,7.2250000000000005,7.9061,0.9698,8.8757,100.0,0.0
2026-08-17,R5-008,R5-008_L1800_S1,R5,L1800,57.0,1650.0,99.24313636363637,1619.0,99.44304545454544,1375.0,98.69072727272727,98.03791666666666,0.0,0.48337499999999994,0.4350833333333333,98.37016666666666,98.71879166666668,96.47670833333332,2.060416666666667,13.942,5.404375000000001,31.641666666666666,24.724999999999998,-102.63583333333334,-10.095833333333333,6.145416666666667,8.414583333333333,8.314583333333333,8.403333333333334,5.501666666666666,21.150000000000002,333.5,741.125,44.16291666666667,28.817083333333333,43.06458333333333,16.383333333333333,25.375,4.369166666666667,-114.94875,6.845833333333334,24.0275,2.0335,26.0609,92.85066666666667,103.0
2026-08-17,R5-008,R5-008_L1800_S2,R5,L1800,60.0,1650.0,99.22208333333333,2835.0,99.48841666666665,2407.0,98.71441666666665,98.16916666666667,0.0,0.49533333333333335,0.44579166666666664,98.28633333333333,98.58104166666668,96.33070833333333,2.0791666666666666,17.577666666666666,6.371625000000001,44.72125,23.258333333333336,-96.29291666666667,-12.525833333333333,7.698333333333333,8.569583333333332,8.441666666666666,8.338333333333333,5.075833333333334,20.870833333333334,328.2916666666667,729.6666666666666,46.65416666666667,34.11958333333333,42.61625,17.766666666666666,30.541666666666668,3.49,-115.38625,6.579166666666667,11.0522,1.6889,12.7411,100.0,0.0
2026-08-17,R5-008,R5-008_L1800_S3,R5,L1800,62.0,1650.0,99.197625,2590.0,99.44324999999999,2199.0,98.64566666666667,98.02125000000001,0.0,0.47700000000000004,0.42924999999999996,98.39916666666666,98.70437499999998,96.73104166666667,2.0304166666666665,22.317041666666668,5.294041666666667,50.27,22.75,-101.81666666666666,-9.893333333333333,7.080416666666667,8.508333333333333,8.2175,8.942916666666667,5.210416666666666,20.229166666666668,388.8333333333333,864.125,45.330000000000005,30.99875,43.83416666666667,20.466666666666665,33.041666666666664,4.093333333333333,-115.51125,6.795833333333333,14.7124,1.9108,16.6232,100.0,0.0
2026-08-17,R5-008,R5-008_L2100_S1,R5,L2100,58.0,300.0,99.23004166666668,4379.0,99.44333333333333,3720.0,98.67787500000001,98.03291666666667,0.0,0.5132916666666666,0.4619166666666667,98.262625,98.50458333333334,96.07895833333333,1.93875,21.345291666666668,6.008125,48.70541666666667,24.400000000000002,-93.49374999999999,-11.888333333333334,6.93375,8.49375,8.264166666666666,9.709583333333333,5.152916666666667,21.52916666666667,381.9166666666667,848.5,46.76458333333333,30.82541666666667,42.39625,30.724999999999998,54.208333333333336,6.4695833333333335,-115.13458333333334,6.195833333333333,44.4263,5.7471,50.1732,100.0,0.0
2026-08-17,R5-008,R5-008_L2100_S2,R5,L2100,61.0,300.0,99.28933333333333,1685.0,99.46166666666666,1433.0,98.755,98.01333333333334,0.0,0.4917916666666667,0.4427083333333333,98.1555,98.49987499999999,96.00012500000001,1.8741666666666665,21.535541666666663,7.660083333333334,38.757083333333334,24.308333333333334,-93.625,-9.671666666666667,4.812083333333333,8.281666666666666,8.387083333333333,9.970416666666667,5.588333333333334,21.308333333333334,548.7916666666666,1219.4166666666667,44.877916666666664,34.595,42.02333333333333,12.708333333333334,21.583333333333332,3.092083333333333,-115.4575,6.745833333333334,9.2074,0.9717,10.1794,100.0,0.0
2026-08-17,R5-008,R5-008_L2100_S3,R5,L2100,63.0,300.0,99.18129166666667,2824.0,99.413125,2400.0,98.59949999999999,97.94166666666666,0.0,0.4967083333333333,0.44708333333333333,98.33491666666667,98.65120833333333,96.26883333333332,1.8595833333333334,24.16825,5.893083333333333,45.45583333333334,24.820833333333336,-97.80708333333332,-9.635416666666666,8.481666666666667,8.647916666666667,7.948333333333333,7.645416666666667,5.303333333333334,22.337500000000002,346.5416666666667,770.125,45.59125,31.199166666666667,44.42875,17.354166666666668,28.666666666666668,3.3341666666666665,-115.17333333333333,6.879166666666666,13.3927,1.2107999999999999,14.6036,100.0,0.0
2026-08-17,R5-008,R5-008_L800_S1,R5,L800,59.0,6200.0,99.27416666666666,5022.0,99.45345833333333,4270.0,98.73179166666667,97.88625,0.0,0.4995416666666667,0.4495833333333334,98.15641666666666,98.47466666666666,96.01629166666667,1.9091666666666667,19.169375,6.949416666666667,29.458333333333332,24.40416666666667,-97.50416666666666,-10.078333333333333,7.0225,8.503333333333332,8.516666666666667,7.802916666666667,5.1975,20.670833333333334,498.0833333333333,1106.9583333333333,46.169999999999995,36.78125,43.498333333333335,34.949999999999996,56.958333333333336,10.090833333333334,-115.16000000000001,6.783333333333334,48.1381,6.4188,54.5569,100.0,0.0
2026-08-17,R5-008,R5-008_L800_S3,R5,L800,64.0,6200.0,99.26995833333332,4292.0,99.43566666666668,3648.0,98.70991666666667,97.97333333333334,0.0,0.49,0.44083333333333335,98.36716666666666,98.69862499999999,96.34937500000001,2.0695833333333336,17.695541666666667,6.539375,30.22791666666667,24.495833333333334,-97.74916666666667,-9.4675,9.397916666666667,8.739166666666666,8.470833333333333,7.658333333333332,5.285,20.2375,393.625,874.75,44.89041666666666,33.7925,41.599583333333335,30.333333333333332,46.0,7.652083333333334,-115.49624999999999,7.433333333333334,42.899,5.0687,47.9678,100.0,0.0
2026-08-17,R5-009,R5-009_L1800_S1,R5,L1800,65.0,1650.0,99.26279166666666,4064.0,99.41420833333332,3458.0,98.68158333333334,97.92375,0.0,0.49770833333333336,0.4479166666666667,98.30504166666667,98.60995833333334,96.16220833333334,2.0533333333333332,23.637583333333335,6.4206666666666665,48.43958333333333,24.820833333333336,-99.09208333333333,-11.13375,10.4,8.840833333333334,8.510416666666666,9.912916666666666,5.41125,20.925,527.125,1171.3333333333333,46.30625,33.824999999999996,44.1775,26.400000000000002,37.208333333333336,4.459583333333334,-115.12416666666667,7.333333333333333,29.0898,2.6438,31.7339,100.0,0.0
2026-08-17,R5-009,R5-009_L1800_S2,R5,L1800,68.0,1650.0,99.24370833333334,3076.0,99.37179166666668,2613.0,98.62033333333333,98.08458333333334,0.0,0.48,0.4319583333333334,98.21154166666668,98.57525,96.31716666666667,1.9895833333333333,20.47775,4.231625,40.124583333333334,24.670833333333334,-93.31416666666667,-10.363333333333333,5.970416666666666,8.396666666666667,8.510416666666666,7.977083333333333,5.0225,21.083333333333332,439.5416666666667,977.0416666666666,46.39291666666667,28.0825,44.17541666666667,31.270833333333332,55.625,9.28375,-115.3625,6.808333333333334,29.3429,4.4899,33.8325,100.0,0.0
2026-08-17,R5-009,R5-009_L1800_S3,R5,L1800,70.0,1650.0,99.25754166666667,2230.0,99.402625,1892.0,98.66458333333333,97.95583333333333,0.0,0.47470833333333334,0.42724999999999996,98.29095833333334,98.54991666666666,96.14666666666666,1.8895833333333334,19.864625,4.9470833333333335,41.49208333333333,25.104166666666668,-93.25166666666667,-10.864166666666668,7.757083333333333,8.575416666666667,8.717083333333333,10.515833333333333,5.0975,21.25,391.8333333333333,870.5833333333334,48.06583333333333,27.79625,40.73875,19.620833333333334,32.833333333333336,3.33375,-115.41458333333333,7.0125,23.605,3.6561,27.261,100.0,0.0
2026-08-17,R5-009,R5-009_L2100_S1,R5,L2100,66.0,300.0,99.27125000000001,1032.0,99.47854166666667,876.0,98.75375000000001,97.94833333333334,0.0,0.4997916666666667,0.449875,98.27058333333333,98.66525,96.27375,2.01375,12.547833333333331,5.3453333333333335,37.270833333333336,23.129166666666666,-95.84750000000001,-9.84125,5.3825,8.338333333333333,8.549999999999999,8.757916666666667,4.761666666666667,19.866666666666667,402.9166666666667,895.0833333333334,42.782916666666665,28.549166666666665,42.89333333333334,11.504166666666668,16.0,2.0070833333333336,-115.88791666666667,7.141666666666667,10.9738,1.6233,12.5974,100.0,0.0
2026-08-17,R5-009,R5-009_L2100_S2,R5,L2100,69.0,300.0,99.23087500000001,2027.0,99.41816666666666,1725.0,98.65379166666666,97.85208333333333,0.0,0.4620416666666667,0.4159583333333334,98.27524999999999,98.53579166666667,96.46600000000001,1.8791666666666667,20.097958333333334,4.284583333333333,53.34625,24.170833333333334,-94.40541666666667,-9.832916666666668,6.548749999999999,8.455,8.01,8.039166666666667,5.062916666666667,21.579166666666666,554.75,1232.4583333333333,46.02916666666667,33.09166666666667,41.19625,15.108333333333334,24.708333333333332,2.4254166666666666,-115.48291666666667,6.833333333333333,14.1883,1.4802,15.6683,100.0,0.0
2026-08-17,R5-009,R5-009_L2100_S3,R5,L2100,71.0,300.0,99.29962499999999,1396.0,99.45383333333332,1186.0,98.75745833333333,97.96499999999999,0.0,1.15225,1.0369166666666667,93.01404166666667,93.39941666666665,90.84858333333334,11.274166666666666,18.359791666666666,6.775458333333333,44.72708333333333,25.929166666666664,-95.43374999999999,-11.26375,5.17875,8.3175,7.632916666666667,7.3445833333333335,5.100833333333333,20.845833333333335,473.1666666666667,1051.3333333333333,45.43625,26.62,43.18333333333334,11.9625,21.375,2.1416666666666666,-115.40875,6.595833333333334,7.715,1.1866,8.9014,100.0,0.0
2026-08-17,R5-009,R5-009_L800_S1,R5,L800,67.0,6200.0,99.26645833333333,3383.0,99.41954166666666,2879.0,98.69024999999999,97.94125000000001,0.0,0.5021666666666667,0.4519166666666667,98.37762500000001,98.624375,96.50166666666667,2.02375,23.296333333333333,3.717166666666667,68.35666666666667,24.566666666666666,-93.28041666666667,-9.862916666666667,5.850833333333333,8.385833333333332,8.657083333333333,8.030416666666666,5.002083333333333,21.129166666666666,345.2083333333333,766.875,45.413333333333334,32.53958333333333,41.629583333333336,22.945833333333336,35.291666666666664,5.994583333333334,-115.65666666666668,7.395833333333333,33.3799,4.9767,38.3564,100.0,0.0
2026-08-17,R5-009,R5-009_L800_S3,R5,L800,72.0,6200.0,99.298,1823.0,99.44041666666668,1552.0,98.74233333333332,97.98708333333333,0.0,0.527625,0.47479166666666667,98.28033333333333,98.63620833333333,96.26504166666666,1.8879166666666667,13.621541666666667,4.002458333333333,28.46666666666667,23.8625,-100.38416666666666,-9.397499999999999,7.322083333333333,8.530833333333334,7.87,9.810416666666667,5.001666666666667,21.545833333333334,427.625,950.5,45.47666666666667,26.613333333333333,44.348333333333336,21.066666666666666,35.833333333333336,3.232083333333333,-115.70291666666667,7.433333333333334,27.7046,3.0273,30.732200000000002,100.0,0.0
2026-08-17,R5-010,R5-010_L1800_S1,R5,L1800,73.0,1650.0,99.2735,2339.0,99.45762500000001,1991.0,98.73541666666667,97.89958333333334,0.0,0.47612499999999996,0.42862500000000003,98.28791666666666,98.56279166666667,96.23887500000001,2.1233333333333335,20.78375,5.308666666666666,55.46791666666667,23.458333333333332,-91.7425,-9.48625,8.120833333333334,8.612499999999999,7.737916666666667,8.149583333333334,5.51125,21.425,564.0,1253.4583333333333,46.10125,26.442083333333333,40.9225,14.758333333333333,24.125,2.83,-115.33,6.254166666666666,11.2829,1.181,12.4639,100.0,0.0
2026-08-17,R5-010,R5-010_L1800_S2,R5,L1800,76.0,1650.0,99.28220833333334,1360.0,99.45283333333333,1159.0,98.73891666666667,97.87666666666667,0.0,0.501375,0.4512083333333334,98.2955,98.62566666666667,96.32437499999999,1.9974999999999998,26.229958333333332,7.053916666666667,70.19916666666667,23.8,-94.28166666666668,-11.979166666666666,6.570416666666667,8.4575,7.620416666666666,9.6975,5.00875,21.1375,400.5833333333333,889.9166666666666,45.79708333333334,25.83583333333333,40.87291666666667,10.508333333333333,14.375,2.0325,-114.73791666666666,6.9875,9.5873,1.5325,11.1197,100.0,0.0
2026-08-17,R5-010,R5-010_L1800_S3,R5,L1800,78.0,1650.0,99.243375,1663.0,99.48045833333333,1413.0,98.72779166666668,97.96125,0.0,0.5124166666666666,0.46125,98.362625,98.72033333333333,96.37412499999999,1.8383333333333332,13.280958333333333,4.008041666666666,36.6825,24.420833333333334,-98.63208333333334,-9.37375,8.030833333333334,8.60375,8.246666666666666,10.140833333333333,5.297083333333333,21.254166666666666,543.2916666666666,1207.4583333333333,44.65625,25.35291666666667,43.31875,16.629166666666666,21.875,4.9225,-114.97375,6.683333333333334,25.0513,2.8371,27.8882,100.0,0.0
2026-08-17,R5-010,R5-010_L2100_S1,R5,L2100,74.0,300.0,99.306375,2103.0,99.42608333333334,1785.0,98.73654166666667,97.97916666666667,0.0,0.5120416666666666,0.461,98.17854166666666,98.439375,96.2025,2.045,21.350416666666664,3.908791666666666,62.01916666666667,24.083333333333332,-97.47333333333334,-12.262916666666667,6.858333333333333,8.485416666666667,7.861666666666667,7.975416666666667,5.03,19.804166666666667,371.375,825.0416666666666,45.442083333333336,31.766666666666666,44.357499999999995,14.491666666666667,22.291666666666668,2.6804166666666664,-115.54708333333333,7.058333333333334,13.6028,1.683,15.2857,100.0,0.0
2026-08-17,R5-010,R5-010_L2100_S2,R5,L2100,77.0,300.0,99.22029166666665,2889.0,99.44683333333334,2455.0,98.6715,98.09333333333332,0.0,0.4808333333333333,0.4327916666666667,98.26808333333334,98.50887499999999,96.30254166666667,1.84875,26.493583333333333,7.556958333333333,67.4075,23.3,-97.65833333333335,-10.10125,7.795416666666667,8.58,7.971666666666667,8.38,4.989166666666667,20.466666666666665,580.0833333333334,1289.0,44.07125,27.523749999999996,41.30166666666667,32.204166666666666,54.791666666666664,5.99625,-115.26041666666667,6.866666666666667,25.2207,2.7865,28.0071,100.0,0.0
2026-08-17,R5-010,R5-010_L2100_S3,R5,L2100,79.0,300.0,99.23591666666665,1985.0,99.43233333333335,1686.0,98.67275000000001,97.80208333333333,0.0,0.5094583333333333,0.4582916666666667,98.21179166666667,98.55525,96.212625,2.025,21.33775,4.6855416666666665,48.57749999999999,24.2625,-103.06666666666666,-11.391666666666666,7.447916666666667,8.543750000000001,8.4325,10.38875,5.552499999999999,21.733333333333334,606.375,1347.4583333333333,45.94625,26.362083333333334,43.437916666666666,14.691666666666668,19.958333333333332,3.9941666666666666,-115.13041666666668,7.8999999999999995,17.6933,2.5892,20.2822,100.0,0.0
2026-08-17,R5-010,R5-010_L800_S1,R5,L800,75.0,6200.0,99.25891666666666,4363.0,99.458125,3709.0,98.72125,98.02458333333334,0.0,0.4746666666666666,0.42724999999999996,98.30787500000001,98.59795833333334,96.02783333333333,2.097916666666667,26.0885,7.234083333333333,51.74583333333334,23.97083333333333,-95.51875,-9.979166666666666,8.497916666666667,8.65,7.985416666666667,6.809583333333333,4.971666666666667,20.8625,581.75,1292.6666666666667,45.14875,31.637083333333333,41.18875,26.708333333333332,47.958333333333336,6.645833333333333,-115.25708333333334,7.870833333333334,38.3882,4.0142,42.4023,100.0,0.0
2026-08-17,R5-010,R5-010_L800_S3,R5,L800,80.0,6200.0,99.25029166666667,1807.0,99.44099999999999,1534.0,98.695625,98.03375,0.0,0.5153333333333333,0.46370833333333333,98.30254166666667,98.56395833333333,96.41641666666668,2.0695833333333336,25.657375000000002,4.854583333333333,70.73291666666667,24.02916666666667,-97.97250000000001,-10.822916666666666,6.78,8.478333333333333,8.206666666666667,6.845416666666666,5.521666666666667,22.045833333333334,566.75,1259.625,46.57083333333333,30.75375,42.376666666666665,12.583333333333334,16.791666666666668,2.16375,-114.84125,7.404166666666666,18.3974,2.3518,20.749299999999998,100.0,0.0
2026-08-18,R5-001,R5-001_L1800_S1,R5,L1800,1.0,1650.0,99.33533333333332,3298.0,99.45933333333333,2803.0,98.79837500000001,98.00833333333333,0.0,0.4928333333333333,0.4435833333333334,98.40225,98.73504166666667,96.3925,1.96,17.194125,4.727458333333334,38.54416666666666,23.90833333333333,-99.75458333333334,-10.971666666666666,8.379583333333334,8.637500000000001,8.152916666666668,6.6499999999999995,5.343333333333334,20.900000000000002,437.7916666666667,972.75,44.076249999999995,34.07458333333333,42.03541666666667,29.3125,42.625,4.805416666666667,-115.46583333333332,7.1375,33.3025,3.6665,36.969,100.0,0.0
2026-08-18,R5-001,R5-001_L1800_S2,R5,L1800,4.0,1650.0,99.28991666666667,3004.0,99.44404166666668,2557.0,98.73825,97.99666666666667,0.0,0.4864583333333334,0.43783333333333335,98.30775,98.64412499999999,96.25641666666667,1.9575000000000002,17.637083333333333,5.447916666666667,31.575,23.650000000000002,-95.97874999999999,-9.490833333333333,7.04375,8.504166666666666,8.445,8.24375,5.324583333333334,21.287499999999998,446.5,992.0416666666666,45.59625,35.71041666666667,41.79125,21.770833333333332,37.083333333333336,5.373333333333334,-115.0475,7.1375,27.2895,4.1693,31.4587,100.0,0.0
2026-08-18,R5-001,R5-001_L1800_S3,R5,L1800,6.0,1650.0,99.24691666666666,2148.0,99.47583333333334,1827.0,98.72654166666666,98.07,0.0,0.4791666666666667,0.43120833333333336,98.28933333333333,98.61445833333333,96.10924999999999,2.0791666666666666,17.53725,6.6690000000000005,48.95375000000001,24.3875,-103.45625,-11.587916666666667,8.356666666666667,8.63625,8.295,9.62,5.2475,20.183333333333334,471.625,1048.0416666666667,46.30458333333333,31.34583333333333,42.263333333333335,24.566666666666666,41.916666666666664,5.4695833333333335,-114.815,6.854166666666667,20.842,2.3879,23.2298,100.0,0.0
2026-08-18,R5-001,R5-001_L2100_S1,R5,L2100,2.0,300.0,99.239625,1737.0,99.49691666666666,1475.0,98.74041666666666,97.93041666666666,0.0,1.1619583333333334,1.0458333333333334,98.29320833333333,98.61579166666667,96.36725,1.9262499999999998,23.02241666666667,5.854833333333333,51.312083333333334,24.358333333333334,-88.32833333333333,-15.261666666666668,0.93,6.0925,8.148333333333333,8.550416666666667,5.484583333333333,37.49166666666667,3197.375,6394.708333333333,46.79624999999999,32.74166666666667,43.92875,17.758333333333333,29.458333333333332,3.0454166666666667,-115.19041666666668,25.991666666666664,20.9174,3.1073,24.0246,100.0,0.0
2026-08-18,R5-001,R5-001_L2100_S2,R5,L2100,5.0,300.0,99.25770833333333,2648.0,99.43679166666668,2253.0,98.69891666666666,97.90500000000002,0.0,0.5197083333333333,0.4678333333333333,98.31279166666667,98.57191666666667,96.42975,2.0725000000000002,23.818416666666668,5.620041666666666,47.201249999999995,23.420833333333334,-95.75708333333334,-9.75125,8.633750000000001,8.663333333333334,8.586666666666668,8.792916666666667,5.480833333333333,21.254166666666666,548.625,1219.2083333333333,47.486250000000005,30.942083333333333,42.80458333333333,25.241666666666664,42.125,3.9879166666666666,-115.29875,6.6375,21.4721,3.431,24.9028,100.0,0.0
2026-08-18,R5-001,R5-001_L2100_S3,R5,L2100,7.0,300.0,99.25150000000001,2704.0,99.47183333333334,2297.0,98.72733333333333,98.02166666666666,0.0,0.503375,0.4529166666666667,98.27775000000001,98.56099999999999,96.35779166666667,2.05625,22.058458333333334,7.15625,42.22875,23.5,-95.61458333333333,-10.472916666666666,8.133750000000001,8.614583333333334,7.946666666666666,7.086666666666667,5.149583333333333,20.675,610.8333333333334,1357.25,46.294999999999995,29.857916666666668,42.29416666666666,28.145833333333332,47.583333333333336,6.33875,-114.81083333333333,7.425,40.8654,6.218,47.0835,100.0,0.0
2026-08-18,R5-001,R5-001_L800_S1,R5,L800,3.0,6200.0,99.19066666666667,5515.0,99.42841666666668,4687.0,98.62379166666666,97.87,0.0,0.5189166666666667,0.46704166666666663,98.30116666666667,98.63820833333334,96.21908333333333,2.0466666666666664,26.216291666666667,3.744291666666667,60.28958333333333,25.004166666666666,-95.47666666666667,-10.072916666666666,8.010416666666666,8.60125,8.479583333333332,8.956666666666667,5.2562500000000005,21.433333333333334,422.6666666666667,939.6666666666666,45.36041666666667,25.45125,42.45041666666666,33.57083333333333,52.333333333333336,7.160416666666666,-115.0575,6.691666666666666,37.6089,5.8549,43.464,100.0,0.0
2026-08-18,R5-001,R5-001_L800_S3,R5,L800,8.0,6200.0,99.23704166666666,4226.0,99.45175,3592.0,98.69308333333333,98.00875,0.0,0.4815833333333333,0.43354166666666666,98.30541666666666,98.5465,96.175,2.0316666666666667,22.81358333333333,6.920125,50.471666666666664,24.391666666666666,-97.33875,-11.167916666666665,6.803333333333334,8.48,8.431666666666667,8.286666666666667,5.300833333333333,20.991666666666667,388.0,862.4583333333334,46.32125,25.922916666666666,42.40916666666667,31.724999999999998,55.416666666666664,8.483333333333333,-115.07416666666667,7.520833333333333,45.1365,5.0253,50.1613,100.0,0.0
2026-08-18,R5-002,R5-002_L1800_S1,R5,L1800,9.0,1650.0,99.15408333333333,4429.0,99.462125,3766.0,98.620875,97.92291666666667,0.0,0.5012083333333334,0.45095833333333335,98.244125,98.49166666666666,96.25212499999999,1.9354166666666668,8.393875,4.681,17.77375,24.037499999999998,-99.01083333333332,-10.052083333333334,10.409583333333334,8.840416666666666,8.289583333333333,9.770000000000001,5.500416666666666,21.145833333333332,518.6666666666666,1152.5416666666667,71.34666666666666,46.1025,42.36625,61.10833333333334,90.29166666666667,14.964166666666666,-115.09041666666667,7.079166666666667,51.1509,3.5251,54.676,100.0,0.0
2026-08-18,R5-002,R5-002_L1800_S2,R5,L1800,12.0,1650.0,99.25429166666667,1808.0,99.45195833333334,1536.0,98.71033333333332,98.17583333333333,0.0,0.49795833333333334,0.44808333333333333,98.34075,98.60295833333333,96.327,1.9458333333333335,17.67025,4.548,47.81666666666666,25.34166666666667,-96.35291666666666,-8.657916666666667,8.034166666666666,8.60375,8.340416666666666,9.797083333333333,5.759583333333333,22.162499999999998,488.0416666666667,1084.4583333333333,44.7425,26.355,41.10916666666667,20.791666666666668,28.041666666666668,5.8975,-114.76125,6.675,13.876,1.694,15.57,100.0,0.0
2026-08-18,R5-002,R5-002_L1800_S3,R5,L1800,14.0,1650.0,99.21,4325.0,99.46308333333333,3677.0,98.67741666666666,98.24208333333333,0.0,0.5196666666666666,0.4675833333333333,98.41754166666668,98.74525,96.459,2.0029166666666667,21.81125,3.753625,37.67791666666667,23.454166666666666,-95.53416666666668,-9.955416666666666,8.697083333333333,8.669583333333334,8.617916666666668,10.352500000000001,5.451250000000001,20.395833333333332,599.125,1331.3333333333333,46.23041666666666,34.050000000000004,43.94208333333333,27.554166666666664,44.916666666666664,6.59,-114.93291666666666,7.6125,23.5505,2.8189,26.3698,100.0,0.0
2026-08-18,R5-002,R5-002_L2100_S1,R5,L2100,10.0,300.0,99.22979166666666,4150.0,99.45858333333332,3526.0,98.69275,97.99583333333334,0.0,0.5012916666666667,0.45108333333333334,98.208625,98.44200000000001,95.99912499999999,2.01625,12.38125,3.5056666666666665,20.855,24.925,-97.50958333333334,-9.946666666666667,9.655416666666666,8.765833333333333,8.200000000000001,8.740416666666667,5.502916666666667,20.566666666666666,360.1666666666667,800.6666666666666,45.098333333333336,29.577916666666667,42.854166666666664,24.704166666666666,41.208333333333336,4.21375,-115.11208333333333,7.591666666666666,29.7257,3.7107,33.4363,100.0,0.0
2026-08-18,R5-002,R5-002_L2100_S2,R5,L2100,13.0,300.0,99.236,4493.0,99.46441666666668,3819.0,98.70466666666665,98.03791666666666,0.0,0.48383333333333334,0.435375,98.339625,98.62983333333334,96.35404166666666,2.0195833333333333,20.739375,3.8800000000000003,58.85208333333333,23.837500000000002,-98.02625,-9.74375,8.4075,8.640833333333333,8.045416666666666,9.86375,5.3254166666666665,20.541666666666668,337.8333333333333,750.625,44.85666666666666,28.098333333333333,44.067499999999995,28.633333333333336,41.333333333333336,8.49625,-115.43708333333332,6.570833333333333,26.1666,3.3142,29.4806,100.0,0.0
2026-08-18,R5-002,R5-002_L2100_S3,R5,L2100,15.0,300.0,99.22291666666666,2056.0,99.39758333333333,1748.0,98.62520833333333,97.91250000000001,0.0,0.5238333333333333,0.4715416666666667,98.22270833333333,98.52158333333334,96.21641666666666,2.0204166666666667,12.685208333333334,7.154791666666667,20.025833333333335,23.420833333333334,-102.77749999999999,-9.547916666666667,6.5879166666666675,8.458333333333334,8.327916666666667,8.492916666666668,5.301666666666667,20.516666666666666,388.3333333333333,863.0833333333334,45.12583333333333,27.975416666666664,43.2875,23.275000000000002,38.541666666666664,6.199583333333333,-115.6825,7.2625,33.3929,5.1683,38.5613,100.0,0.0
2026-08-18,R5-002,R5-002_L800_S1,R5,L800,11.0,6200.0,99.222625,1285.0,99.43591666666667,1091.0,98.66308333333335,97.96666666666665,0.0,0.512,0.4608333333333334,98.283,98.62262500000001,96.31920833333334,2.080416666666667,23.634125,6.048958333333334,62.96333333333333,23.620833333333334,-94.19125000000001,-8.776666666666666,6.714166666666666,8.471666666666666,8.722916666666666,9.42625,5.343333333333334,21.045833333333334,620.0833333333334,1377.9583333333333,45.593333333333334,31.429166666666664,44.29833333333334,14.779166666666667,22.125,2.3683333333333336,-115.31708333333334,6.370833333333334,19.4195,2.5502000000000002,21.9698,100.0,0.0
2026-08-18,R5-002,R5-002_L800_S3,R5,L800,16.0,6200.0,99.209,5185.0,99.45708333333333,4408.0,98.67037499999999,98.05916666666667,0.0,0.501625,0.45141666666666663,98.332,98.58524999999999,96.45258333333334,2.061666666666667,26.173458333333333,7.332958333333333,67.49833333333333,24.349999999999998,-96.48416666666667,-11.7125,7.2804166666666665,8.529166666666667,8.262500000000001,7.523333333333333,5.265,20.941666666666666,324.375,720.7916666666666,45.97875,25.49875,42.1925,34.483333333333334,52.958333333333336,5.970416666666666,-115.32375,6.925,50.806200000000004,4.9507,55.757,100.0,0.0
2026-08-18,R5-003,R5-003_L1800_S1,R5,L1800,17.0,1650.0,99.23741666666666,3182.0,99.44595833333334,2705.0,98.687875,98.09083333333332,0.0,0.5091666666666667,0.45845833333333336,98.45279166666667,98.74166666666667,96.398375,2.0212499999999998,22.145083333333332,5.215958333333333,65.88208333333334,23.733333333333334,-98.80375,-8.897499999999999,6.792916666666667,8.479166666666666,8.268749999999999,9.859583333333333,5.1745833333333335,21.329166666666666,457.4583333333333,1016.6666666666666,43.54208333333333,34.15208333333333,42.62208333333333,27.316666666666666,40.0,6.54,-115.45208333333333,6.558333333333334,31.5531,2.7745,34.3276,100.0,0.0
2026-08-18,R5-003,R5-003_L1800_S2,R5,L1800,20.0,1650.0,96.73416666666667,4860.0,99.46529166666666,4131.0,96.21704166666666,97.96041666666667,0.0,1.750625,1.5755416666666668,98.26275,98.55458333333333,96.31320833333332,1.8716666666666668,4.371125,4.100291666666666,12.767916666666666,24.329166666666666,-115.04375,-10.106250000000001,1.4058333333333335,5.640000000000001,8.133333333333333,10.552083333333334,35.30708333333333,44.987500000000004,363.0,806.6666666666666,47.54916666666667,33.854166666666664,44.06,31.241666666666664,53.666666666666664,6.232500000000001,-115.26166666666667,6.9750000000000005,27.9702,2.4281,30.3983,100.0,0.0
2026-08-18,R5-003,R5-003_L1800_S3,R5,L1800,22.0,1650.0,99.23066666666666,2893.0,99.50429166666667,2455.0,98.73883333333333,98.02166666666666,0.0,0.49395833333333333,0.44445833333333334,98.225625,98.52883333333334,96.20675,2.2391666666666667,14.008000000000001,3.657375,23.645833333333332,24.6125,-93.83541666666667,-10.838333333333333,8.224166666666667,8.6225,8.15875,6.925416666666667,5.362916666666667,20.5625,614.0,1364.4166666666667,44.369166666666665,27.158749999999998,42.34125,18.229166666666668,24.083333333333332,4.169583333333333,-114.73041666666667,6.845833333333334,20.509,3.0942,23.6032,100.0,0.0
2026-08-18,R5-003,R5-003_L2100_S1,R5,L2100,18.0,300.0,99.2475,1386.0,99.45220833333333,1177.0,98.70379166666667,97.92083333333333,0.0,0.5042083333333334,0.4537083333333333,98.33691666666668,98.65899999999999,96.25333333333333,2.05875,22.387291666666666,3.5171666666666668,57.302083333333336,23.054166666666664,-98.30874999999999,-11.147083333333333,8.720833333333333,8.672083333333333,8.082916666666668,7.583333333333333,5.713333333333334,20.2375,517.1666666666666,1149.5,47.242916666666666,32.44166666666667,41.987500000000004,12.625,19.916666666666668,2.0770833333333334,-115.15916666666668,7.3500000000000005,10.3513,0.8766,11.2281,100.0,0.0
2026-08-18,R5-003,R5-003_L2100_S2,R5,L2100,21.0,300.0,99.23483333333333,3107.0,99.37083333333334,2640.0,98.61079166666667,97.97416666666668,0.0,0.489875,0.44083333333333335,98.31370833333334,98.64220833333333,96.28104166666667,1.8687500000000001,12.348541666666668,3.4972083333333335,19.535,23.829166666666666,-96.99041666666666,-10.575416666666667,8.02625,8.60375,8.198333333333332,7.923333333333333,5.093333333333333,21.537499999999998,479.0416666666667,1064.625,46.135,36.58208333333334,43.12416666666667,22.204166666666666,38.0,3.5216666666666665,-115.49958333333332,7.129166666666666,14.0017,2.2319,16.2335,100.0,0.0
2026-08-18,R5-003,R5-003_L2100_S3,R5,L2100,23.0,300.0,99.22591666666666,3337.0,99.47445833333335,2840.0,98.70466666666665,97.88875,0.0,0.5051666666666667,0.4546666666666667,98.20545833333334,98.48516666666667,96.31120833333334,2.0716666666666668,21.140249999999998,5.489458333333334,57.375416666666666,23.604166666666668,-98.56625000000001,-10.180833333333334,10.286666666666667,8.827916666666667,8.182916666666666,9.823333333333332,5.232916666666667,21.733333333333334,331.2083333333333,735.7083333333334,45.5975,26.9175,43.87708333333333,29.058333333333334,41.541666666666664,8.642916666666666,-115.03083333333335,7.216666666666666,29.246000000000002,4.168,33.4141,100.0,0.0
2026-08-18,R5-003,R5-003_L800_S1,R5,L800,19.0,6200.0,99.30612500000001,4039.0,99.49829166666666,3431.0,98.80795833333333,98.00416666666666,0.0,0.5054583333333333,0.45475,98.20416666666667,98.52795833333333,96.28716666666666,2.04875,13.469583333333333,5.516791666666666,35.17958333333333,24.608333333333334,-92.26833333333333,-9.874583333333334,8.628333333333334,8.6625,8.219166666666666,10.609166666666667,5.3254166666666665,20.854166666666668,328.1666666666667,729.5,45.361250000000005,35.934583333333336,43.43416666666667,27.608333333333334,46.5,4.3950000000000005,-115.38125000000001,7.141666666666667,35.5955,5.2381,40.8335,100.0,0.0
2026-08-18,R5-003,R5-003_L800_S3,R5,L800,24.0,6200.0,99.22129166666667,2851.0,99.45908333333334,2427.0,98.68466666666666,97.87458333333332,0.0,0.5257916666666667,0.4732083333333333,98.279625,98.58766666666666,96.42554166666667,2.0370833333333334,21.743791666666667,6.359708333333334,33.458333333333336,24.479166666666668,-93.56333333333333,-9.490833333333333,6.234166666666667,8.424166666666666,7.935833333333334,9.207916666666668,5.464583333333334,21.40833333333333,498.5833333333333,1107.8333333333333,44.98208333333333,32.07541666666667,40.45125,17.766666666666666,24.958333333333332,4.019583333333333,-115.0,6.733333333333333,21.1105,2.0619,23.172,100.0,0.0
2026-08-18,R5-004,R5-004_L1800_S1,R5,L1800,25.0,1650.0,99.270375,4676.0,99.4535,3975.0,98.72779166666668,98.09666666666668,0.0,0.49341666666666667,0.44404166666666667,98.349125,98.61145833333335,96.24225,2.0054166666666666,22.673000000000002,6.130208333333333,34.740833333333335,24.325,-99.99166666666667,-10.265416666666667,9.357916666666666,8.735416666666667,8.235833333333334,6.979583333333333,5.520416666666667,20.941666666666666,329.5416666666667,732.0,46.06375,26.794583333333335,43.08791666666667,32.1625,53.541666666666664,5.02625,-115.31541666666668,7.0375000000000005,21.359099999999998,2.6689,24.0279,100.0,0.0
2026-08-18,R5-004,R5-004_L1800_S2,R5,L1800,28.0,1650.0,99.25683333333335,2624.0,99.48700000000001,2229.0,98.74775,98.07666666666667,0.0,0.5017916666666666,0.45166666666666666,98.35795833333333,98.60991666666666,96.356375,1.8945833333333333,19.546791666666667,7.518375,51.3975,23.53333333333333,-98.50916666666666,-10.90125,8.010833333333332,8.600833333333332,8.395416666666668,7.689166666666666,5.374583333333334,20.770833333333332,331.4583333333333,736.6666666666666,44.5925,26.96875,42.23083333333333,16.204166666666666,25.125,3.7762499999999997,-115.24166666666667,7.354166666666667,12.6435,1.2625,13.9063,100.0,0.0
2026-08-18,R5-004,R5-004_L1800_S3,R5,L1800,30.0,1650.0,99.26891666666667,2905.0,99.41875,2470.0,98.69200000000001,98.04708333333333,0.0,0.5017916666666666,0.45179166666666665,98.277375,98.602625,96.34641666666666,2.032083333333333,20.587333333333333,7.429625000000001,54.26791666666667,23.304166666666664,-101.7675,-9.371666666666666,4.305416666666667,8.230416666666667,7.927499999999999,7.792916666666667,5.211666666666667,20.404166666666665,517.7916666666666,1150.7083333333333,44.104166666666664,33.73458333333333,42.86708333333333,34.15,61.166666666666664,9.619583333333333,-115.36,7.083333333333333,20.5643,2.5461,23.1108,100.0,0.0
2026-08-18,R5-004,R5-004_L2100_S1,R5,L2100,26.0,300.0,99.23054166666667,3180.0,99.46354166666667,2705.0,98.69824999999999,98.08125,0.0,0.5120416666666666,0.46095833333333336,98.19925,98.48125,96.157,1.9733333333333334,15.084625,7.223916666666667,43.21041666666667,23.241666666666664,-95.76333333333334,-9.064583333333333,9.477916666666667,8.747916666666667,8.306666666666667,9.571666666666667,5.0112499999999995,20.370833333333334,535.125,1189.125,45.856249999999996,31.30875,42.20125,27.775000000000002,46.833333333333336,4.8879166666666665,-115.25458333333334,7.079166666666667,34.4191,5.3537,39.7728,100.0,0.0
2026-08-18,R5-004,R5-004_L2100_S2,R5,L2100,29.0,300.0,99.20358333333333,3372.0,99.474625,2863.0,98.6825,98.05583333333334,0.0,0.49712500000000004,0.4475,98.301125,98.60725000000001,96.40133333333334,1.99,17.076375,4.6898333333333335,27.769166666666667,24.433333333333334,-102.0425,-9.976666666666667,8.0975,8.609583333333333,8.303333333333333,10.62,5.11625,21.233333333333334,531.5,1181.0416666666667,45.44,27.845416666666665,41.60458333333333,23.3875,36.041666666666664,6.544583333333333,-115.21583333333332,6.995833333333334,29.7615,4.7296,34.491,100.0,0.0
2026-08-18,R5-004,R5-004_L2100_S3,R5,L2100,31.0,300.0,99.25875,3834.0,99.43837500000001,3261.0,98.70125,98.04083333333334,0.0,0.5469166666666666,0.4922916666666666,98.32025,98.67245833333334,96.33729166666666,1.9470833333333335,25.564541666666667,7.553,75.60416666666667,23.891666666666666,-95.79708333333333,-8.089166666666667,7.295833333333333,8.529166666666667,8.269583333333333,9.045,4.7491666666666665,20.8625,326.875,726.4166666666666,43.9675,29.674166666666665,43.584583333333335,24.675,33.375,4.45,-114.80541666666666,7.370833333333334,35.6094,5.1321,40.7416,100.0,0.0
2026-08-18,R5-004,R5-004_L800_S1,R5,L800,27.0,6200.0,99.19008333333333,3842.0,99.43579166666666,3264.0,98.63045833333332,98.10041666666666,0.0,0.49016666666666664,0.441,98.316125,98.606,96.24508333333334,2.02375,23.608333333333334,4.972125,50.58541666666667,24.65833333333333,-99.63,-10.434166666666666,5.926666666666667,8.392083333333334,8.527916666666668,11.034166666666666,5.03,20.720833333333335,580.875,1290.9166666666667,47.00666666666667,33.52,43.635416666666664,31.566666666666666,45.583333333333336,7.451249999999999,-115.36500000000001,7.291666666666667,44.4373,6.9223,51.3597,100.0,0.0
2026-08-18,R5-004,R5-004_L800_S3,R5,L800,32.0,6200.0,99.194375,3158.0,99.49979166666667,2681.0,98.698125,97.99041666666666,0.0,0.48924999999999996,0.440375,98.35783333333335,98.68529166666667,96.31108333333333,2.0812500000000003,20.703458333333334,5.478625,59.2825,25.474999999999998,-96.01,-11.601666666666667,7.115416666666667,8.510833333333332,8.20125,7.828333333333333,5.6125,21.625,385.2083333333333,855.9583333333334,46.306666666666665,30.8875,43.38999999999999,26.645833333333332,40.75,7.114583333333333,-115.64208333333333,7.1375,20.1725,2.4688,22.6415,100.0,0.0
2026-08-18,R5-005,R5-005_L1800_S1,R5,L1800,33.0,1650.0,97.76604166666668,2929.0,99.43925,2491.0,97.21816666666666,88.45708333333333,0.0,1.57975,1.42175,98.35908333333333,98.565625,96.34375,1.9037499999999998,23.637333333333334,2.0715,68.69583333333334,22.791666666666668,-91.59499999999998,-9.0475,8.761666666666667,8.675416666666667,8.069583333333334,6.483333333333333,5.358333333333333,20.2375,342.5833333333333,761.2083333333334,46.08166666666667,34.682916666666664,42.19375,24.995833333333334,37.916666666666664,4.383333333333334,-100.06708333333334,39.9375,19.7671,2.2042,21.971700000000002,100.0,0.0
2026-08-18,R5-005,R5-005_L1800_S2,R5,L1800,36.0,1650.0,99.226875,4455.0,99.46375,3786.0,98.69491666666666,97.89041666666667,0.0,0.521,0.46875,98.34508333333333,98.63350000000001,96.27633333333334,1.9033333333333333,14.557375,6.473541666666667,34.02791666666667,23.233333333333334,-96.48,-11.170416666666666,8.427083333333334,8.644166666666667,8.360000000000001,7.649166666666666,5.46375,19.95,565.6666666666666,1257.0833333333333,46.944583333333334,27.123333333333335,43.12125,28.4875,37.5,6.708333333333333,-115.85833333333333,6.758333333333333,18.9959,2.9065,21.9024,100.0,0.0
2026-08-18,R5-005,R5-005_L1800_S3,R5,L1800,38.0,1650.0,99.12962499999999,3477.0,99.50695833333333,2955.0,98.641,98.05708333333332,0.0,0.4696666666666667,0.4226666666666667,98.23295833333333,98.6365,96.188875,1.93,16.875916666666665,5.024916666666667,27.754583333333333,23.575,-95.26625,-11.13,5.504583333333333,8.350833333333334,8.159166666666666,9.616666666666667,5.254166666666666,21.491666666666664,447.375,993.9583333333334,45.40833333333333,32.977916666666665,40.82416666666666,31.7375,47.166666666666664,7.2508333333333335,-115.17708333333333,7.541666666666667,22.2646,2.8705,25.135,100.0,0.0
2026-08-18,R5-005,R5-005_L2100_S1,R5,L2100,34.0,300.0,99.26833333333333,5558.0,99.44379166666666,4722.0,98.71620833333333,98.15499999999999,0.0,0.48608333333333337,0.4375833333333334,98.24275,98.55137500000001,96.14512500000001,1.9329166666666666,24.349041666666665,4.058833333333333,56.41583333333333,23.825,-96.52499999999999,-10.5875,7.085416666666667,8.509166666666667,8.32,8.765416666666667,5.52875,21.4875,573.9166666666666,1275.3333333333333,44.67916666666667,29.997083333333332,43.09458333333333,33.9375,50.625,7.557083333333334,-115.52541666666667,7.0,32.0649,3.2338,35.2985,100.0,0.0
2026-08-18,R5-005,R5-005_L2100_S2,R5,L2100,37.0,300.0,99.27670833333333,1988.0,99.42966666666666,1690.0,98.71050000000001,97.96999999999998,0.0,0.5323749999999999,0.4791666666666667,98.2625,98.66604166666667,96.24266666666666,2.021666666666667,19.263041666666666,3.825083333333333,35.98458333333333,22.900000000000002,-93.93,-10.155,8.377916666666666,8.638333333333334,8.3475,7.355416666666667,4.964583333333334,20.837500000000002,368.4166666666667,818.7916666666666,45.68625,30.93541666666667,42.062083333333334,19.270833333333332,33.416666666666664,3.4949999999999997,-115.52375,7.829166666666667,21.1914,2.6085,23.7998,100.0,0.0
2026-08-18,R5-005,R5-005_L2100_S3,R5,L2100,39.0,300.0,99.23058333333334,1269.0,99.44145833333334,1080.0,98.67645833333334,97.96583333333332,0.0,0.48091666666666666,0.43291666666666667,98.356875,98.55687499999999,96.30733333333335,1.9779166666666665,21.164416666666668,3.9835833333333333,34.90291666666666,23.170833333333334,-97.675,-9.940833333333332,9.012500000000001,8.700833333333334,8.08375,8.01375,5.4075,21.75,431.2083333333333,958.2083333333334,45.895833333333336,28.575,40.844166666666666,11.816666666666668,19.458333333333332,3.2308333333333334,-115.4325,6.6000000000000005,12.7516,1.6622,14.414,100.0,0.0
2026-08-18,R5-005,R5-005_L800_S1,R5,L800,35.0,6200.0,99.26879166666667,1156.0,99.46154166666668,985.0,98.73441666666668,97.94541666666667,0.0,0.5114583333333333,0.46012499999999995,98.25129166666666,98.535125,96.238375,1.9879166666666668,18.692458333333335,4.312416666666667,54.16583333333333,24.337500000000002,-95.97958333333334,-9.731666666666667,6.20625,8.42,8.334166666666667,8.347083333333332,5.25375,20.541666666666668,516.3333333333334,1147.2083333333333,44.739583333333336,30.43375,41.78958333333333,12.691666666666668,18.125,2.07625,-115.28666666666668,7.8,15.3014,1.8653,17.1666,100.0,0.0
2026-08-18,R5-005,R5-005_L800_S3,R5,L800,40.0,6200.0,99.25520833333333,2097.0,99.43591666666667,1781.0,98.69545833333332,98.00166666666667,0.0,0.5000416666666666,0.45012500000000005,98.23604166666667,98.57691666666666,96.10083333333334,2.09625,18.24954166666667,5.311,51.04791666666667,23.712500000000002,-94.01208333333334,-8.321666666666667,6.666250000000001,8.466666666666667,8.185416666666667,10.499166666666666,5.164583333333334,21.8,430.875,957.8333333333334,45.470416666666665,30.131249999999998,41.94583333333333,14.195833333333333,22.333333333333332,4.18,-115.70416666666667,7.245833333333334,17.1106,2.3857,19.496199999999998,100.0,0.0
2026-08-18,R5-006,R5-006_L1800_S1,R5,L1800,41.0,1650.0,99.23366666666668,2774.0,99.46229166666666,2357.0,98.70029166666666,97.94958333333334,0.0,0.463125,0.4167083333333333,98.29008333333333,98.69012500000001,96.29941666666667,1.8499999999999999,23.96591666666667,4.350791666666667,67.67999999999999,23.570833333333336,-101.05833333333334,-9.958333333333334,6.94,8.494166666666667,8.305416666666668,7.213333333333334,5.379583333333334,20.454166666666666,319.75,710.4166666666666,47.20250000000001,27.632916666666663,44.33916666666667,25.587500000000002,35.541666666666664,5.896666666666667,-115.36791666666666,6.941666666666666,20.4621,3.0336,23.4956,100.0,0.0
2026-08-18,R5-006,R5-006_L1800_S2,R5,L1800,44.0,1650.0,99.23258333333332,3493.0,99.4305,2968.0,98.66758333333333,97.91833333333334,0.0,0.509125,0.45820833333333333,98.29070833333333,98.56154166666666,96.28179166666666,2.0316666666666667,23.588291666666667,6.892416666666667,65.90333333333334,23.895833333333332,-96.97458333333333,-9.095833333333333,5.358333333333333,8.33625,8.494583333333333,10.530833333333334,4.689166666666667,21.120833333333334,404.7916666666667,899.7916666666666,45.67250000000001,33.53625,44.695,32.72083333333333,52.875,7.83125,-115.11583333333334,6.75,37.0294,5.0745,42.1037,100.0,0.0
2026-08-18,R5-006,R5-006_L1800_S3,R5,L1800,46.0,1650.0,99.24033333333334,4892.0,99.16641666666668,4159.0,98.41329166666667,98.01291666666667,43.0,0.5633333333333334,0.5070833333333333,98.245,98.51279166666667,96.17454166666666,2.06875,7.450916666666667,4.693666666666666,17.934583333333332,25.191666666666666,-95.81625000000001,-10.872083333333334,7.613333333333333,8.560833333333333,8.389583333333333,10.5775,5.408333333333334,20.75,527.125,1171.25,75.5675,51.354166666666664,75.45625,72.67916666666666,128.91666666666666,20.052083333333332,-115.00208333333335,6.9624999999999995,110.9766,7.1405,118.11699999999999,100.0,0.0
2026-08-18,R5-006,R5-006_L2100_S1,R5,L2100,42.0,300.0,99.23337500000001,5800.0,99.43933333333332,4930.0,98.677125,97.87833333333333,0.0,0.5080833333333333,0.45729166666666665,98.32816666666668,98.69012500000001,96.41120833333333,1.9058333333333335,22.498708333333337,6.886708333333334,63.92791666666667,24.991666666666664,-96.6025,-11.335416666666667,8.136666666666667,8.612916666666667,7.8133333333333335,9.292916666666667,5.338333333333334,22.104166666666668,394.1666666666667,875.875,47.45583333333334,32.637499999999996,44.12375,34.512499999999996,55.541666666666664,6.11375,-115.36458333333333,7.3125,46.5022,6.4596,52.9615,100.0,0.0
2026-08-18,R5-006,R5-006_L2100_S2,R5,L2100,45.0,300.0,99.27191666666666,3408.0,99.40433333333334,2896.0,98.68079166666666,98.1125,0.0,0.5167916666666666,0.4651666666666667,98.355,98.65179166666667,96.318,1.9641666666666666,17.174583333333334,5.966958333333333,41.82416666666666,23.883333333333336,-96.83333333333333,-9.718333333333334,8.227083333333333,8.6225,8.492916666666668,8.5475,4.8950000000000005,20.466666666666665,456.125,1013.5,46.79291666666666,32.145833333333336,41.33625,28.52916666666667,46.333333333333336,6.75375,-115.26708333333333,6.358333333333333,33.6136,4.9363,38.55,100.0,0.0
2026-08-18,R5-006,R5-006_L2100_S3,R5,L2100,47.0,300.0,99.22029166666665,1694.0,99.41870833333333,1441.0,98.64375,98.01875,0.0,0.5281666666666667,0.47529166666666667,98.35775,98.63425000000001,96.388375,1.7774999999999999,19.617625,4.699833333333333,35.397083333333335,25.02916666666667,-93.9475,-10.780833333333334,10.150416666666667,8.815,8.24625,9.823333333333332,5.3879166666666665,21.979166666666668,391.2916666666667,869.9583333333334,46.31916666666667,34.580000000000005,43.915,14.1625,20.291666666666668,4.185,-115.27833333333332,7.104166666666667,19.8146,2.6307,22.4456,100.0,0.0
2026-08-18,R5-006,R5-006_L800_S1,R5,L800,43.0,6200.0,99.21354166666667,2412.0,99.43941666666666,2051.0,98.65745833333334,97.99624999999999,0.0,0.5184583333333334,0.46658333333333335,98.24775,98.573,96.14208333333333,2.035416666666667,17.967958333333332,5.981125,27.872500000000002,23.875,-94.28791666666666,-8.5175,7.867083333333333,8.58625,8.25625,10.116666666666667,5.1674999999999995,20.5625,403.875,897.5416666666666,44.70166666666666,26.775833333333335,42.751666666666665,20.883333333333333,32.833333333333336,3.58375,-115.19083333333333,6.779166666666666,29.5378,3.7911,33.329,100.0,0.0
2026-08-18,R5-006,R5-006_L800_S3,R5,L800,48.0,6200.0,99.28633333333333,2279.0,99.41429166666667,1938.0,98.70483333333334,98.03250000000001,0.0,0.48774999999999996,0.43895833333333334,98.27204166666667,98.5655,96.14183333333334,1.85625,20.927375,5.916916666666666,46.88958333333333,24.379166666666666,-98.7425,-12.265416666666667,6.07,8.407083333333334,8.355,7.724166666666666,4.82875,20.270833333333332,372.7916666666667,828.5416666666666,45.544999999999995,29.63,42.64083333333333,25.879166666666666,40.0,7.302916666666667,-115.25458333333334,8.112499999999999,20.8611,3.1645,24.026,100.0,0.0
2026-08-18,R5-007,R5-007_L1800_S1,R5,L1800,49.0,1650.0,99.20920833333334,1555.0,99.43599999999999,1323.0,98.64991666666667,97.895,0.0,0.498125,0.4482916666666667,98.20670833333332,98.57658333333332,96.258875,1.8183333333333334,19.014541666666666,6.393791666666666,43.20458333333334,24.4375,-97.50458333333334,-10.322916666666666,7.34125,8.534166666666666,7.9125000000000005,9.505,5.255,20.041666666666668,571.25,1269.5416666666667,46.20208333333333,27.69666666666667,42.56166666666667,16.587500000000002,26.958333333333332,4.128333333333333,-114.80208333333333,7.05,15.0158,1.3639999999999999,16.3794,100.0,0.0
2026-08-18,R5-007,R5-007_L1800_S2,R5,L1800,52.0,1650.0,99.230375,991.0,99.44791666666667,842.0,98.6825,97.90583333333332,0.0,0.5088750000000001,0.45808333333333334,98.26366666666667,98.56425,96.33875,1.93,25.887874999999998,5.390083333333333,60.61041666666667,24.020833333333332,-95.87124999999999,-11.8575,6.129166666666666,8.412916666666666,8.380416666666667,10.2225,5.390833333333333,21.691666666666666,402.0833333333333,893.5,46.23333333333333,29.24291666666667,41.85041666666667,10.512500000000001,16.291666666666668,1.7975,-114.99583333333334,6.395833333333333,9.1234,0.8687,9.9925,100.0,0.0
2026-08-18,R5-007,R5-007_L1800_S3,R5,L1800,54.0,1650.0,99.30649999999999,2177.0,99.46862499999999,1849.0,98.77891666666666,98.01041666666667,0.0,0.5165416666666667,0.4648333333333334,98.388375,98.73404166666667,96.421375,2.106666666666667,19.055,4.5004583333333334,44.36333333333334,24.795833333333334,-101.51708333333333,-11.130833333333333,8.039166666666667,8.604583333333332,8.410416666666666,7.04,5.085416666666666,20.966666666666665,427.2916666666667,949.4166666666666,44.46875,30.75375,42.72125,24.316666666666666,39.916666666666664,6.673333333333333,-115.22583333333334,6.616666666666667,20.0549,2.5989,22.6542,100.0,0.0
2026-08-18,R5-007,R5-007_L2100_S1,R5,L2100,50.0,300.0,99.26441666666666,4309.0,99.44116666666667,3663.0,98.71004166666667,97.90249999999999,0.0,0.5064583333333333,0.45575000000000004,98.28995833333333,98.49679166666665,96.28137500000001,2.1145833333333335,18.448166666666665,5.684166666666666,35.01791666666667,24.104166666666668,-93.03416666666668,-8.266250000000001,10.04125,8.804166666666667,8.09625,9.89875,5.473333333333334,21.383333333333336,560.5416666666666,1245.6666666666667,46.11708333333333,34.81875,42.39416666666667,33.487500000000004,53.583333333333336,7.69625,-115.3775,7.033333333333334,41.7809,3.3465,45.1272,100.0,0.0
2026-08-18,R5-007,R5-007_L2100_S2,R5,L2100,53.0,300.0,94.20466666666665,1167.0,95.62037500000001,991.0,90.08045833333334,92.50916666666666,0.0,0.5007083333333333,0.4506666666666667,98.34320833333334,98.59825000000001,96.26429166666667,1.9333333333333333,12.118708333333332,7.305708333333333,23.66208333333333,23.120833333333334,-94.1125,-9.332916666666668,6.61375,8.462083333333334,8.554583333333333,10.340416666666666,5.3475,20.933333333333334,542.5416666666666,1205.375,45.46625,32.805416666666666,67.96083333333333,11.054166666666667,18.166666666666668,2.901666666666667,-115.22583333333334,7.3500000000000005,7.4563,0.6738,8.13,100.0,0.0
2026-08-18,R5-007,R5-007_L2100_S3,R5,L2100,55.0,300.0,99.340875,2066.0,99.42716666666666,1752.0,98.77179166666667,97.91375,0.0,0.4990833333333333,0.4492083333333334,98.40720833333334,98.704875,96.54495833333334,1.9708333333333332,25.474958333333333,7.160666666666667,47.54333333333333,24.724999999999998,-97.84208333333333,-9.743333333333334,7.379583333333333,8.53875,8.479166666666666,9.908333333333333,5.2025,20.716666666666665,331.125,735.9166666666666,45.27458333333333,35.996249999999996,43.04083333333333,14.745833333333332,25.416666666666668,3.265833333333333,-115.26458333333333,8.008333333333333,8.9338,0.977,9.9107,100.0,0.0
2026-08-18,R5-007,R5-007_L800_S1,R5,L800,51.0,6200.0,99.25066666666667,1182.0,99.46454166666666,1004.0,98.71933333333334,97.94416666666666,0.0,0.5151666666666667,0.46366666666666667,98.195,98.55970833333333,96.25570833333335,1.955,16.042958333333335,3.5810416666666662,26.63291666666667,24.833333333333332,-98.33041666666666,-11.325000000000001,6.703333333333333,8.469583333333334,8.535,10.187083333333334,5.269166666666667,21.866666666666664,409.7083333333333,910.75,46.17458333333334,34.32833333333333,44.81583333333333,10.870833333333332,17.958333333333332,2.62375,-115.36291666666666,7.508333333333333,15.2476,1.2528,16.5001,100.0,0.0
2026-08-18,R5-007,R5-007_L800_S3,R5,L800,56.0,6200.0,99.26016666666668,1089.0,99.41658333333334,927.0,98.68129166666667,97.98166666666667,0.0,0.4899166666666666,0.4409166666666667,98.20845833333334,98.45075000000001,96.40291666666667,2.065,14.868791666666667,6.6895,23.0925,24.3875,-96.06,-10.166666666666666,6.629583333333334,8.4625,8.972083333333332,8.424583333333333,5.4325,21.587500000000002,571.375,1269.6666666666667,45.97625,34.746249999999996,42.157916666666665,11.433333333333332,16.375,1.9854166666666666,-115.11791666666666,7.579166666666667,8.1954,1.0054,9.2006,100.0,0.0
2026-08-18,R5-008,R5-008_L1800_S1,R5,L1800,57.0,1650.0,99.25504545454545,1583.0,99.45195454545456,1344.0,98.71122727272727,97.98083333333334,0.0,0.49325,0.4439583333333333,98.28866666666666,98.503,96.20958333333334,2.013333333333333,14.566666666666668,5.545375,33.06041666666667,23.941666666666666,-101.83625,-9.78375,6.305,8.430416666666666,8.546249999999999,8.63875,5.597083333333333,21.116666666666667,334.1666666666667,742.6666666666666,42.67625,27.848333333333333,43.1025,16.1375,24.916666666666668,4.304166666666666,-115.29416666666667,7.341666666666666,23.5736,1.9951,25.5681,92.66358333333334,105.6
2026-08-18,R5-008,R5-008_L1800_S2,R5,L1800,60.0,1650.0,99.27866666666667,2778.0,99.43425,2358.0,98.71695833333332,98.05041666666666,0.0,0.499625,0.4495416666666667,98.3265,98.63225,96.20633333333335,1.8125,17.971291666666666,6.389375,45.7225,24.45,-96.665,-12.624166666666667,7.66125,8.565416666666666,7.656666666666666,7.5633333333333335,5.42625,21.3,324.2083333333333,720.4166666666666,45.64166666666667,33.379583333333336,43.34916666666666,17.245833333333334,29.75,3.387916666666667,-115.29541666666667,6.1375,10.7843,1.6481999999999999,12.4323,100.0,0.0
2026-08-18,R5-008,R5-008_L1800_S3,R5,L1800,62.0,1650.0,99.25679166666667,2622.0,99.47983333333333,2227.0,98.7405,97.99458333333332,0.0,0.47870833333333335,0.43087500000000006,98.20520833333335,98.52625,96.39412499999999,2.11875,22.010916666666663,5.3977916666666665,49.58208333333334,22.8875,-101.62916666666666,-9.952916666666667,6.997083333333333,8.499583333333334,8.105833333333333,8.822083333333333,5.1866666666666665,21.941666666666666,395.2916666666667,878.5416666666666,44.07375,30.139166666666668,41.68125,20.720833333333335,33.291666666666664,4.148333333333333,-115.27916666666665,6.954166666666667,14.8967,1.9348,16.8312,100.0,0.0
2026-08-18,R5-008,R5-008_L2100_S1,R5,L2100,58.0,300.0,99.225625,4645.0,99.42037499999999,3949.0,98.65083333333332,98.08749999999999,0.0,0.5070416666666667,0.456375,98.30754166666667,98.66975000000001,96.28558333333332,1.7666666666666666,21.99308333333333,6.075291666666666,50.18333333333334,24.22083333333333,-93.25708333333334,-11.745416666666666,6.916666666666667,8.490833333333333,8.266666666666667,9.712083333333334,5.3220833333333335,20.745833333333334,383.625,852.8333333333334,46.22833333333333,30.471666666666664,40.746249999999996,31.691666666666666,55.875,6.673749999999999,-115.37458333333332,6.858333333333333,46.5583,6.0228,52.580799999999996,100.0,0.0
2026-08-18,R5-008,R5-008_L2100_S2,R5,L2100,61.0,300.0,99.27008333333333,1776.0,99.43195833333334,1506.0,98.70625,98.03125,0.0,0.48270833333333335,0.4343333333333333,98.26233333333333,98.54654166666667,96.25583333333333,1.9404166666666667,20.993624999999998,7.482916666666667,37.78208333333333,24.066666666666666,-93.7275,-9.527083333333334,4.683333333333334,8.269166666666667,8.35875,9.939583333333333,5.3687499999999995,22.212500000000002,558.4583333333334,1241.0833333333333,46.374583333333334,35.74916666666667,44.84291666666667,13.283333333333333,22.583333333333332,3.235,-115.18708333333332,7.129166666666666,9.6736,1.0209,10.694700000000001,100.0,0.0
2026-08-18,R5-008,R5-008_L2100_S3,R5,L2100,63.0,300.0,99.26258333333334,2680.0,99.42433333333334,2279.0,98.69108333333332,97.93541666666665,0.0,0.4995833333333333,0.449625,98.21612499999999,98.53879166666667,96.06737500000001,2.2045833333333333,23.770208333333333,5.70075,44.709583333333335,24.579166666666666,-97.80791666666666,-9.642916666666666,8.57625,8.658333333333333,8.41625,8.094583333333334,5.365416666666667,21.358333333333334,341.6666666666667,759.0416666666666,45.00875,30.799166666666665,43.331250000000004,16.775000000000002,27.75,3.223333333333333,-115.47708333333333,6.804166666666666,12.8113,1.1581,13.969899999999999,100.0,0.0
2026-08-18,R5-008,R5-008_L800_S1,R5,L800,59.0,6200.0,99.23945833333333,5051.0,99.45579166666666,4295.0,98.6995,97.92666666666666,0.0,0.49204166666666665,0.44283333333333336,98.215125,98.46770833333333,96.10270833333334,1.9475,19.466208333333334,6.7828333333333335,29.91541666666667,24.754166666666666,-97.26375,-10.1175,7.08625,8.509583333333333,8.575833333333334,7.8566666666666665,5.14875,22.629166666666666,493.4166666666667,1096.7916666666667,44.50666666666667,35.456250000000004,43.74,35.291666666666664,57.625,10.1925,-115.60541666666667,6.745833333333334,48.5065,6.4681,54.9741,100.0,0.0
2026-08-18,R5-008,R5-008_L800_S3,R5,L800,64.0,6200.0,99.26625,4733.0,99.46729166666667,4023.0,98.73741666666666,98.00583333333333,0.0,0.505375,0.454875,98.35533333333335,98.60795833333333,96.45104166666665,1.95875,17.30125,6.416083333333333,29.55541666666667,23.995833333333334,-97.7325,-9.723333333333334,9.16125,8.715833333333334,7.989166666666667,7.223333333333334,5.193333333333333,22.016666666666666,390.625,868.0416666666666,45.150416666666665,33.987500000000004,42.114583333333336,31.920833333333334,48.291666666666664,8.052916666666667,-115.76791666666666,7.558333333333334,46.3326,5.4743,51.8071,100.0,0.0
2026-08-18,R5-009,R5-009_L1800_S1,R5,L1800,65.0,1650.0,99.25529166666666,4040.0,99.46979166666667,3435.0,98.729125,97.92541666666666,0.0,0.4825,0.43412500000000004,98.25195833333333,98.46545833333333,96.119875,1.9795833333333333,24.774874999999998,6.503875,50.77,24.099999999999998,-98.64,-11.067916666666667,10.279166666666667,8.827916666666667,8.431666666666667,9.820416666666667,5.179166666666666,21.766666666666666,525.7916666666666,1168.4166666666667,46.88458333333333,34.247499999999995,43.23541666666667,26.245833333333334,37.125,4.43375,-114.97458333333333,7.0874999999999995,28.9187,2.6281,31.547,100.0,0.0
2026-08-18,R5-009,R5-009_L1800_S2,R5,L1800,68.0,1650.0,99.18483333333334,3094.0,99.44791666666667,2632.0,98.63754166666666,98.01958333333333,0.0,0.492875,0.443625,98.39345833333334,98.74516666666666,96.45666666666666,1.9845833333333331,20.14325,4.274375,39.47,24.337500000000002,-93.30708333333332,-10.386666666666667,5.748333333333334,8.375,8.288333333333332,7.768750000000001,5.314583333333333,21.883333333333336,438.5833333333333,974.4583333333334,44.656666666666666,27.032916666666665,41.13666666666666,31.337500000000002,55.708333333333336,9.305833333333334,-114.89416666666666,6.620833333333334,29.5013,4.5139,34.0154,100.0,0.0
2026-08-18,R5-009,R5-009_L1800_S3,R5,L1800,70.0,1650.0,99.163875,2171.0,99.46908333333333,1843.0,98.637375,98.03625,0.0,0.5005416666666667,0.4506666666666667,98.27575,98.58983333333333,96.21108333333335,2.1454166666666667,19.91691666666667,4.777541666666667,41.60208333333333,23.870833333333334,-92.71458333333334,-10.9775,8.0475,8.604166666666666,8.433333333333334,10.17375,5.372083333333333,20.941666666666666,394.8333333333333,877.1666666666666,44.094166666666666,25.499583333333334,42.06125,19.35,32.333333333333336,3.2891666666666666,-115.34333333333332,6.791666666666667,23.1117,3.5798,26.6914,100.0,0.0
2026-08-18,R5-009,R5-009_L2100_S1,R5,L2100,66.0,300.0,99.28687500000001,1109.0,99.42329166666667,944.0,98.71445833333333,98.08666666666666,0.0,0.47833333333333333,0.43054166666666666,98.30104166666666,98.64295833333334,96.30520833333333,1.9358333333333333,12.410125,5.6184166666666675,36.86125,23.258333333333336,-95.49083333333334,-9.755416666666667,5.579166666666667,8.359166666666667,8.219166666666666,8.419583333333334,5.315,21.175,409.0,908.9583333333334,44.73500000000001,29.851249999999997,42.0225,12.075000000000001,16.791666666666668,2.105,-115.09249999999999,7.070833333333333,11.6627,1.7254,13.388,100.0,0.0
2026-08-18,R5-009,R5-009_L2100_S2,R5,L2100,69.0,300.0,99.27050000000001,2068.0,99.44,1758.0,98.71458333333334,97.8775,0.0,0.491625,0.442375,98.19229166666668,98.55433333333333,96.19441666666667,2.0175,20.287541666666666,4.2867500000000005,53.84833333333333,24.304166666666664,-94.97166666666668,-9.788333333333334,6.5075,8.450833333333334,7.9437500000000005,7.9725,5.363333333333333,21.708333333333332,541.875,1203.9166666666667,43.73791666666667,31.44541666666667,44.02583333333333,15.341666666666667,25.25,2.4604166666666667,-115.15833333333335,6.979166666666667,14.4451,1.507,15.9521,100.0,0.0
2026-08-18,R5-009,R5-009_L2100_S3,R5,L2100,71.0,300.0,99.26125,1302.0,99.42875,1105.0,98.69433333333335,97.99208333333333,0.0,1.1397083333333333,1.02575,93.22604166666667,93.53841666666666,91.36554166666667,10.674583333333333,18.925541666666668,6.936583333333334,46.10458333333333,23.275000000000002,-95.54291666666666,-11.223333333333334,5.517083333333333,8.351666666666667,8.47875,8.1575,5.247083333333333,20.604166666666668,470.125,1044.75,44.481249999999996,26.059583333333332,40.79875,11.375,20.291666666666668,2.0366666666666666,-114.93374999999999,6.8500000000000005,7.2481,1.1145,8.3628,100.0,0.0
2026-08-18,R5-009,R5-009_L800_S1,R5,L800,67.0,6200.0,99.16708333333334,3360.0,99.44320833333335,2854.0,98.61508333333335,97.79791666666667,0.0,0.4872916666666667,0.4387083333333333,98.24575,98.55129166666667,96.40416666666665,1.91125,23.824125,3.6700416666666666,69.90708333333333,23.558333333333334,-93.02208333333334,-10.108749999999999,6.074583333333333,8.407916666666667,8.191666666666666,7.597083333333333,5.257083333333333,20.154166666666665,354.875,788.5833333333334,45.856249999999996,32.858333333333334,41.454166666666666,22.77916666666667,35.041666666666664,5.953333333333333,-115.66125,6.870833333333334,33.1205,4.9376999999999995,38.058,100.0,0.0
2026-08-18,R5-009,R5-009_L800_S3,R5,L800,72.0,6200.0,99.270875,1785.0,99.452375,1517.0,98.72754166666668,98.0225,0.0,0.5290416666666666,0.4760416666666667,98.36545833333334,98.6875,96.54508333333332,1.8904166666666666,14.272916666666667,3.9600000000000004,29.8275,24.349999999999998,-100.41208333333333,-9.23875,7.6933333333333325,8.569166666666666,7.71375,9.614583333333334,5.20125,21.916666666666668,430.625,956.9583333333334,46.507083333333334,27.21666666666667,42.68333333333334,20.5625,34.791666666666664,3.155,-115.21499999999999,6.883333333333333,27.0804,2.9592,30.04,100.0,0.0
2026-08-18,R5-010,R5-010_L1800_S1,R5,L1800,73.0,1650.0,99.24429166666665,2306.0,99.44220833333333,1961.0,98.69083333333333,97.8825,0.0,0.50075,0.45075,98.210875,98.52875,96.33941666666668,1.9970833333333333,20.48,5.472833333333334,54.65708333333333,23.445833333333336,-91.51083333333334,-9.46625,7.828333333333333,8.584999999999999,8.210416666666667,8.645833333333334,5.029583333333333,19.366666666666667,556.0,1235.5833333333333,45.54958333333334,26.12375,40.50541666666667,14.595833333333333,23.916666666666668,2.7975,-115.04375,7.008333333333333,11.1366,1.1655,12.3025,100.0,0.0
2026-08-18,R5-010,R5-010_L1800_S2,R5,L1800,76.0,1650.0,99.23179166666667,1438.0,99.47275,1221.0,98.70879166666667,97.94416666666666,0.0,0.49737499999999996,0.447625,98.28466666666667,98.61991666666667,96.39133333333332,2.1575,25.196416666666664,7.074708333333334,67.43208333333334,23.8625,-94.38791666666667,-12.034583333333332,6.58875,8.45875,8.352083333333333,10.625,5.351666666666667,22.650000000000002,407.5,905.5833333333334,47.119166666666665,26.58125,44.64041666666666,10.916666666666666,14.875,2.11375,-115.02666666666666,7.404166666666666,10.0579,1.6074,11.6655,100.0,0.0
2026-08-18,R5-010,R5-010_L1800_S3,R5,L1800,78.0,1650.0,99.21754166666666,1573.0,99.43170833333333,1340.0,98.65383333333334,97.99208333333333,0.0,0.508625,0.45779166666666665,98.23,98.49616666666667,96.171875,1.8966666666666665,13.565416666666666,3.7787916666666668,37.4675,23.066666666666666,-98.80666666666667,-9.489166666666668,8.43625,8.643749999999999,8.309583333333334,10.220416666666667,5.4624999999999995,20.091666666666665,548.0,1217.8333333333333,46.369166666666665,26.325416666666666,42.79458333333333,16.220833333333335,21.25,4.8,-115.40166666666666,7.045833333333333,24.0317,2.7217000000000002,26.7536,100.0,0.0
2026-08-18,R5-010,R5-010_L2100_S1,R5,L2100,74.0,300.0,99.23804166666667,2120.0,99.43941666666666,1802.0,98.68187499999999,97.93791666666668,0.0,0.5155833333333334,0.4640416666666667,98.293,98.62358333333333,96.18325,2.1283333333333334,20.52595833333333,4.116416666666667,59.62416666666667,22.99166666666667,-97.13416666666666,-12.362083333333333,6.47625,8.447083333333333,8.281666666666666,8.4,5.2508333333333335,21.579166666666666,365.2916666666667,811.5416666666666,46.74,32.67541666666667,43.24791666666667,14.5875,22.458333333333332,2.6983333333333337,-115.17375,6.395833333333333,13.7073,1.6964,15.4034,100.0,0.0
2026-08-18,R5-010,R5-010_L2100_S2,R5,L2100,77.0,300.0,99.23225000000001,3161.0,99.40520833333333,2688.0,98.64208333333333,98.1225,0.0,0.4980833333333334,0.44845833333333335,98.30008333333332,98.56700000000001,96.23958333333333,2.026666666666667,26.275458333333333,7.388833333333333,66.8525,23.308333333333334,-97.59041666666667,-10.023333333333333,7.634583333333333,8.562916666666666,8.24875,8.673333333333334,5.753333333333334,20.175,574.2083333333334,1276.0,47.32875000000001,29.558333333333334,43.90708333333333,34.1875,58.333333333333336,6.365833333333334,-115.03458333333333,6.779166666666666,27.2408,3.0096,30.2503,100.0,0.0
2026-08-18,R5-010,R5-010_L2100_S3,R5,L2100,79.0,300.0,99.24537500000001,1988.0,99.49004166666667,1692.0,98.73925000000001,98.01041666666667,0.0,0.5115833333333334,0.46049999999999996,98.40183333333334,98.70825,96.20325000000001,1.8916666666666666,21.92379166666667,4.701375,49.91083333333333,24.516666666666666,-103.27583333333332,-11.130833333333333,7.445833333333333,8.544166666666667,8.367083333333333,10.306666666666667,5.254166666666666,21.912499999999998,614.0,1364.5,46.828333333333326,26.86791666666667,42.742916666666666,14.620833333333332,19.958333333333332,3.975,-115.19208333333334,7.3125,17.6699,2.5858,20.2556,100.0,0.0
2026-08-18,R5-010,R5-010_L800_S1,R5,L800,75.0,6200.0,99.25087500000001,4576.0,99.43929166666668,3892.0,98.69445833333333,97.99833333333333,0.0,0.5035416666666667,0.45316666666666666,98.28966666666668,98.59545833333334,96.19208333333334,1.9754166666666666,26.41541666666667,7.395416666666667,52.39541666666667,25.349999999999998,-95.7375,-10.009166666666667,8.0675,8.606250000000001,8.265833333333333,7.0495833333333335,5.225833333333333,21.037499999999998,589.7083333333334,1310.2916666666667,44.03,30.852500000000003,42.92583333333334,27.504166666666666,49.25,6.84375,-115.07875,7.520833333333333,39.9496,4.1775,44.126599999999996,100.0,0.0
2026-08-18,R5-010,R5-010_L800_S3,R5,L800,80.0,6200.0,99.25141666666667,1699.0,99.39520833333334,1444.0,98.65133333333334,98.06124999999999,0.0,0.4628333333333334,0.4165833333333333,98.26779166666667,98.52162500000001,96.29716666666667,1.94125,26.024625,4.797416666666667,71.74458333333334,23.77916666666667,-97.33666666666666,-11.110833333333334,6.757916666666667,8.474583333333333,8.300416666666667,6.922083333333333,5.4025,20.604166666666668,573.2916666666666,1273.9166666666667,45.770833333333336,30.224999999999998,42.57375,12.049999999999999,15.916666666666666,2.07,-115.13041666666668,6.929166666666667,17.4296,2.2279,19.6574,100.0,0.0
2026-08-19,R5-001,R5-001_L1800_S1,R5,L1800,1.0,1650.0,99.23899999999999,3610.0,99.4735,3069.0,98.71675,97.84875,0.0,0.5195833333333334,0.4675416666666667,98.383625,98.67450000000001,96.482125,2.084166666666667,17.076916666666666,4.588375,38.280833333333334,23.583333333333332,-99.54124999999999,-10.888333333333334,8.325833333333334,8.632083333333334,8.345416666666667,6.806666666666666,5.191666666666666,20.591666666666665,438.7916666666667,975.0,44.583333333333336,34.46625,44.23458333333334,31.150000000000002,45.291666666666664,5.10625,-115.18583333333333,6.858333333333333,35.9885,3.9624,39.9504,100.0,0.0
2026-08-19,R5-001,R5-001_L1800_S2,R5,L1800,4.0,1650.0,99.288,3067.0,99.44329166666667,2607.0,98.73541666666667,98.13041666666668,0.0,0.501875,0.4515833333333334,98.19975,98.56737500000001,96.28741666666667,1.9337499999999999,17.709666666666667,5.482291666666666,31.704166666666666,25.474999999999998,-95.77416666666666,-9.391666666666667,7.14125,8.514166666666666,8.409166666666666,8.209583333333333,5.248333333333333,21.145833333333332,453.125,1006.875,43.73458333333334,34.251666666666665,43.61416666666667,21.979166666666668,37.375,5.420833333333333,-115.39375,6.2250000000000005,27.7091,4.2331,31.9423,100.0,0.0
2026-08-19,R5-001,R5-001_L1800_S3,R5,L1800,6.0,1650.0,99.30333333333333,2133.0,99.48395833333332,1812.0,98.79108333333333,98.12083333333334,0.0,0.5205000000000001,0.46845833333333337,98.30125,98.63904166666667,96.08920833333333,2.0308333333333333,17.76275,6.369791666666667,49.58416666666667,25.0,-103.39541666666666,-11.793750000000001,8.172916666666667,8.617083333333333,8.6275,10.007083333333334,5.232083333333333,22.354166666666668,480.9166666666667,1068.5416666666667,45.97875,31.125416666666666,43.37041666666667,24.545833333333334,41.708333333333336,5.4629166666666675,-115.19541666666667,6.908333333333334,20.7485,2.3769,23.1259,100.0,0.0
2026-08-19,R5-001,R5-001_L2100_S1,R5,L2100,2.0,300.0,99.2855,1763.0,99.38270833333333,1497.0,98.67275000000001,97.97583333333334,0.0,1.1955833333333332,1.0759999999999998,98.343125,98.59183333333334,96.255,2.0458333333333334,23.047749999999997,5.901708333333333,51.36833333333333,23.375,-88.19833333333334,-14.725416666666666,1.0345833333333332,6.103750000000001,7.974166666666666,8.369166666666667,5.115833333333334,37.5625,3200.375,6400.958333333333,47.06041666666667,32.9275,42.02125,17.941666666666666,29.833333333333332,3.0766666666666667,-114.90875,26.041666666666668,21.2083,3.1509,24.3585,100.0,0.0
2026-08-19,R5-001,R5-001_L2100_S2,R5,L2100,5.0,300.0,99.26304166666667,2602.0,99.473125,2209.0,98.74012499999999,98.08166666666666,0.0,0.4991666666666667,0.44916666666666666,98.37558333333334,98.68583333333333,96.22125,1.9649999999999999,23.975375,5.6940833333333325,47.51291666666666,24.833333333333332,-95.50375000000001,-9.635833333333332,8.718333333333334,8.671666666666667,8.15875,8.355,5.29125,20.8125,553.25,1229.4583333333333,45.45166666666666,29.615416666666665,41.42625,24.900000000000002,41.5,3.93375,-115.52208333333334,6.3625,21.1162,3.374,24.490199999999998,100.0,0.0
2026-08-19,R5-001,R5-001_L2100_S3,R5,L2100,7.0,300.0,99.24408333333334,2633.0,99.44937499999999,2233.0,98.69775,98.02875,0.0,0.48854166666666665,0.43966666666666665,98.40245833333334,98.725375,96.41837500000001,2.05125,21.426541666666665,7.053875000000001,41.01708333333333,22.96666666666667,-95.72291666666666,-10.4625,8.133750000000001,8.614166666666668,8.15,7.2683333333333335,5.607916666666667,20.454166666666666,602.25,1338.5416666666667,44.52916666666667,28.719166666666666,43.99333333333333,27.508333333333336,46.458333333333336,6.1937500000000005,-115.17958333333333,7.070833333333333,39.8407,6.062,45.9024,100.0,0.0
2026-08-19,R5-001,R5-001_L800_S1,R5,L800,3.0,6200.0,99.2615,5429.0,99.46308333333333,4615.0,98.72879166666667,98.1475,0.0,0.463875,0.4175416666666667,98.28791666666666,98.618375,96.31891666666667,1.9158333333333333,26.056625,3.657625,59.923750000000005,24.391666666666666,-96.06625000000001,-10.1425,8.25375,8.625833333333334,8.175833333333333,8.635833333333332,5.517916666666667,20.825,436.2916666666667,969.4583333333334,45.14291666666667,25.32875,42.93333333333334,33.22083333333333,51.75,7.08875,-115.10875,7.0874999999999995,37.1127,5.7779,42.8905,100.0,0.0
2026-08-19,R5-001,R5-001_L800_S3,R5,L800,8.0,6200.0,99.214,4161.0,99.46320833333334,3539.0,98.68150000000001,98.07708333333333,0.0,0.5069166666666667,0.45625,98.29833333333333,98.59733333333334,96.51358333333333,2.0412500000000002,23.504291666666663,7.189583333333334,52.0,24.0625,-97.34666666666668,-10.97375,6.601666666666667,8.459999999999999,8.125,7.986666666666667,5.0675,22.0125,398.3333333333333,884.8333333333334,46.81375,26.199166666666667,42.24041666666667,31.320833333333336,54.75,8.37625,-115.51708333333333,7.195833333333333,44.4996,4.9543,49.4539,100.0,0.0
2026-08-19,R5-002,R5-002_L1800_S1,R5,L1800,9.0,1650.0,99.20575000000001,4365.0,99.49170833333334,3711.0,98.70162499999999,98.01333333333334,0.0,0.46341666666666664,0.41720833333333335,98.28362499999999,98.58695833333333,96.47920833333335,2.12375,8.490583333333333,4.80675,17.978333333333335,25.566666666666666,-98.74541666666666,-10.019583333333333,10.234166666666667,8.822916666666666,8.105416666666667,9.553333333333333,5.0675,21.4875,519.125,1153.7083333333333,70.14,45.3225,42.58583333333333,59.975,88.75,14.685416666666667,-115.67791666666666,6.870833333333334,50.316,3.4677000000000002,53.7841,100.0,0.0
2026-08-19,R5-002,R5-002_L1800_S2,R5,L1800,12.0,1650.0,99.20429166666666,1816.0,99.44591666666666,1541.0,98.65441666666668,98.06541666666668,0.0,0.49854166666666666,0.4487083333333333,98.22479166666666,98.53620833333333,96.18654166666666,1.915,18.155208333333334,4.6455416666666665,49.12875,24.2375,-96.83208333333333,-8.487499999999999,8.065,8.606250000000001,8.485416666666667,9.967083333333333,5.29625,20.849999999999998,484.0416666666667,1075.75,44.61416666666667,26.28,42.98374999999999,20.858333333333334,28.041666666666668,5.915416666666666,-115.185,6.608333333333333,13.9313,1.7004000000000001,15.6317,100.0,0.0
2026-08-19,R5-002,R5-002_L1800_S3,R5,L1800,14.0,1650.0,99.25183333333332,4410.0,99.44379166666666,3747.0,98.7,98.02999999999999,0.0,0.481875,0.433625,98.38354166666666,98.68654166666666,96.38716666666666,2.0,22.14170833333333,3.7609166666666667,38.2475,25.079166666666666,-96.02708333333334,-9.82375,8.64125,8.665416666666667,8.285416666666666,9.954166666666667,5.163333333333333,21.620833333333334,597.5833333333334,1327.9583333333333,46.72958333333333,34.41791666666666,43.881249999999994,27.791666666666668,45.208333333333336,6.649583333333333,-115.26958333333333,7.341666666666666,23.9087,2.8618,26.770699999999998,100.0,0.0
2026-08-19,R5-002,R5-002_L2100_S1,R5,L2100,10.0,300.0,99.27341666666666,3951.0,99.44179166666667,3360.0,98.71945833333332,98.06875000000001,0.0,0.4975,0.44779166666666664,98.39691666666666,98.80604166666666,96.24916666666667,2.0570833333333334,13.033041666666668,3.545166666666667,21.9525,24.59166666666667,-96.67750000000001,-10.0625,9.915833333333333,8.79125,8.241666666666667,8.783333333333333,5.394166666666667,19.895833333333332,368.5833333333333,819.1666666666666,44.33958333333334,29.079166666666666,41.49166666666667,23.945833333333336,39.875,4.083333333333333,-114.81166666666667,7.454166666666667,28.524,3.5604,32.0843,100.0,0.0
2026-08-19,R5-002,R5-002_L2100_S2,R5,L2100,13.0,300.0,99.22137500000001,4337.0,99.477125,3689.0,98.70275,98.06875000000001,0.0,0.5057916666666666,0.4552083333333334,98.24329166666666,98.55083333333333,96.23441666666668,2.0258333333333334,21.535,3.8705,61.11000000000001,23.95,-98.14083333333333,-9.630416666666667,8.772916666666667,8.6775,8.432916666666666,10.33875,5.4575,20.329166666666666,336.5,747.75,43.75791666666667,27.409166666666664,41.90541666666667,27.708333333333332,40.125,8.2225,-115.05708333333332,7.041666666666667,25.2869,3.2027,28.4893,100.0,0.0
2026-08-19,R5-002,R5-002_L2100_S3,R5,L2100,15.0,300.0,99.24920833333334,2122.0,99.44795833333335,1799.0,98.7015,98.11208333333333,0.0,0.5190833333333333,0.46725,98.26779166666667,98.58550000000001,96.24287500000001,1.9991666666666665,12.866624999999999,6.995291666666667,20.311666666666667,24.858333333333334,-102.22333333333334,-9.520416666666668,6.587083333333333,8.458333333333334,7.985416666666667,8.145,5.089166666666666,21.333333333333332,391.25,869.375,47.390833333333326,29.379583333333333,43.370000000000005,23.916666666666668,39.666666666666664,6.370416666666666,-114.99666666666667,7.6625000000000005,34.390499999999996,5.3225999999999996,39.713,100.0,0.0
2026-08-19,R5-002,R5-002_L800_S1,R5,L800,11.0,6200.0,99.27529166666666,1245.0,99.429375,1057.0,98.70891666666667,98.015,0.0,0.4590416666666666,0.41320833333333334,98.32875,98.61758333333334,96.26425,1.8875,24.145458333333334,6.057208333333333,64.32666666666667,23.991666666666664,-94.11541666666666,-8.770833333333334,6.702916666666667,8.469583333333334,8.169583333333334,8.827916666666667,5.248333333333333,20.875,624.1666666666666,1386.875,44.52458333333333,30.691666666666666,44.01958333333334,14.475,21.666666666666668,2.3162499999999997,-115.11541666666666,6.841666666666666,18.9069,2.483,21.389499999999998,100.0,0.0
2026-08-19,R5-002,R5-002_L800_S3,R5,L800,16.0,6200.0,99.25483333333334,5223.0,99.45158333333335,4441.0,98.71058333333333,98.01375,0.0,0.5171666666666667,0.4653333333333333,98.31275,98.59879166666667,96.18645833333333,2.0187500000000003,25.308208333333337,7.254083333333333,65.26875,24.53333333333333,-96.53916666666667,-11.905833333333334,7.87875,8.587083333333334,8.687916666666666,7.9125000000000005,5.675,20.779166666666665,325.4583333333333,723.125,45.876666666666665,25.442083333333333,44.71333333333333,34.3125,52.75,5.940416666666667,-115.21,6.483333333333333,50.9003,4.9599,55.8599,100.0,0.0
2026-08-19,R5-003,R5-003_L1800_S1,R5,L1800,17.0,1650.0,99.24183333333333,3580.0,99.43766666666666,3044.0,98.68383333333333,97.90041666666667,0.0,0.5160833333333333,0.46445833333333336,98.21158333333334,98.49579166666666,96.31858333333334,2.0941666666666667,21.564708333333332,5.343083333333333,64.15625,24.616666666666664,-98.46125,-9.009583333333333,7.212083333333333,8.52,8.0925,9.65,5.332083333333333,22.0625,460.625,1023.5416666666666,47.58083333333334,37.31916666666667,43.028333333333336,29.666666666666668,43.458333333333336,7.105416666666667,-115.15750000000001,7.4875,34.9583,3.0744,38.0326,100.0,0.0
2026-08-19,R5-003,R5-003_L1800_S2,R5,L1800,20.0,1650.0,96.873125,4692.0,99.46179166666667,3989.0,96.351875,98.05791666666666,0.0,1.7284583333333332,1.5555416666666666,98.37054166666667,98.75379166666666,96.29783333333334,2.122916666666667,4.4619583333333335,4.480333333333333,13.031666666666666,23.7625,-114.24083333333334,-10.200833333333334,1.47375,5.646249999999999,8.265416666666667,10.723333333333334,35.665416666666665,44.8125,356.7083333333333,792.5416666666666,44.33916666666667,31.5675,42.79458333333333,30.458333333333332,52.375,6.07375,-115.075,6.3500000000000005,27.1116,2.3535,29.465600000000002,100.0,0.0
2026-08-19,R5-003,R5-003_L1800_S3,R5,L1800,22.0,1650.0,99.239125,2910.0,99.47120833333334,2475.0,98.71441666666668,97.92,0.0,0.5203333333333333,0.4683333333333333,98.243375,98.52475,96.300125,2.0825,14.326125,3.576791666666667,24.182916666666667,23.45,-93.84708333333333,-10.719999999999999,7.622083333333333,8.561666666666666,7.845416666666666,6.65875,5.451250000000001,21.008333333333333,613.125,1362.375,45.69291666666667,27.96666666666667,41.355,18.283333333333335,24.166666666666668,4.183333333333334,-115.53833333333334,6.7250000000000005,20.6225,3.1112,23.7341,100.0,0.0
2026-08-19,R5-003,R5-003_L2100_S1,R5,L2100,18.0,300.0,99.19970833333333,1323.0,99.44166666666666,1122.0,98.64616666666666,97.97458333333333,0.0,0.5218333333333333,0.46970833333333334,98.385375,98.72216666666667,96.391375,1.99125,22.890583333333336,3.766833333333333,58.590833333333336,23.71666666666667,-98.14125,-11.03625,8.7925,8.678749999999999,8.874583333333334,8.325833333333334,5.132916666666667,20.704166666666666,517.4583333333334,1149.8333333333333,45.26833333333334,31.085416666666664,43.35125,12.254166666666668,19.458333333333332,2.0166666666666666,-115.33416666666666,7.316666666666666,9.9585,0.8437,10.8019,100.0,0.0
2026-08-19,R5-003,R5-003_L2100_S2,R5,L2100,21.0,300.0,99.30429166666666,2986.0,99.47129166666667,2538.0,98.77954166666666,97.93458333333332,0.0,0.512125,0.46091666666666664,98.31854166666666,98.609,96.25191666666666,2.1404166666666664,12.563291666666666,3.6930416666666663,19.872916666666665,23.883333333333336,-97.3,-10.365833333333333,7.692916666666666,8.570833333333333,8.315833333333332,8.037083333333333,5.692083333333334,19.695833333333333,473.2916666666667,1051.7083333333333,45.62416666666667,36.17625,42.33958333333333,21.691666666666666,37.166666666666664,3.4408333333333334,-115.40166666666666,7.05,13.5547,2.1607,15.7155,100.0,0.0
2026-08-19,R5-003,R5-003_L2100_S3,R5,L2100,23.0,300.0,99.25329166666667,3327.0,99.45466666666665,2828.0,98.71208333333334,97.72333333333334,0.0,0.4992916666666667,0.44929166666666664,98.32058333333333,98.61416666666666,96.24287500000001,1.9720833333333332,21.295291666666667,5.354416666666666,57.79541666666666,24.775000000000002,-98.27708333333334,-10.289583333333333,10.13,8.812916666666666,8.630833333333333,10.360416666666667,5.065,20.770833333333332,330.875,734.9583333333334,47.72333333333333,28.1725,40.97625,29.191666666666666,41.666666666666664,8.682916666666667,-115.20791666666668,7.308333333333334,29.2519,4.169,33.4209,100.0,0.0
2026-08-19,R5-003,R5-003_L800_S1,R5,L800,19.0,6200.0,99.22833333333334,4159.0,99.39216666666665,3536.0,98.62541666666665,97.81416666666667,0.0,0.5055,0.45495833333333335,98.17216666666667,98.47583333333334,96.29479166666665,2.0475,14.027,5.52075,36.635416666666664,23.695833333333336,-92.12,-9.84375,8.640833333333333,8.663333333333332,8.26,10.659583333333332,5.5633333333333335,21.212500000000002,325.9166666666667,724.2083333333334,45.848333333333336,36.32083333333333,43.67791666666667,28.3125,47.791666666666664,4.507916666666667,-115.23208333333334,7.929166666666667,36.597,5.3853,41.9825,100.0,0.0
2026-08-19,R5-003,R5-003_L800_S3,R5,L800,24.0,6200.0,99.24725000000001,2917.0,99.40841666666667,2479.0,98.66020833333334,97.95916666666666,0.0,0.506375,0.45566666666666666,98.13237500000001,98.42033333333335,96.209875,1.955,21.925749999999997,6.314041666666667,33.73875,24.358333333333334,-93.57208333333334,-9.545416666666666,6.274583333333333,8.427083333333334,7.911666666666666,9.180416666666668,5.466666666666666,20.729166666666668,496.6666666666667,1103.7083333333333,44.18666666666667,31.50916666666667,43.543749999999996,18.087500000000002,25.5,4.0925,-115.33666666666666,6.45,21.5423,2.1037,23.6459,100.0,0.0
2026-08-19,R5-004,R5-004_L1800_S1,R5,L1800,25.0,1650.0,99.21708333333333,4771.0,99.41341666666666,4058.0,98.63520833333332,97.85708333333334,0.0,0.4779166666666667,0.43016666666666664,98.284375,98.57529166666666,96.16741666666667,1.9887499999999998,22.835958333333334,6.040041666666667,34.99166666666667,23.308333333333334,-99.76208333333334,-10.279583333333333,9.493333333333334,8.749166666666666,8.065,6.834583333333334,5.264166666666667,20.179166666666667,338.875,753.2083333333334,45.81375,26.650000000000002,43.07541666666666,32.55833333333333,54.25,5.090833333333333,-115.28166666666668,6.216666666666666,21.7284,2.7152,24.4436,100.0,0.0
2026-08-19,R5-004,R5-004_L1800_S2,R5,L1800,28.0,1650.0,99.22666666666667,2728.0,99.497125,2319.0,98.72766666666666,98.01791666666666,0.0,0.6833333333333332,0.615,98.50166666666667,98.78341666666667,96.40174999999999,2.0925,19.030291666666667,7.74475,50.04,25.320833333333336,-99.83125,-10.996666666666668,7.2562500000000005,8.569166666666666,8.054583333333333,7.376666666666666,7.8175,21.412499999999998,321.6666666666667,714.9583333333334,43.525416666666665,26.322916666666668,42.21791666666667,16.529166666666665,25.625,3.8541666666666665,-114.82916666666667,7.3875,13.0388,1.302,14.3411,100.0,0.0
2026-08-19,R5-004,R5-004_L1800_S3,R5,L1800,30.0,1650.0,99.23195833333334,2986.0,99.42929166666666,2538.0,98.66570833333333,98.05958333333332,0.0,0.5198333333333334,0.4678333333333333,98.36158333333333,98.662375,96.52562499999999,2.067083333333333,21.01925,7.202375,55.405833333333334,23.337500000000002,-101.78791666666666,-9.38125,4.392083333333333,8.24,7.970833333333334,7.835416666666667,5.115833333333334,20.479166666666668,524.25,1165.2083333333333,45.364583333333336,34.69958333333333,41.624583333333334,34.35,61.583333333333336,9.677083333333334,-115.425,7.2,20.9397,2.5926,23.5321,100.0,0.0
2026-08-19,R5-004,R5-004_L2100_S1,R5,L2100,26.0,300.0,99.32295833333335,3051.0,99.45641666666667,2595.0,98.78325000000001,97.95375,0.0,0.48675,0.43812500000000004,98.35966666666667,98.67458333333333,96.26133333333333,2.0554166666666664,15.931125,7.081833333333333,45.63625,23.879166666666666,-95.60916666666667,-8.804583333333333,9.425833333333333,8.742083333333333,8.496666666666666,9.790416666666667,5.214583333333334,20.670833333333334,529.1666666666666,1175.75,44.931666666666665,30.676666666666666,42.59708333333334,26.954166666666666,45.5,4.743333333333333,-115.84666666666668,6.8875,33.1665,5.1591000000000005,38.3257,100.0,0.0
2026-08-19,R5-004,R5-004_L2100_S2,R5,L2100,29.0,300.0,99.26320833333334,3434.0,99.4545,2921.0,98.721625,98.11541666666666,0.0,0.5057916666666666,0.45525,98.250375,98.56054166666667,96.26575000000001,2.0920833333333335,17.671958333333333,4.863791666666667,28.737083333333334,23.758333333333336,-102.01791666666666,-10.105,8.221666666666666,8.622083333333334,8.029583333333333,10.269166666666667,5.2875000000000005,20.041666666666668,540.4166666666666,1201.0416666666667,45.2575,27.732916666666668,40.93083333333333,23.879166666666666,36.791666666666664,6.675,-115.17041666666667,7.2875000000000005,30.3386,4.8214,35.1605,100.0,0.0
2026-08-19,R5-004,R5-004_L2100_S3,R5,L2100,31.0,300.0,99.27791666666667,3974.0,99.42270833333333,3378.0,98.70466666666665,98.03750000000001,0.0,0.5382916666666667,0.4844583333333334,98.15899999999999,98.45604166666668,96.080375,2.0566666666666666,25.540458333333333,7.324708333333334,75.53208333333333,23.866666666666664,-96.32666666666667,-8.182916666666667,7.432083333333334,8.543333333333333,8.041666666666666,8.794166666666667,5.567083333333334,20.908333333333335,324.0,719.875,44.697916666666664,30.165833333333335,43.22541666666667,25.545833333333334,34.583333333333336,4.605416666666667,-115.72416666666668,7.166666666666667,36.8807,5.3154,42.196,100.0,0.0
2026-08-19,R5-004,R5-004_L800_S1,R5,L800,27.0,6200.0,99.23508333333332,3947.0,99.45516666666667,3356.0,98.694375,97.92125,0.0,0.5240833333333333,0.4715416666666667,98.260375,98.56241666666666,96.38212499999999,1.95125,23.5215,4.778416666666667,50.4,24.391666666666666,-99.52166666666666,-10.44875,5.670416666666667,8.366666666666665,8.317083333333333,10.761249999999999,4.700833333333334,20.795833333333334,586.2083333333334,1302.875,46.831250000000004,33.393750000000004,43.67166666666666,32.145833333333336,46.375,7.58875,-115.255,6.995833333333334,45.4884,7.086,52.5744,100.0,0.0
2026-08-19,R5-004,R5-004_L800_S3,R5,L800,32.0,6200.0,99.20675,2949.0,99.464,2507.0,98.67525,97.87458333333332,0.0,0.48937499999999995,0.4402916666666667,98.33004166666666,98.597625,96.32808333333332,2.0795833333333333,21.018166666666666,5.271625,60.18333333333334,22.258333333333336,-95.82041666666667,-11.1975,7.079583333333333,8.5075,7.571666666666666,7.225833333333333,5.21875,21.099999999999998,394.8333333333333,877.375,44.307500000000005,29.55333333333333,41.69625,25.366666666666664,38.666666666666664,6.771666666666667,-115.3075,7.616666666666667,18.9954,2.3248,21.3202,100.0,0.0
2026-08-19,R5-005,R5-005_L1800_S1,R5,L1800,33.0,1650.0,97.60275,2918.0,99.43175000000001,2481.0,97.04845833333333,88.78500000000001,0.0,1.4868333333333332,1.3380833333333333,98.24395833333334,98.53433333333334,96.24520833333334,2.08,24.413291666666666,2.075416666666667,70.95166666666667,23.491666666666664,-91.5725,-9.204583333333334,8.529583333333333,8.65375,8.13625,6.535416666666666,5.572500000000001,21.375,343.5833333333333,763.5416666666666,45.03958333333333,33.89833333333333,42.367916666666666,24.8125,37.708333333333336,4.354583333333333,-100.11708333333333,39.90416666666667,19.6715,2.1938,21.8652,100.0,0.0
2026-08-19,R5-005,R5-005_L1800_S2,R5,L1800,36.0,1650.0,99.20333333333333,4679.0,99.42191666666668,3977.0,98.62966666666667,98.03666666666668,0.0,0.50825,0.4575,98.22383333333333,98.48883333333333,96.078125,2.033333333333333,15.165583333333332,6.626916666666666,35.450833333333335,24.770833333333332,-96.685,-11.337083333333334,8.3325,8.633750000000001,8.240416666666667,7.540416666666666,5.441666666666666,21.820833333333336,571.875,1270.9166666666667,46.36333333333334,26.786666666666665,44.98916666666667,29.40833333333333,38.666666666666664,6.925416666666667,-115.60958333333333,7.541666666666667,19.8048,3.0303,22.835,100.0,0.0
2026-08-19,R5-005,R5-005_L1800_S3,R5,L1800,38.0,1650.0,99.21024999999999,3692.0,99.41691666666667,3139.0,98.632,98.06208333333335,0.0,0.49924999999999997,0.44925,98.31858333333334,98.69933333333334,96.30283333333334,2.11875,16.8995,4.906916666666667,27.794166666666666,24.870833333333334,-95.42583333333333,-11.035416666666668,6.00875,8.40125,8.642083333333334,10.184166666666668,5.081666666666666,22.583333333333332,443.7916666666667,986.2916666666666,46.477916666666665,33.75625,43.87125,33.604166666666664,50.0,7.675,-114.81666666666666,7.020833333333333,23.6141,3.0444999999999998,26.6591,100.0,0.0
2026-08-19,R5-005,R5-005_L2100_S1,R5,L2100,34.0,300.0,99.24145833333334,5479.0,99.45641666666667,4655.0,98.70220833333333,98.09291666666667,0.0,0.4648333333333334,0.41841666666666666,98.1945,98.55537500000001,96.12712499999999,1.995,24.623041666666666,4.080791666666667,57.050000000000004,23.34166666666667,-96.82208333333334,-10.632916666666667,7.107916666666667,8.510416666666666,8.575416666666667,9.035,5.229166666666667,20.974999999999998,575.2083333333334,1278.4166666666667,45.23416666666666,30.36916666666667,42.03458333333334,33.65833333333333,50.125,7.495833333333334,-115.27916666666665,7.083333333333333,31.6885,3.1961,34.8846,100.0,0.0
2026-08-19,R5-005,R5-005_L2100_S2,R5,L2100,37.0,300.0,99.24241666666667,2158.0,99.46483333333333,1837.0,98.71125,97.96,0.0,0.5211666666666667,0.46904166666666663,98.217,98.54291666666666,96.25937499999999,2.0029166666666667,18.922625,3.510125,35.35041666666667,25.333333333333332,-94.14666666666666,-10.187916666666666,8.211666666666668,8.620416666666666,8.614166666666668,7.59,5.332083333333333,20.2,371.2083333333333,824.9166666666666,46.505833333333335,31.491249999999997,42.121249999999996,20.425,35.5,3.70375,-114.8825,7.05,22.7785,2.8035,25.5823,100.0,0.0
2026-08-19,R5-005,R5-005_L2100_S3,R5,L2100,39.0,300.0,99.26187499999999,1205.0,99.45058333333333,1023.0,98.71666666666665,98.07791666666667,0.0,0.485625,0.437125,98.24933333333333,98.53204166666666,96.32712500000001,1.96875,21.079,3.95875,34.762499999999996,24.045833333333334,-97.52833333333332,-9.862499999999999,9.237083333333333,8.72375,8.0925,8.020416666666668,5.435416666666666,20.337500000000002,419.625,932.5833333333334,43.83166666666667,27.29125,41.36708333333333,11.387500000000001,18.791666666666668,3.11375,-115.69916666666667,7.445833333333333,12.1971,1.5902,13.7873,100.0,0.0
2026-08-19,R5-005,R5-005_L800_S1,R5,L800,35.0,6200.0,99.23908333333333,1164.0,99.44487500000001,991.0,98.68816666666667,98.17666666666666,0.0,0.5179166666666667,0.4661666666666667,98.21154166666668,98.554125,96.14195833333333,2.0170833333333333,18.230375,4.145166666666667,52.82791666666666,24.587500000000002,-96.39833333333333,-9.975,6.56375,8.456249999999999,8.393333333333333,8.405,5.522916666666667,21.0125,512.4166666666666,1138.7083333333333,44.4675,30.248333333333335,38.9175,12.737499999999999,18.208333333333332,2.0845833333333332,-115.22000000000001,7.295833333333333,15.3841,1.8753,17.2593,100.0,0.0
2026-08-19,R5-005,R5-005_L800_S3,R5,L800,40.0,6200.0,99.25370833333334,2184.0,99.46529166666666,1859.0,98.722875,98.03958333333333,0.0,0.5060833333333333,0.45541666666666664,98.3275,98.63333333333333,96.46395833333334,1.9208333333333334,17.869916666666665,5.165916666666667,49.98499999999999,23.6375,-93.86291666666666,-8.22,6.5754166666666665,8.457083333333333,8.035416666666666,10.304166666666667,5.3620833333333335,21.40833333333333,425.625,945.75,43.687916666666666,28.948333333333334,42.2325,14.741666666666667,23.083333333333332,4.33375,-115.27416666666666,6.9875,17.7863,2.4795,20.2662,100.0,0.0
2026-08-19,R5-006,R5-006_L1800_S1,R5,L1800,41.0,1650.0,99.27383333333334,2683.0,99.47904166666666,2281.0,98.75670833333334,97.97166666666668,0.0,0.51,0.4590416666666666,98.37591666666667,98.73641666666667,96.33241666666667,1.8491666666666664,23.851708333333335,4.639333333333333,67.35541666666667,23.8125,-100.83999999999999,-9.723333333333334,6.793333333333333,8.48,8.702916666666667,7.557083333333334,5.265833333333333,20.866666666666667,323.2083333333333,718.4166666666666,46.52041666666667,27.233333333333334,44.280833333333334,24.962500000000002,34.666666666666664,5.755,-115.44749999999999,7.029166666666666,19.8753,2.9465,22.8217,100.0,0.0
2026-08-19,R5-006,R5-006_L1800_S2,R5,L1800,44.0,1650.0,99.24025,3222.0,99.496125,2737.0,98.74029166666666,97.99833333333333,0.0,0.47433333333333333,0.427,98.34433333333334,98.66737499999999,96.18979166666666,1.985,23.803375000000003,7.156583333333334,66.50541666666668,23.125,-96.92875,-8.927083333333334,5.733750000000001,8.37375,8.505,10.5425,5.2250000000000005,19.908333333333335,402.1666666666667,893.8333333333334,45.649166666666666,33.518750000000004,41.75416666666667,30.84583333333333,50.041666666666664,7.3812500000000005,-115.51125,6.9125000000000005,34.4776,4.725,39.202600000000004,100.0,0.0
2026-08-19,R5-006,R5-006_L1800_S3,R5,L1800,46.0,1650.0,99.27433333333333,4608.0,99.14654166666666,3916.0,98.42725,97.96208333333334,21.0,0.5375833333333333,0.48374999999999996,98.325625,98.65695833333332,96.48899999999999,2.0595833333333333,7.461958333333333,4.8955416666666665,17.961666666666666,24.5625,-95.67166666666667,-10.967500000000001,8.116249999999999,8.611666666666666,8.40125,10.590833333333334,5.2595833333333335,20.704166666666666,538.7083333333334,1197.0833333333333,74.96208333333333,50.94291666666667,74.63625,69.76666666666667,123.625,19.2475,-114.85291666666666,7.0625,105.37650000000001,6.78,112.1568,100.0,0.0
2026-08-19,R5-006,R5-006_L2100_S1,R5,L2100,42.0,300.0,99.23245833333334,5604.0,99.46404166666667,4765.0,98.70066666666666,97.99374999999999,0.0,0.4702916666666667,0.4231666666666667,98.235,98.47125,96.24675,2.0812500000000003,23.28525,6.866666666666667,66.16458333333334,23.520833333333332,-97.01041666666667,-11.424583333333333,8.272499999999999,8.627083333333333,8.464166666666666,10.0675,5.284166666666667,21.916666666666668,382.4583333333333,850.0416666666666,44.382083333333334,30.52333333333333,41.834583333333335,33.666666666666664,54.041666666666664,5.962083333333333,-115.29333333333334,7.054166666666667,45.1122,6.2667,51.3789,100.0,0.0
2026-08-19,R5-006,R5-006_L2100_S2,R5,L2100,45.0,300.0,99.29833333333333,3463.0,99.37808333333334,2945.0,98.68079166666666,97.80125,0.0,0.482875,0.43454166666666666,98.31608333333332,98.58354166666668,96.21166666666666,2.0500000000000003,17.276083333333332,5.966458333333333,42.072916666666664,23.849999999999998,-96.90249999999999,-9.802083333333334,8.554583333333333,8.655416666666666,7.857499999999999,7.909166666666667,5.032916666666667,20.154166666666665,460.5416666666667,1023.375,46.71625,32.092083333333335,42.96666666666667,28.491666666666664,46.208333333333336,6.746666666666666,-115.55291666666666,6.8625,33.9093,4.9795,38.8889,100.0,0.0
2026-08-19,R5-006,R5-006_L2100_S3,R5,L2100,47.0,300.0,99.26941666666666,1658.0,99.40554166666668,1408.0,98.67933333333333,97.95958333333333,0.0,0.46475,0.418125,98.2595,98.55820833333333,96.12525,2.0275000000000003,20.08675,4.420416666666667,36.245,23.929166666666664,-93.4825,-10.54625,10.203333333333333,8.820416666666667,8.115,9.667083333333332,5.332916666666667,21.1375,380.1666666666667,844.7916666666666,44.48083333333333,33.208333333333336,41.66916666666667,13.9375,20.041666666666668,4.119583333333334,-115.12083333333334,7.3875,19.4469,2.582,22.0286,100.0,0.0
2026-08-19,R5-006,R5-006_L800_S1,R5,L800,43.0,6200.0,99.2115,2313.0,99.44404166666668,1965.0,98.660125,97.96083333333333,0.0,0.45379166666666665,0.40845833333333337,98.32425,98.678875,96.19095833333334,1.8604166666666666,18.500291666666666,6.163208333333333,28.695833333333336,22.920833333333334,-94.92416666666666,-8.541666666666666,7.715416666666667,8.57,8.537083333333333,10.459166666666667,5.207916666666667,20.316666666666666,403.5833333333333,897.0416666666666,44.62291666666667,26.728333333333335,41.830416666666665,20.379166666666666,32.041666666666664,3.4975,-115.53250000000001,6.566666666666666,28.5323,3.6618,32.1944,100.0,0.0
2026-08-19,R5-006,R5-006_L800_S3,R5,L800,48.0,6200.0,99.22379166666667,2296.0,99.48820833333333,1951.0,98.71612499999999,98.04166666666667,0.0,0.461125,0.4149583333333333,98.31879166666666,98.5865,96.16420833333332,1.9725,20.511458333333334,5.651083333333333,45.95666666666667,24.59583333333333,-98.60416666666667,-12.414583333333333,5.7025,8.370833333333334,8.5675,7.919583333333333,5.56375,21.775000000000002,374.7083333333333,832.5,43.09625,28.039583333333336,42.80083333333334,26.224999999999998,40.541666666666664,7.395833333333333,-115.38375,7.366666666666667,21.0536,3.194,24.2476,100.0,0.0
2026-08-19,R5-007,R5-007_L1800_S1,R5,L1800,49.0,1650.0,99.22725000000001,1481.0,99.446375,1262.0,98.67795833333334,98.02375,0.0,0.4795416666666667,0.43166666666666664,98.39583333333333,98.78095833333333,96.32683333333334,1.9429166666666668,19.355083333333333,6.626791666666667,43.977916666666665,23.09166666666667,-97.38708333333334,-10.275833333333333,7.302499999999999,8.529166666666667,8.220833333333333,9.875,4.84875,20.912499999999998,565.875,1257.5833333333333,45.38916666666666,27.20875,44.185,16.016666666666666,26.041666666666668,3.9858333333333333,-115.575,6.875,14.4065,1.3085,15.7149,100.0,0.0
2026-08-19,R5-007,R5-007_L1800_S2,R5,L1800,52.0,1650.0,99.2615,1003.0,99.43,852.0,98.69574999999999,97.88166666666666,0.0,0.49300000000000005,0.44366666666666665,98.243,98.47779166666668,96.263125,1.995,25.716333333333335,5.301666666666667,60.20875,24.65416666666667,-95.60041666666666,-11.945,6.055416666666667,8.40625,8.479166666666666,10.3425,5.402083333333334,20.8,424.25,942.625,46.536249999999995,29.43375,43.02333333333333,10.670833333333334,16.666666666666668,1.8216666666666665,-114.76708333333333,8.179166666666667,9.2402,0.8804,10.1203,100.0,0.0
2026-08-19,R5-007,R5-007_L1800_S3,R5,L1800,54.0,1650.0,99.18991666666666,2165.0,99.43520833333334,1837.0,98.62966666666667,98.06083333333333,0.0,0.49725,0.44745833333333335,98.25420833333334,98.62895833333334,96.37066666666668,2.0075,18.965708333333335,4.542666666666666,44.1575,24.0125,-101.38833333333334,-11.161666666666667,8.392916666666666,8.639583333333333,7.9025,6.615416666666667,4.77375,19.958333333333332,417.625,928.3333333333334,45.69708333333333,31.60375,42.51708333333333,24.075,39.291666666666664,6.6025,-115.52833333333332,7.25,19.8946,2.5783,22.4729,100.0,0.0
2026-08-19,R5-007,R5-007_L2100_S1,R5,L2100,50.0,300.0,99.202875,4234.0,99.45570833333333,3600.0,98.663125,97.96625,0.0,0.5309583333333333,0.4779583333333333,98.39941666666665,98.7435,96.21129166666667,2.0475,18.28858333333333,5.582916666666667,34.71333333333333,23.608333333333334,-92.85625,-8.194166666666666,10.145833333333334,8.814166666666667,8.224166666666667,10.055833333333334,5.4675,20.620833333333334,567.0833333333334,1259.875,46.259166666666665,34.92583333333334,42.34875,33.545833333333334,53.666666666666664,7.708749999999999,-115.40625,6.791666666666667,41.4027,3.316,44.7189,100.0,0.0
2026-08-19,R5-007,R5-007_L2100_S2,R5,L2100,53.0,300.0,94.15379166666666,1186.0,95.58291666666666,1009.0,89.99620833333334,92.01916666666666,0.0,0.4880416666666667,0.439375,98.241875,98.54883333333333,96.352875,1.93,12.74825,7.19275,24.891666666666666,23.566666666666666,-93.96166666666666,-9.295416666666666,6.5675,8.456249999999999,8.260833333333332,9.985,5.222916666666666,21.558333333333334,527.25,1171.625,48.17625,34.76125,68.07833333333333,11.116666666666667,18.375,2.91625,-114.72625,6.7375,7.5366,0.6807,8.2174,100.0,0.0
2026-08-19,R5-007,R5-007_L2100_S3,R5,L2100,55.0,300.0,99.17475,2170.0,99.422375,1846.0,98.602125,97.95708333333333,0.0,0.5300416666666666,0.477125,98.33929166666667,98.65637500000001,96.393125,1.9104166666666667,25.243083333333335,7.105416666666667,47.10958333333334,23.891666666666666,-97.23708333333333,-10.130833333333333,7.326666666666667,8.5325,8.504583333333334,9.938333333333334,5.2075000000000005,22.150000000000002,329.5,732.25,46.528333333333336,36.99333333333333,42.754999999999995,15.233333333333334,26.291666666666668,3.3720833333333338,-115.1425,7.779166666666666,9.3206,1.0195,10.3399,100.0,0.0
2026-08-19,R5-007,R5-007_L800_S1,R5,L800,51.0,6200.0,99.25491666666666,1169.0,99.50329166666667,994.0,98.76195833333333,97.86083333333333,0.0,0.5078333333333334,0.4570416666666666,98.28083333333332,98.55758333333334,96.20466666666665,1.9737500000000001,17.031125,3.5092499999999998,28.273333333333337,23.504166666666666,-98.02541666666667,-11.363333333333335,7.023333333333333,8.502083333333333,8.271666666666667,9.87375,5.016666666666667,20.616666666666667,412.0416666666667,915.5833333333334,45.70249999999999,33.977916666666665,43.13458333333333,10.716666666666667,17.583333333333332,2.5854166666666667,-115.24458333333332,6.770833333333333,15.0577,1.2372,16.295,100.0,0.0
2026-08-19,R5-007,R5-007_L800_S3,R5,L800,56.0,6200.0,99.28570833333333,1080.0,99.49870833333334,920.0,98.78833333333334,98.18458333333332,0.0,0.4852083333333333,0.4367916666666667,98.26354166666665,98.52758333333333,96.27066666666667,1.9533333333333334,14.895833333333334,6.742708333333333,23.134583333333335,24.349999999999998,-95.86416666666666,-10.215,6.983750000000001,8.4975,8.169583333333334,7.671666666666667,5.24625,20.48333333333333,553.625,1230.4166666666667,45.35916666666666,34.28041666666667,40.73166666666666,11.3375,16.333333333333332,1.9695833333333335,-115.24958333333332,6.0874999999999995,8.1358,0.9979,9.1336,100.0,0.0
2026-08-19,R5-008,R5-008_L1800_S1,R5,L1800,57.0,1650.0,99.27490909090908,1527.0,99.43236363636365,1297.0,98.71149999999999,98.03041666666667,0.0,0.5012916666666667,0.4512083333333334,98.39383333333335,98.73604166666667,96.16475000000001,1.8716666666666668,14.697125,5.765333333333333,33.356249999999996,23.9375,-101.84416666666668,-10.061666666666667,6.118333333333333,8.411666666666667,7.886666666666667,7.9725,5.4679166666666665,20.233333333333334,327.9583333333333,728.75,43.11666666666667,28.134583333333335,41.01916666666667,15.958333333333334,24.708333333333332,4.257083333333333,-114.72958333333334,7.654166666666666,22.9888,1.9459,24.9344,92.070875,114.1
2026-08-19,R5-008,R5-008_L1800_S2,R5,L1800,60.0,1650.0,99.28279166666665,2792.0,99.4345,2374.0,98.72112500000001,97.87875000000001,0.0,0.49504166666666666,0.445625,98.31229166666667,98.60629166666666,96.36766666666666,2.1075,17.683708333333332,6.299458333333334,44.99125,23.245833333333334,-95.96125,-12.520000000000001,7.8308333333333335,8.58375,7.9575,7.860833333333333,5.28875,21.97083333333333,329.7916666666667,733.0416666666666,46.581250000000004,34.06666666666667,40.43083333333333,17.366666666666667,29.916666666666668,3.4112500000000003,-115.56041666666665,6.979166666666667,10.8506,1.6580000000000001,12.5085,100.0,0.0
2026-08-19,R5-008,R5-008_L1800_S3,R5,L1800,62.0,1650.0,99.32629166666668,2684.0,99.41583333333334,2282.0,98.74604166666667,97.98291666666667,0.0,0.4876666666666667,0.43887499999999996,98.37625000000001,98.66058333333332,96.37558333333334,2.0166666666666666,22.348625,4.879833333333333,50.342083333333335,23.383333333333336,-101.69791666666667,-10.210416666666667,6.970833333333332,8.497083333333334,8.479166666666666,9.22625,5.215833333333333,21.258333333333333,396.2083333333333,880.2916666666666,46.668749999999996,31.913749999999997,43.196666666666665,20.920833333333334,33.708333333333336,4.187083333333333,-115.21125,7.454166666666667,15.1562,1.9684,17.1246,100.0,0.0
2026-08-19,R5-008,R5-008_L2100_S1,R5,L2100,58.0,300.0,99.176625,4335.0,99.44195833333333,3688.0,98.62329166666666,97.93916666666667,0.0,0.46825,0.4215416666666667,98.305625,98.6055,96.24120833333332,1.9229166666666666,21.933291666666666,6.319041666666667,50.04750000000001,24.229166666666668,-93.15083333333332,-11.852083333333333,6.896666666666667,8.49,7.982916666666667,9.379583333333333,5.355833333333333,20.3125,381.6666666666667,848.2083333333334,44.50666666666667,29.336250000000003,41.43958333333333,30.34583333333333,53.583333333333336,6.387083333333333,-115.2025,6.9750000000000005,43.939099999999996,5.6838,49.6229,100.0,0.0
2026-08-19,R5-008,R5-008_L2100_S2,R5,L2100,61.0,300.0,99.24370833333334,1664.0,99.45066666666666,1412.0,98.69870833333334,98.05125,0.0,0.48141666666666666,0.433375,98.383875,98.686875,96.33375000000001,2.06,21.802333333333333,7.7928749999999996,39.23833333333334,24.179166666666664,-93.80916666666667,-9.987499999999999,4.9487499999999995,8.295,8.017916666666666,9.53375,5.107083333333334,20.5125,551.2916666666666,1224.8333333333333,46.1775,35.598333333333336,41.78208333333333,12.583333333333334,21.458333333333332,3.064583333333333,-115.33166666666666,7.1875,9.1052,0.961,10.066,100.0,0.0
2026-08-19,R5-008,R5-008_L2100_S3,R5,L2100,63.0,300.0,99.21379166666667,2621.0,99.48225000000001,2226.0,98.70004166666666,98.06458333333335,0.0,0.49262500000000004,0.44333333333333336,98.22279166666668,98.45425,96.33379166666667,1.8858333333333333,24.39570833333333,5.838666666666666,45.88375,23.979166666666668,-97.33749999999999,-9.777916666666668,9.074583333333333,8.707083333333333,8.299999999999999,7.983333333333333,5.194583333333333,20.979166666666668,346.7916666666667,770.7083333333334,45.605,31.20875,42.17125,16.4375,27.208333333333332,3.1579166666666665,-115.12166666666667,6.508333333333333,12.5375,1.1333,13.6706,100.0,0.0
2026-08-19,R5-008,R5-008_L800_S1,R5,L800,59.0,6200.0,99.28104166666667,4820.0,99.45241666666668,4099.0,98.737375,97.95333333333333,0.0,0.49500000000000005,0.4455,98.30325,98.54770833333333,96.42325,1.9120833333333334,19.190375,6.6415,29.491249999999997,23.837500000000002,-97.68374999999999,-10.019166666666667,7.377916666666667,8.5375,8.375833333333334,7.673333333333333,5.358750000000001,21.170833333333334,492.5,1094.2916666666667,43.90541666666667,34.97708333333333,42.055416666666666,33.737500000000004,55.0,9.744166666666667,-115.27333333333333,6.6875,46.3255,6.177,52.5025,100.0,0.0
2026-08-19,R5-008,R5-008_L800_S3,R5,L800,64.0,6200.0,99.25358333333332,4499.0,99.4235,3822.0,98.68166666666667,98.15916666666668,0.0,0.48104166666666665,0.433125,98.28508333333333,98.53675,96.388375,2.0195833333333333,17.675416666666667,6.6003333333333325,30.194166666666664,24.1375,-97.39458333333333,-9.585416666666667,9.310416666666667,8.730833333333333,7.902916666666666,7.145,5.611250000000001,20.454166666666666,392.5416666666667,872.375,45.897083333333335,34.54958333333334,40.012499999999996,30.983333333333334,46.875,7.815833333333333,-115.37291666666665,7.008333333333333,44.4449,5.2513,49.6964,100.0,0.0
2026-08-19,R5-009,R5-009_L1800_S1,R5,L1800,65.0,1650.0,99.1915,4106.0,99.44783333333334,3489.0,98.644,97.98583333333333,0.0,0.48441666666666666,0.43583333333333335,98.35475000000001,98.68383333333333,96.36087500000001,1.93625,24.661916666666666,6.577208333333334,50.53791666666667,23.579166666666666,-98.875,-10.943750000000001,10.299583333333333,8.83,9.160833333333334,10.668750000000001,5.065833333333333,21.925,536.625,1192.5416666666667,47.20708333333334,34.48291666666667,42.639583333333334,26.491666666666664,37.416666666666664,4.4750000000000005,-115.06041666666665,7.208333333333333,29.2944,2.6623,31.9566,100.0,0.0
2026-08-19,R5-009,R5-009_L1800_S2,R5,L1800,68.0,1650.0,99.25470833333333,2965.0,99.42062499999999,2525.0,98.679625,97.8825,0.0,0.527125,0.4745,98.402125,98.654875,96.29062499999999,1.9679166666666665,20.425291666666666,4.0205,40.02291666666667,23.34166666666667,-93.08666666666666,-10.22625,5.646249999999999,8.364583333333334,8.262083333333333,7.742916666666667,5.10625,21.158333333333335,444.0833333333333,986.9166666666666,44.60041666666667,26.99625,41.85208333333333,30.45,54.083333333333336,9.039166666666667,-115.75583333333333,6.625,28.4184,4.3481,32.7668,100.0,0.0
2026-08-19,R5-009,R5-009_L1800_S3,R5,L1800,70.0,1650.0,99.30995833333333,2114.0,99.477625,1799.0,98.79116666666665,97.98958333333333,0.0,0.47025,0.42324999999999996,98.35825,98.59670833333332,96.46470833333335,2.0475,19.57379166666667,4.745375,40.88625,23.3875,-92.83333333333333,-11.000833333333333,7.812083333333334,8.581666666666667,8.193333333333333,9.8825,5.785,21.008333333333333,389.2916666666667,865.125,45.16916666666666,26.120833333333334,42.88291666666667,18.9375,31.625,3.217083333333333,-115.19125000000001,6.870833333333334,22.5645,3.4948,26.0591,100.0,0.0
2026-08-19,R5-009,R5-009_L2100_S1,R5,L2100,66.0,300.0,99.20970833333332,1160.0,99.4185,986.0,98.632875,97.8275,0.0,0.509875,0.45875,98.36820833333333,98.68033333333334,96.38091666666666,1.9579166666666667,11.813625,5.245166666666667,35.089999999999996,22.979166666666668,-95.90708333333333,-10.007083333333332,5.370416666666666,8.33625,8.29125,8.492916666666666,5.10375,21.320833333333333,403.2083333333333,896.0,46.04708333333334,30.727500000000003,43.15708333333333,12.466666666666667,17.333333333333332,2.1729166666666666,-115.07041666666667,6.5874999999999995,12.1221,1.7932000000000001,13.9155,100.0,0.0
2026-08-19,R5-009,R5-009_L2100_S2,R5,L2100,69.0,300.0,99.2445,1985.0,99.44645833333334,1689.0,98.6955,97.95291666666667,0.0,0.5188333333333334,0.467,98.31916666666666,98.64629166666667,96.43775,2.0725000000000002,20.147041666666667,4.28875,53.474583333333335,23.7,-95.01166666666667,-9.689583333333333,6.19125,8.42,7.8933333333333335,7.924166666666667,5.071666666666666,20.191666666666666,541.375,1203.0833333333333,44.52375,32.01,41.665416666666665,15.054166666666667,24.75,2.415,-114.84958333333333,7.0125,13.997,1.46,15.4572,100.0,0.0
2026-08-19,R5-009,R5-009_L2100_S3,R5,L2100,71.0,300.0,99.26266666666668,1366.0,99.44675000000001,1161.0,98.7135,98.04916666666666,0.0,1.1480833333333333,1.0332916666666667,93.08458333333333,93.32625,91.11295833333334,11.114583333333334,18.883958333333332,6.679666666666666,46.001666666666665,22.920833333333334,-95.92208333333333,-11.198749999999999,5.079166666666667,8.307916666666666,7.453749999999999,7.172083333333333,5.013333333333333,22.2375,468.4166666666667,1040.7916666666667,45.67416666666667,26.76,44.083333333333336,11.783333333333333,21.083333333333332,2.1062499999999997,-115.00708333333334,6.804166666666667,7.5605,1.1626,8.7231,100.0,0.0
2026-08-19,R5-009,R5-009_L800_S1,R5,L800,67.0,6200.0,99.28645833333333,3353.0,99.46358333333335,2852.0,98.75383333333333,97.95916666666666,0.0,0.5122083333333333,0.46091666666666664,98.32920833333333,98.55029166666667,96.40062499999999,2.0054166666666666,23.962875,3.7027083333333333,70.31333333333333,24.34583333333333,-92.96083333333333,-10.122083333333334,5.979583333333333,8.398333333333333,8.45125,7.839583333333334,5.13875,22.025000000000002,344.4583333333333,765.5,45.0225,32.259166666666665,42.94125,22.704166666666666,34.916666666666664,5.930833333333333,-115.08958333333334,7.295833333333333,33.0603,4.9288,37.9896,100.0,0.0
2026-08-19,R5-009,R5-009_L800_S3,R5,L800,72.0,6200.0,99.27125,1761.0,99.46875,1498.0,98.74391666666666,97.86916666666667,0.0,0.4784583333333334,0.4307083333333333,98.21166666666666,98.58929166666667,96.11787500000001,2.11875,14.035583333333333,4.089041666666667,29.330833333333334,24.849999999999998,-100.62541666666668,-9.412916666666666,7.358333333333333,8.535,8.575416666666667,10.689583333333333,5.18625,21.258333333333333,429.2083333333333,953.6666666666666,46.01,26.92458333333333,42.02916666666667,20.650000000000002,35.041666666666664,3.1675,-115.29124999999999,7.779166666666666,26.9306,2.9427,29.8732,100.0,0.0
2026-08-19,R5-010,R5-010_L1800_S1,R5,L1800,73.0,1650.0,99.28387500000001,2313.0,99.45945833333333,1964.0,98.74725000000001,98.0825,0.0,0.4891666666666667,0.44012500000000004,98.23491666666666,98.53587499999999,96.19583333333333,2.067083333333333,20.79404166666667,5.1273333333333335,55.495000000000005,23.6125,-91.17875,-9.571666666666667,7.904166666666666,8.589583333333334,8.372916666666667,8.81625,5.0775,21.508333333333336,557.0833333333334,1237.875,44.79458333333333,25.69125,42.443333333333335,14.575000000000001,23.875,2.794583333333333,-115.19958333333334,7.445833333333333,11.1378,1.1656,12.3036,100.0,0.0
2026-08-19,R5-010,R5-010_L1800_S2,R5,L1800,76.0,1650.0,99.26283333333333,1361.0,99.44158333333333,1157.0,98.708375,97.94541666666667,0.0,0.5015833333333334,0.45141666666666663,98.276,98.517875,96.01829166666666,2.0508333333333333,25.621624999999998,7.024583333333333,68.57125,23.441666666666666,-94.48583333333333,-12.08,6.5754166666666665,8.458333333333334,7.984999999999999,10.159166666666666,4.857083333333333,21.195833333333333,406.75,903.9583333333334,46.411249999999995,26.182916666666667,40.97708333333333,10.529166666666667,14.416666666666666,2.035833333333333,-115.34916666666668,7.116666666666667,9.5914,1.5329,11.1243,100.0,0.0
2026-08-19,R5-010,R5-010_L1800_S3,R5,L1800,78.0,1650.0,99.24379166666667,1647.0,99.46708333333333,1401.0,98.71504166666666,98.03958333333333,0.0,0.5196666666666666,0.4675,98.290375,98.58008333333333,96.371,2.0083333333333333,13.235833333333334,3.656708333333333,36.5575,23.195833333333336,-98.66791666666667,-9.544166666666667,8.098333333333334,8.61,8.038333333333332,9.885833333333332,5.545000000000001,20.354166666666668,547.8333333333334,1217.1666666666667,46.74791666666667,26.539583333333336,44.69583333333333,16.629166666666666,21.916666666666668,4.920416666666667,-115.20708333333333,7.270833333333333,24.9176,2.8222,27.7395,100.0,0.0
2026-08-19,R5-010,R5-010_L2100_S1,R5,L2100,74.0,300.0,99.19408333333332,2257.0,99.47425,1919.0,98.67245833333334,97.81375000000001,0.0,0.5409166666666666,0.4868333333333333,98.37020833333332,98.69058333333334,96.58970833333332,2.0908333333333333,20.561041666666668,4.198291666666667,59.72625,24.3,-97.4575,-12.132916666666667,6.423750000000001,8.442083333333334,7.7725,7.884166666666666,5.315,21.566666666666666,361.8333333333333,804.0,46.00375,32.160000000000004,42.51,15.154166666666667,23.375,2.8033333333333332,-115.31333333333333,6.7875000000000005,14.4464,1.7875,16.2338,100.0,0.0
2026-08-19,R5-010,R5-010_L2100_S2,R5,L2100,77.0,300.0,99.26829166666666,3106.0,99.43841666666667,2642.0,98.71079166666668,97.96749999999999,0.0,0.4890833333333333,0.4400833333333333,98.24583333333334,98.58079166666666,96.280875,2.03375,26.950999999999997,7.158291666666667,68.57208333333334,24.054166666666664,-97.64166666666667,-10.075416666666667,7.4991666666666665,8.549583333333333,8.485833333333334,8.92,5.323333333333333,20.866666666666667,581.25,1291.6666666666667,45.330000000000005,28.30875,42.47666666666667,33.574999999999996,57.25,6.251666666666666,-115.3525,7.370833333333334,26.7725,2.9576000000000002,29.7304,100.0,0.0
2026-08-19,R5-010,R5-010_L2100_S3,R5,L2100,79.0,300.0,99.28958333333333,1833.0,99.45758333333333,1554.0,98.75120833333334,98.0775,0.0,0.48100000000000004,0.43283333333333335,98.27045833333334,98.53762499999999,96.32920833333333,2.0075,22.042125,4.5921666666666665,50.180416666666666,24.741666666666664,-103.08583333333333,-11.20875,7.832083333333333,8.583333333333334,8.279583333333333,10.198333333333332,5.30875,20.733333333333334,603.1666666666666,1340.4583333333333,45.154583333333335,25.907083333333333,43.22416666666666,14.020833333333334,19.0,3.810833333333333,-114.75333333333333,6.004166666666666,16.5636,2.4236,18.987,100.0,0.0
2026-08-19,R5-010,R5-010_L800_S1,R5,L800,75.0,6200.0,99.27595833333334,4725.0,99.43595833333332,4017.0,98.71620833333333,98.02541666666667,0.0,0.48654166666666665,0.437875,98.36283333333334,98.702625,96.50733333333334,1.8454166666666667,25.952416666666664,7.293041666666667,51.47541666666667,24.391666666666666,-95.63291666666667,-10.095,8.06125,8.605833333333333,8.134166666666667,6.9375,5.126666666666666,21.458333333333332,584.625,1299.125,44.61833333333333,31.264583333333334,43.56791666666667,28.212500000000002,50.416666666666664,7.019166666666667,-115.23125,6.695833333333333,41.117599999999996,4.2995,45.4172,100.0,0.0
2026-08-19,R5-010,R5-010_L800_S3,R5,L800,80.0,6200.0,99.254375,1781.0,99.46879166666668,1514.0,98.72733333333333,97.9425,0.0,0.525125,0.472625,98.32166666666666,98.616875,96.3925,2.0141666666666667,25.069125,4.7632916666666665,69.11125,24.287499999999998,-97.89125,-10.82625,6.300416666666667,8.43,8.207500000000001,6.845416666666666,5.175,20.2375,573.2916666666666,1274.125,45.275,29.898333333333337,42.57375,12.358333333333334,16.416666666666668,2.1216666666666666,-115.08041666666666,6.8875,18.1038,2.3143,20.4183,100.0,0.0
2026-08-20,R5-001,R5-001_L1800_S1,R5,L1800,1.0,1650.0,99.220125,3504.0,99.41141666666665,2979.0,98.63641666666666,97.97500000000001,0.0,0.5060833333333333,0.4555833333333333,98.25791666666667,98.5345,96.33274999999999,1.93875,17.25275,4.631875,38.67583333333334,24.983333333333334,-99.49000000000001,-10.876666666666667,8.657083333333334,8.665833333333333,8.335416666666665,6.798750000000001,5.3187500000000005,20.125,444.5833333333333,988.2916666666666,44.5875,34.470416666666665,41.724583333333335,30.6875,44.666666666666664,5.031666666666667,-115.03041666666667,6.4375,35.1527,3.8701,39.0227,100.0,0.0
2026-08-20,R5-001,R5-001_L1800_S2,R5,L1800,4.0,1650.0,99.28474999999999,2972.0,99.455375,2529.0,98.74429166666665,97.96625,0.0,0.4809583333333333,0.43274999999999997,98.36154166666667,98.65058333333333,96.25870833333333,1.8291666666666666,18.03775,5.178083333333333,32.29125,23.7,-95.47958333333334,-9.564166666666667,7.214583333333334,8.521666666666667,8.449166666666667,8.248333333333333,5.291666666666667,21.683333333333334,451.25,1002.875,44.77708333333334,35.06916666666667,42.43958333333333,21.46666666666667,36.416666666666664,5.295416666666667,-115.38041666666668,7.679166666666667,26.9539,4.1178,31.0715,100.0,0.0
2026-08-20,R5-001,R5-001_L1800_S3,R5,L1800,6.0,1650.0,99.28245833333334,2073.0,99.44350000000001,1762.0,98.72995833333333,97.91791666666667,0.0,0.4931666666666667,0.4439166666666667,98.18625000000002,98.47645833333333,96.18091666666668,1.9329166666666666,17.547833333333333,6.72325,48.98374999999999,24.670833333333334,-103.49374999999999,-11.71125,8.373333333333333,8.637916666666667,8.08625,9.380416666666667,5.492916666666667,20.5,481.2916666666667,1069.5416666666667,45.809583333333336,31.011666666666667,42.14666666666667,23.97083333333333,40.75,5.334583333333334,-115.09166666666665,6.7124999999999995,20.2072,2.3151,22.5223,100.0,0.0
2026-08-20,R5-001,R5-001_L2100_S1,R5,L2100,2.0,300.0,99.29487499999999,1787.0,99.44233333333334,1520.0,98.74141666666667,97.97625,0.0,1.1398333333333333,1.0258333333333334,98.29575,98.59558333333332,96.2695,2.0366666666666666,22.233500000000003,5.919625,49.553333333333335,24.820833333333336,-88.4425,-15.05375,0.8358333333333333,6.083333333333333,8.151666666666666,8.553333333333333,5.6191666666666675,37.49166666666667,3187.25,6374.5,45.27041666666667,31.67458333333333,42.79,17.766666666666666,29.541666666666668,3.045833333333333,-115.13666666666667,25.995833333333334,21.264,3.1588,24.4228,100.0,0.0
2026-08-20,R5-001,R5-001_L2100_S2,R5,L2100,5.0,300.0,99.244875,2467.0,99.45945833333333,2095.0,98.70875000000001,98.00625000000001,0.0,0.497875,0.44816666666666666,98.414375,98.74608333333333,96.41183333333333,1.91375,24.758958333333336,5.970291666666667,49.065,23.075,-95.27041666666668,-9.50625,8.801666666666668,8.679583333333333,8.30875,8.5075,5.34625,20.770833333333332,547.375,1216.4583333333333,46.099583333333335,30.037499999999998,42.79958333333334,24.116666666666664,40.208333333333336,3.80875,-115.47583333333334,6.8,20.2147,3.2298999999999998,23.4445,100.0,0.0
2026-08-20,R5-001,R5-001_L2100_S3,R5,L2100,7.0,300.0,99.26833333333333,2587.0,99.46420833333333,2198.0,98.73670833333334,97.96749999999999,0.0,0.4832916666666667,0.43495833333333334,98.22954166666666,98.54041666666666,96.27691666666668,2.0708333333333333,22.164541666666665,7.219166666666666,42.431666666666665,22.629166666666666,-95.3025,-10.41,8.41375,8.640416666666667,8.599583333333333,7.670000000000001,5.165,20.591666666666665,603.5416666666666,1341.25,44.61416666666667,28.773750000000003,40.235,26.8875,45.458333333333336,6.0575,-115.53541666666666,6.7250000000000005,39.0967,5.9485,45.0451,100.0,0.0
2026-08-20,R5-001,R5-001_L800_S1,R5,L800,3.0,6200.0,99.24575,5524.0,99.45970833333332,4695.0,98.70958333333333,97.94749999999999,0.0,0.5376666666666666,0.483875,98.30287500000001,98.529375,96.23845833333333,2.0187500000000003,25.705083333333334,3.592041666666667,59.11333333333334,24.5125,-96.06416666666667,-10.08,8.09375,8.609583333333333,8.150833333333333,8.608749999999999,5.3999999999999995,21.645833333333332,424.6666666666667,943.8333333333334,47.60041666666667,26.706666666666667,43.73208333333333,33.5375,52.333333333333336,7.153333333333333,-115.23541666666667,6.8625,37.6191,5.8566,43.4754,100.0,0.0
2026-08-20,R5-001,R5-001_L800_S3,R5,L800,8.0,6200.0,99.2715,4116.0,99.4455,3497.0,98.72116666666666,98.1825,0.0,0.5050416666666667,0.45458333333333334,98.20066666666666,98.488,96.124375,2.0195833333333333,24.14375,7.11925,53.415,23.900000000000002,-97.2025,-11.035833333333334,6.718333333333334,8.471666666666666,8.315833333333332,8.174999999999999,4.885,21.166666666666668,384.6666666666667,854.8333333333334,45.359166666666674,25.383333333333336,43.86333333333334,30.849999999999998,53.875,8.249583333333334,-115.13041666666668,7.045833333333333,43.9159,4.8892,48.805099999999996,100.0,0.0
2026-08-20,R5-002,R5-002_L1800_S1,R5,L1800,9.0,1650.0,99.25891666666666,4357.0,99.43991666666666,3701.0,98.70316666666668,97.96958333333333,0.0,0.49295833333333333,0.44366666666666665,98.27445833333333,98.56808333333333,96.29599999999999,2.0079166666666666,8.499625,4.8308333333333335,17.997916666666665,24.2,-99.09208333333333,-9.977916666666667,10.5,8.850416666666666,8.314166666666667,9.797916666666667,5.461666666666667,20.900000000000002,523.2916666666666,1163.0,69.7725,45.086666666666666,43.943333333333335,59.862500000000004,88.54166666666667,14.660000000000002,-115.39208333333333,7.058333333333334,50.2154,3.4608,53.676,100.0,0.0
2026-08-20,R5-002,R5-002_L1800_S2,R5,L1800,12.0,1650.0,99.25416666666666,1730.0,99.43,1472.0,98.68879166666666,98.08375000000001,0.0,0.5098333333333334,0.45883333333333337,98.30679166666665,98.64670833333334,96.21916666666668,2.0158333333333336,18.955333333333332,4.743333333333333,51.29416666666666,23.691666666666666,-96.02541666666667,-8.467083333333333,7.9624999999999995,8.595416666666667,7.995833333333334,9.393333333333333,5.2875000000000005,20.904166666666665,485.125,1078.0,45.88458333333333,27.0275,42.24916666666667,20.279166666666665,27.25,5.74875,-115.12041666666666,7.133333333333333,13.4004,1.6355,15.0364,100.0,0.0
2026-08-20,R5-002,R5-002_L1800_S3,R5,L1800,14.0,1650.0,99.29825,4207.0,99.416875,3573.0,98.71933333333334,97.95041666666667,0.0,0.5254166666666666,0.47279166666666667,98.36087500000001,98.68833333333333,96.2405,2.0641666666666665,21.823708333333332,3.719875,37.697916666666664,24.3875,-95.90291666666667,-9.85875,8.655416666666666,8.665833333333333,7.635000000000001,9.1725,5.2325,21.458333333333332,598.75,1330.5833333333333,43.97,32.38666666666666,42.31125,26.858333333333334,43.666666666666664,6.424166666666667,-115.20666666666666,6.958333333333333,22.9264,2.7445,25.671,100.0,0.0
2026-08-20,R5-002,R5-002_L2100_S1,R5,L2100,10.0,300.0,99.19295833333332,4108.0,99.4455,3493.0,98.64299999999999,98.04208333333332,0.0,0.5209583333333333,0.46879166666666666,98.28383333333333,98.57362499999999,96.36125,1.9566666666666668,12.528583333333332,3.559416666666667,21.102083333333333,25.820833333333336,-97.16458333333333,-10.227083333333333,9.553333333333333,8.755,8.560416666666667,9.122916666666667,5.272916666666666,20.9875,361.4583333333333,803.25,45.765416666666674,30.01625,43.32750000000001,24.820833333333336,41.25,4.235,-114.65541666666667,7.25,29.6186,3.6972,33.316,100.0,0.0
2026-08-20,R5-002,R5-002_L2100_S2,R5,L2100,13.0,300.0,99.19879166666668,4537.0,99.45179166666667,3855.0,98.65504166666666,98.06458333333335,0.0,0.5149583333333333,0.46341666666666664,98.16470833333334,98.49129166666667,96.26691666666666,2.044166666666667,21.407041666666668,3.953208333333333,60.7475,23.97083333333333,-98.25041666666668,-9.60375,8.47875,8.647916666666667,8.730416666666667,10.703333333333333,5.149166666666667,21.808333333333334,333.5416666666667,741.125,46.262499999999996,28.979583333333334,43.3675,28.920833333333334,41.833333333333336,8.58375,-115.56166666666667,7.695833333333333,26.4217,3.3466,29.7682,100.0,0.0
2026-08-20,R5-002,R5-002_L2100_S3,R5,L2100,15.0,300.0,99.31712499999999,2032.0,99.44766666666668,1727.0,98.76891666666667,97.99333333333334,0.0,0.515,0.46341666666666664,98.3935,98.72391666666665,96.40083333333332,2.07375,12.654708333333334,6.958583333333333,19.977916666666665,24.90833333333333,-102.27416666666666,-9.506666666666666,6.692083333333334,8.468333333333334,8.051666666666668,8.21125,5.433333333333334,20.541666666666668,402.625,894.625,45.14041666666666,27.985,43.57749999999999,23.108333333333334,38.375,6.154166666666666,-115.1125,7.283333333333334,33.0662,5.1177,38.1842,100.0,0.0
2026-08-20,R5-002,R5-002_L800_S1,R5,L800,11.0,6200.0,99.22433333333333,1247.0,99.49079166666667,1062.0,98.71895833333333,97.93291666666666,0.0,0.5280416666666666,0.475125,98.22004166666666,98.588625,96.38658333333332,1.9516666666666664,23.734583333333333,5.907125,63.232499999999995,23.054166666666664,-94.25375000000001,-8.65875,6.763749999999999,8.47625,8.377916666666666,9.052083333333334,5.157916666666666,21.587500000000002,623.5416666666666,1385.4583333333333,47.105,32.47083333333333,44.86041666666667,14.6,21.791666666666668,2.3383333333333334,-115.23208333333334,8.108333333333333,19.0146,2.497,21.5119,100.0,0.0
2026-08-20,R5-002,R5-002_L800_S3,R5,L800,16.0,6200.0,99.22779166666668,5232.0,99.45675,4444.0,98.68883333333333,97.92958333333333,0.0,0.532875,0.4795833333333333,98.41283333333332,98.67525,96.57966666666665,1.9533333333333331,25.456500000000002,7.103583333333333,65.65041666666667,24.175,-96.30416666666667,-11.787083333333333,7.752916666666667,8.574583333333333,8.640833333333333,7.869583333333334,5.004583333333334,21.287499999999998,315.6666666666667,701.4583333333334,45.022083333333335,24.967083333333335,43.83041666666667,34.55833333333333,53.083333333333336,5.982500000000001,-115.18666666666667,7.1625000000000005,51.0812,4.9774,56.0585,100.0,0.0
2026-08-20,R5-003,R5-003_L1800_S1,R5,L1800,17.0,1650.0,99.27454166666666,3226.0,99.46958333333333,2741.0,98.74820833333332,98.0125,0.0,0.4655833333333333,0.41900000000000004,98.32370833333334,98.67491666666666,96.14366666666666,2.0675,22.28616666666667,5.393666666666667,66.30166666666666,23.5,-98.30083333333333,-8.775,6.84,8.483333333333333,7.921666666666667,9.446666666666667,5.076666666666667,21.65833333333333,470.5,1045.7083333333333,43.77041666666667,34.33083333333334,40.628750000000004,27.641666666666666,40.416666666666664,6.619583333333334,-115.05958333333332,6.991666666666667,31.9703,2.8113,34.7815,100.0,0.0
2026-08-20,R5-003,R5-003_L1800_S2,R5,L1800,20.0,1650.0,96.81966666666666,5006.0,99.42933333333333,4252.0,96.26745833333332,98.06333333333333,0.0,1.79925,1.6193333333333333,98.31962499999999,98.58449999999999,96.37425,1.8333333333333333,4.253708333333333,4.413958333333333,12.424166666666666,24.412499999999998,-114.48458333333333,-10.276666666666667,1.68375,5.668333333333333,8.375,10.865833333333333,36.56791666666667,45.12916666666666,360.5,801.1666666666666,45.47958333333333,32.37916666666667,42.68208333333333,31.895833333333332,54.833333333333336,6.360833333333333,-115.18541666666665,7.491666666666667,28.6849,2.4901,31.1751,100.0,0.0
2026-08-20,R5-003,R5-003_L1800_S3,R5,L1800,22.0,1650.0,99.25933333333334,2931.0,99.44883333333333,2489.0,98.71229166666667,98.0625,0.0,0.5085000000000001,0.457625,98.27024999999999,98.61954166666668,96.07470833333333,1.9758333333333333,14.09675,3.5881666666666665,23.79625,24.041666666666668,-93.53166666666668,-10.845833333333333,7.997083333333333,8.600833333333334,8.037916666666666,6.822083333333333,5.3275,20.729166666666668,612.125,1360.1666666666667,45.29833333333334,27.72583333333333,42.31875,18.429166666666667,24.291666666666668,4.21625,-115.21583333333332,7.229166666666667,20.7752,3.1342,23.9093,100.0,0.0
2026-08-20,R5-003,R5-003_L2100_S1,R5,L2100,18.0,300.0,99.20245833333333,1363.0,99.39808333333333,1158.0,98.60554166666667,97.93333333333334,0.0,0.49595833333333333,0.4463333333333333,98.34320833333334,98.61020833333333,96.46704166666666,1.9320833333333332,22.468166666666665,3.6213333333333337,57.51083333333333,23.1375,-98.64791666666667,-11.352083333333333,8.59,8.66,7.995833333333334,7.502083333333334,5.420000000000001,20.329166666666666,493.7916666666667,1097.2916666666667,45.41208333333333,31.18541666666667,42.73333333333333,12.424999999999999,19.708333333333332,2.0454166666666667,-115.40916666666668,7.05,10.182,0.8625,11.0444,100.0,0.0
2026-08-20,R5-003,R5-003_L2100_S2,R5,L2100,21.0,300.0,99.25087500000001,3149.0,99.44891666666666,2679.0,98.70412499999999,98.04583333333333,0.0,0.4857916666666667,0.43733333333333335,98.40862499999999,98.69487500000001,96.54920833333334,1.9129166666666666,12.369333333333332,3.677375,19.567916666666665,24.28333333333333,-97.33708333333334,-10.668750000000001,7.7875000000000005,8.579583333333334,8.170833333333333,7.896666666666667,5.416666666666667,21.566666666666666,473.5,1052.2916666666667,45.35708333333333,35.964999999999996,41.98375,22.40416666666667,38.458333333333336,3.557916666666667,-115.07,6.620833333333334,14.1792,2.2601,16.4394,100.0,0.0
2026-08-20,R5-003,R5-003_L2100_S3,R5,L2100,23.0,300.0,99.28975000000001,3374.0,99.47529166666668,2866.0,98.76858333333332,98.09875,0.0,0.49033333333333334,0.44133333333333336,98.34975000000001,98.66283333333332,96.41737499999999,1.9704166666666667,21.410291666666666,5.591833333333334,58.11000000000001,24.45,-98.05,-10.23125,10.087916666666667,8.809166666666668,8.47,10.167083333333332,5.609583333333333,21.495833333333334,329.5,732.1666666666666,46.03916666666667,27.17916666666667,41.537083333333335,29.291666666666668,41.625,8.710416666666667,-115.37166666666667,6.395833333333333,29.5166,4.2068,33.7237,100.0,0.0
2026-08-20,R5-003,R5-003_L800_S1,R5,L800,19.0,6200.0,99.27879166666666,4128.0,99.420125,3512.0,98.70308333333332,98.03625,0.0,0.47983333333333333,0.43183333333333335,98.39870833333333,98.784875,96.358875,2.0629166666666667,12.586125000000001,5.494125,32.87083333333333,23.1875,-91.94958333333334,-9.839583333333334,8.81875,8.682083333333333,8.608333333333333,11.110416666666666,5.269583333333333,21.099999999999998,327.5833333333333,728.2916666666666,46.91375,37.16458333333333,42.016666666666666,28.412499999999998,47.958333333333336,4.519166666666666,-115.09083333333332,7.179166666666667,36.488,5.3694,41.8574,100.0,0.0
2026-08-20,R5-003,R5-003_L800_S3,R5,L800,24.0,6200.0,99.25391666666667,2811.0,99.45070833333334,2389.0,98.709,98.08041666666666,0.0,0.5360833333333334,0.4824583333333334,98.331375,98.58875,96.38354166666666,2.1304166666666666,22.443541666666665,6.540833333333333,34.53541666666667,23.537499999999998,-93.63875,-9.408333333333333,6.460833333333333,8.446250000000001,8.2325,9.554166666666667,5.01,20.6125,498.4583333333333,1107.75,44.49625,31.72791666666667,43.92791666666667,17.4875,24.583333333333332,3.9575,-114.98416666666667,7.070833333333333,20.7841,2.0301,22.8141,100.0,0.0
2026-08-20,R5-004,R5-004_L1800_S1,R5,L1800,25.0,1650.0,99.21470833333332,4705.0,99.46979166666667,4001.0,98.68904166666665,97.99583333333334,0.0,0.488875,0.439875,98.26904166666667,98.53379166666667,96.16075000000001,2.0904166666666666,23.103791666666666,5.988666666666667,35.401666666666664,24.229166666666668,-99.95166666666667,-10.1425,9.210416666666667,8.72125,8.395,7.114166666666667,5.590833333333333,21.34583333333333,334.0416666666667,742.2916666666666,45.54916666666667,26.49666666666667,43.293749999999996,32.166666666666664,53.708333333333336,5.027083333333334,-115.22250000000001,7.716666666666666,21.4401,2.6788,24.1194,100.0,0.0
2026-08-20,R5-004,R5-004_L1800_S2,R5,L1800,28.0,1650.0,99.23025,2665.0,99.45883333333335,2265.0,98.69345833333334,98.04375,0.0,0.8562083333333333,0.7705000000000001,98.245625,98.58854166666667,96.243875,2.0375,17.363125,7.453208333333333,45.656666666666666,23.683333333333334,-101.04333333333334,-11.019166666666665,6.668333333333333,8.55625,8.165000000000001,7.478333333333333,10.357916666666666,20.9875,324.5833333333333,721.4583333333334,45.51500000000001,27.5275,42.814166666666665,16.354166666666668,25.375,3.810416666666667,-115.04333333333334,7.108333333333333,12.8042,1.2786,14.0825,100.0,0.0
2026-08-20,R5-004,R5-004_L1800_S3,R5,L1800,30.0,1650.0,99.24233333333332,2991.0,99.45945833333333,2544.0,98.70604166666668,98.05583333333334,0.0,0.486125,0.4375,98.26258333333334,98.57962500000001,96.101875,2.0766666666666667,20.576958333333334,7.0523750000000005,54.24041666666667,24.5125,-101.39,-9.290416666666667,4.36125,8.236666666666666,8.341666666666667,8.199166666666667,5.357083333333333,21.116666666666667,516.5833333333334,1147.7916666666667,45.66958333333333,34.9325,43.10791666666666,34.84166666666667,62.458333333333336,9.817083333333334,-115.51916666666666,7.220833333333334,21.0904,2.6113999999999997,23.7019,100.0,0.0
2026-08-20,R5-004,R5-004_L2100_S1,R5,L2100,26.0,300.0,99.21933333333334,3241.0,99.41929166666667,2754.0,98.64320833333333,97.94791666666667,0.0,0.5295416666666667,0.476625,98.26316666666666,98.58108333333332,96.3125,2.063333333333333,15.52725,7.1781250000000005,44.47958333333333,24.162499999999998,-95.82249999999999,-8.981250000000001,9.37375,8.737083333333333,8.338333333333333,9.606666666666667,5.153333333333333,20.666666666666668,533.25,1185.0416666666667,45.16916666666666,30.83791666666667,42.6,28.27916666666667,47.625,4.97625,-115.14083333333333,6.9125000000000005,35.0491,5.452,40.501,100.0,0.0
2026-08-20,R5-004,R5-004_L2100_S2,R5,L2100,29.0,300.0,99.213125,3735.0,99.42829166666667,3176.0,98.64608333333332,97.95958333333334,0.0,0.5092916666666667,0.4583333333333333,98.28133333333334,98.601625,96.18420833333333,1.9158333333333333,17.110166666666668,4.8854999999999995,27.824583333333333,23.3,-102.02999999999999,-10.019583333333333,7.79375,8.57875,8.6075,11.007916666666667,5.233333333333333,21.087500000000002,536.375,1191.9583333333333,47.359166666666674,29.02125,43.724583333333335,25.245833333333334,38.75,7.060833333333334,-114.705,6.7749999999999995,32.5913,5.1793000000000005,37.771,100.0,0.0
2026-08-20,R5-004,R5-004_L2100_S3,R5,L2100,31.0,300.0,99.299125,3732.0,99.44758333333334,3172.0,98.75083333333333,97.94958333333334,0.0,0.5106666666666667,0.459625,98.34720833333334,98.59974999999999,96.43291666666666,1.9291666666666665,25.694166666666664,7.389625,75.98708333333333,22.808333333333334,-96.22833333333334,-8.268333333333333,7.340833333333333,8.533333333333333,7.67875,8.397499999999999,4.920833333333333,21.829166666666666,319.6666666666667,710.4166666666666,44.74541666666667,30.198333333333334,41.14041666666667,24.308333333333334,32.875,4.383333333333334,-115.10166666666667,7.870833333333334,34.8418,5.0216,39.8638,100.0,0.0
2026-08-20,R5-004,R5-004_L800_S1,R5,L800,27.0,6200.0,99.24437499999999,4030.0,99.41195833333335,3423.0,98.66075000000001,97.99791666666665,0.0,0.49545833333333333,0.4459583333333333,98.253375,98.52241666666667,96.35441666666667,1.7595833333333335,23.01825,4.852666666666667,49.321666666666665,23.979166666666668,-99.57166666666666,-10.25125,5.784166666666667,8.377916666666666,7.66875,9.921666666666667,5.105416666666667,22.708333333333332,587.125,1304.6666666666667,46.4475,33.12083333333333,42.36083333333333,32.608333333333334,47.0,7.69875,-115.29708333333333,6.5874999999999995,46.3123,7.2145,53.527,100.0,0.0
2026-08-20,R5-004,R5-004_L800_S3,R5,L800,32.0,6200.0,99.21283333333334,3151.0,99.42899999999999,2676.0,98.64654166666666,97.74166666666667,0.0,0.5020416666666666,0.45175000000000004,98.32866666666666,98.58604166666667,96.41895833333332,1.9845833333333334,20.89475,5.2655,59.83083333333334,23.620833333333334,-95.83583333333333,-11.512083333333335,7.1883333333333335,8.517916666666666,8.299583333333333,7.920833333333333,5.39375,21.40416666666667,389.4166666666667,865.4166666666666,46.392500000000005,30.94458333333333,42.53458333333334,26.633333333333336,40.75,7.109583333333333,-114.94583333333333,6.566666666666666,20.1427,2.4651,22.6074,100.0,0.0
2026-08-20,R5-005,R5-005_L1800_S1,R5,L1800,33.0,1650.0,97.80416666666667,2998.0,99.44850000000001,2548.0,97.26525,88.8,0.0,1.507375,1.3565416666666668,98.22516666666667,98.52220833333332,96.29641666666667,1.8074999999999999,24.379041666666666,2.068625,70.85125000000001,24.454166666666666,-91.47125,-9.253333333333332,8.7075,8.67,7.9991666666666665,6.42625,5.180833333333333,20.541666666666668,351.9583333333333,782.0833333333334,45.54583333333333,34.27875,43.557500000000005,25.120833333333334,38.25,4.405833333333333,-99.84666666666668,39.949999999999996,20.067,2.2377,22.3046,100.0,0.0
2026-08-20,R5-005,R5-005_L1800_S2,R5,L1800,36.0,1650.0,99.24158333333334,4269.0,99.48375,3630.0,98.72941666666667,97.87541666666665,0.0,0.5064583333333333,0.4559166666666667,98.36958333333332,98.63875,96.52370833333333,2.005,15.210666666666667,6.757416666666667,35.55458333333333,23.099999999999998,-96.3125,-11.34125,8.519583333333333,8.652083333333334,8.622083333333334,7.888750000000001,4.6975,20.291666666666668,567.5,1261.0833333333333,45.78958333333333,26.456666666666667,41.57416666666666,27.670833333333334,36.5,6.511666666666667,-115.58083333333333,7.3125,18.3089,2.8013,21.1104,100.0,0.0
2026-08-20,R5-005,R5-005_L1800_S3,R5,L1800,38.0,1650.0,99.18208333333332,3571.0,99.43579166666666,3036.0,98.62266666666666,97.90625,0.0,0.5082916666666667,0.45733333333333337,98.307375,98.58766666666666,96.29758333333332,2.1191666666666666,16.938958333333336,4.815,27.857916666666668,24.708333333333332,-95.52125000000001,-11.011666666666665,5.84125,8.384583333333333,8.20875,9.675416666666667,5.079166666666667,20.5125,453.0,1006.5833333333334,45.931666666666665,33.35875,44.23666666666667,32.5375,48.416666666666664,7.4325,-115.03833333333334,7.445833333333333,22.8486,2.9459,25.7946,100.0,0.0
2026-08-20,R5-005,R5-005_L2100_S1,R5,L2100,34.0,300.0,99.23712499999999,5779.0,99.44850000000001,4912.0,98.69,97.97500000000001,0.0,0.49133333333333334,0.4422083333333333,98.2275,98.555875,96.183125,1.9908333333333335,24.866375,4.1462916666666665,57.615,25.650000000000002,-96.53625,-10.789166666666667,6.703749999999999,8.47125,8.100833333333332,8.535416666666666,5.565833333333334,20.825,571.4583333333334,1269.5833333333333,45.91083333333333,30.825833333333335,43.875,34.94166666666667,52.041666666666664,7.779583333333334,-115.64999999999999,7.3625,33.196,3.3478,36.544200000000004,100.0,0.0
2026-08-20,R5-005,R5-005_L2100_S2,R5,L2100,37.0,300.0,99.20825,2088.0,99.45162499999999,1773.0,98.66454166666666,98.01291666666667,0.0,0.4815833333333333,0.433375,98.273625,98.55804166666667,96.50804166666667,1.9695833333333335,19.41991666666667,3.4629999999999996,36.27791666666666,24.337500000000002,-93.75458333333334,-10.097083333333332,8.529166666666667,8.6525,7.529166666666666,6.632916666666667,5.270416666666667,20.995833333333334,373.5833333333333,830.2083333333334,46.29083333333333,31.346249999999998,43.50458333333333,19.8875,34.458333333333336,3.609166666666667,-115.35916666666667,7.458333333333333,22.095399999999998,2.7197,24.8152,100.0,0.0
2026-08-20,R5-005,R5-005_L2100_S3,R5,L2100,39.0,300.0,99.27133333333335,1265.0,99.48095833333333,1074.0,98.75616666666667,97.88458333333334,0.0,0.5232916666666666,0.47100000000000003,98.35895833333332,98.69866666666667,96.35858333333333,1.9725000000000001,20.988166666666668,3.8034583333333334,34.61291666666667,24.462500000000002,-97.55416666666667,-9.960416666666667,8.97125,8.696666666666667,7.956666666666667,7.887083333333333,4.982083333333333,20.116666666666667,414.7083333333333,921.75,45.48708333333334,28.320833333333336,41.187083333333334,11.858333333333334,19.583333333333332,3.2449999999999997,-115.02125000000001,7.083333333333333,12.7651,1.6644,14.4292,100.0,0.0
2026-08-20,R5-005,R5-005_L800_S1,R5,L800,35.0,6200.0,99.25425,1161.0,99.42579166666667,991.0,98.68454166666668,98.03208333333333,0.0,0.503,0.4527083333333333,98.29358333333333,98.57620833333334,96.16879166666666,1.9216666666666666,18.408333333333335,4.123083333333333,53.34125,23.837500000000002,-96.01083333333334,-9.64,6.3975,8.44,8.3475,8.35875,5.196666666666666,20.566666666666666,512.5,1138.9166666666667,45.16833333333333,30.726666666666663,42.65291666666666,12.75,18.125,2.0858333333333334,-115.14375,6.516666666666667,15.3722,1.8738,17.2462,100.0,0.0
2026-08-20,R5-005,R5-005_L800_S3,R5,L800,40.0,6200.0,99.23120833333333,2224.0,99.46833333333332,1890.0,98.70370833333334,98.08541666666667,0.0,0.5046666666666667,0.4542916666666667,98.41529166666668,98.7255,96.55866666666667,1.8933333333333333,17.96225,5.17675,50.245000000000005,23.7,-94.14958333333334,-8.342083333333333,6.973333333333334,8.497083333333334,8.205,10.524166666666668,5.502916666666667,21.025000000000002,424.5416666666667,943.5833333333334,46.17916666666667,30.599999999999998,43.211666666666666,14.883333333333333,23.333333333333332,4.382083333333333,-115.47291666666666,6.875,18.0506,2.5165,20.5668,100.0,0.0
2026-08-20,R5-006,R5-006_L1800_S1,R5,L1800,41.0,1650.0,99.187125,2843.0,99.43733333333334,2416.0,98.62920833333334,97.92833333333334,0.0,0.485875,0.4371666666666667,98.291875,98.61570833333333,96.34704166666667,2.0079166666666666,23.66325,4.321583333333334,66.82333333333334,25.795833333333334,-100.99083333333334,-9.952083333333333,6.964583333333334,8.496666666666666,7.6258333333333335,6.622916666666666,5.432083333333334,20.85,321.5416666666667,714.2083333333334,47.23500000000001,27.652083333333334,44.45041666666666,26.02916666666667,36.125,5.99875,-115.45166666666667,7.25,20.9111,3.1,24.0112,100.0,0.0
2026-08-20,R5-006,R5-006_L1800_S2,R5,L1800,44.0,1650.0,99.20795833333334,3314.0,99.44220833333333,2819.0,98.65474999999999,98.03208333333333,0.0,0.48341666666666666,0.435125,98.39,98.69316666666667,96.45725,2.0749999999999997,24.012125,7.073,67.08791666666666,23.8625,-96.49916666666667,-8.880416666666667,5.609583333333333,8.36125,8.411666666666667,10.428333333333333,5.14125,20.708333333333332,387.5,861.0833333333334,44.14791666666667,32.415,40.71583333333333,31.570833333333336,51.125,7.557916666666666,-115.10125,7.0375000000000005,35.3905,4.8497,40.2403,100.0,0.0
2026-08-20,R5-006,R5-006_L1800_S3,R5,L1800,46.0,1650.0,99.29354166666667,4717.0,99.18329166666666,4012.0,98.48258333333332,97.92625,18.0,0.5846666666666667,0.5262083333333333,98.260375,98.56816666666667,96.17779166666666,2.1333333333333333,7.418875,4.963916666666667,17.857916666666668,24.179166666666664,-95.87124999999999,-10.637916666666667,7.932916666666667,8.593333333333334,8.453333333333333,10.658333333333333,5.3475,20.875,534.5416666666666,1187.625,75.59208333333333,51.3725,74.88666666666667,70.64583333333333,125.25,19.492916666666666,-115.38458333333334,7.2124999999999995,107.3758,6.9088,114.2844,100.0,0.0
2026-08-20,R5-006,R5-006_L2100_S1,R5,L2100,42.0,300.0,99.26008333333334,5451.0,99.47929166666667,4635.0,98.743125,98.08791666666667,0.0,0.5199583333333333,0.4680416666666667,98.241125,98.55495833333333,95.89479166666666,1.97875,23.024,7.052166666666667,65.42166666666667,23.270833333333332,-96.74791666666665,-11.092916666666667,8.467083333333333,8.647916666666667,8.305,9.87875,5.254583333333334,20.320833333333333,383.5416666666667,852.2916666666666,45.56041666666667,31.335416666666664,41.13708333333333,32.85,52.708333333333336,5.817916666666666,-115.20916666666666,5.945833333333333,43.9415,6.1043,50.045,100.0,0.0
2026-08-20,R5-006,R5-006_L2100_S2,R5,L2100,45.0,300.0,99.24095833333332,3616.0,99.45345833333333,3072.0,98.69862499999999,98.06458333333335,0.0,0.5173333333333333,0.46570833333333334,98.311375,98.69225,96.42741666666666,1.8787500000000001,16.7885,6.000041666666667,40.885,25.120833333333334,-97.04375,-9.502083333333333,8.370416666666666,8.636666666666667,8.674999999999999,8.730833333333333,5.38,21.8625,458.6666666666667,1019.2916666666666,46.14041666666666,31.697916666666668,44.73541666666667,29.4375,47.75,6.97,-115.43666666666667,6.675,35.2396,5.175,40.4141,100.0,0.0
2026-08-20,R5-006,R5-006_L2100_S3,R5,L2100,47.0,300.0,99.21229166666667,1664.0,99.45895833333333,1417.0,98.67579166666667,98.07291666666667,0.0,0.5129166666666666,0.461625,98.350125,98.71966666666667,96.19366666666667,2.12375,20.186583333333335,4.581708333333333,36.42375,24.879166666666666,-93.78083333333335,-10.606250000000001,9.860833333333334,8.786666666666667,7.84875,9.35,5.355833333333333,21.3125,377.5833333333333,839.125,47.062083333333334,35.135,40.55083333333334,13.9,20.0,4.110416666666667,-115.41624999999999,6.795833333333333,19.4782,2.5861,22.0641,100.0,0.0
2026-08-20,R5-006,R5-006_L800_S1,R5,L800,43.0,6200.0,99.29404166666666,2552.0,99.45329166666666,2166.0,98.75129166666666,97.82541666666667,0.0,0.5144166666666666,0.46295833333333336,98.34695833333335,98.64258333333333,96.275875,1.98625,18.544708333333332,5.869416666666667,28.7675,25.608333333333334,-94.46499999999999,-8.416666666666666,7.879583333333334,8.587916666666667,8.200000000000001,10.047083333333333,5.3425,20.8875,409.125,909.1666666666666,46.86291666666667,28.07041666666667,43.247083333333336,21.695833333333336,33.958333333333336,3.7237500000000003,-115.24541666666666,6.733333333333333,30.9815,3.9763,34.9576,100.0,0.0
2026-08-20,R5-006,R5-006_L800_S3,R5,L800,48.0,6200.0,99.33216666666665,2268.0,99.44125000000001,1927.0,98.77725,97.98,0.0,0.49433333333333335,0.4449166666666667,98.27808333333333,98.51266666666668,96.34525000000001,2.075416666666667,20.947375,5.8137083333333335,46.93375,25.3,-98.31875000000001,-12.211666666666666,6.071666666666666,8.40625,8.204166666666667,7.584583333333334,5.2675,20.0875,371.0416666666667,824.7083333333334,45.74541666666667,29.762083333333333,42.25958333333333,25.645833333333332,39.583333333333336,7.235416666666667,-115.09875,7.979166666666667,20.7102,3.1418,23.852,100.0,0.0
2026-08-20,R5-007,R5-007_L1800_S1,R5,L1800,49.0,1650.0,99.28454166666667,1459.0,99.42391666666667,1241.0,98.71245833333334,98.10166666666667,0.0,0.48454166666666665,0.436,98.21670833333333,98.54629166666666,96.32658333333332,1.9683333333333335,19.515166666666666,6.316583333333334,44.342083333333335,23.27916666666667,-97.74125,-10.0775,7.636666666666667,8.56375,8.677916666666667,10.424166666666666,5.121666666666667,21.225,564.5833333333334,1254.7916666666667,45.62583333333333,27.35083333333333,43.602916666666665,15.950000000000001,25.916666666666668,3.9675,-115.40208333333334,6.758333333333333,14.2493,1.2943,15.5432,100.0,0.0
2026-08-20,R5-007,R5-007_L1800_S2,R5,L1800,52.0,1650.0,99.2525,1014.0,99.4455,862.0,98.70208333333333,98.00708333333334,0.0,0.5102083333333333,0.45925,98.23191666666668,98.57308333333333,96.31870833333333,1.8462500000000002,25.72458333333333,5.555541666666667,60.22666666666667,24.474999999999998,-95.59166666666665,-11.796666666666667,6.282916666666666,8.428333333333333,8.185416666666667,9.984166666666667,5.28,20.666666666666668,408.6666666666667,908.375,47.239583333333336,29.878333333333334,44.461666666666666,10.716666666666667,16.708333333333332,1.8325000000000002,-115.52166666666666,7.041666666666667,9.313,0.887,10.2004,100.0,0.0
2026-08-20,R5-007,R5-007_L1800_S3,R5,L1800,54.0,1650.0,99.24820833333332,2235.0,99.43895833333333,1903.0,98.6915,97.91458333333333,0.0,0.49704166666666666,0.44725,98.31833333333333,98.64341666666667,96.20791666666666,2.01375,18.961166666666667,4.4106250000000005,44.14625,23.670833333333334,-101.5025,-11.212916666666667,8.439166666666667,8.643333333333333,8.321666666666667,6.965,5.1575,21.279166666666665,411.2083333333333,913.75,45.76416666666666,31.649583333333336,43.05625,24.583333333333332,40.291666666666664,6.745,-115.25833333333333,7.2,20.4604,2.6515,23.1123,100.0,0.0
2026-08-20,R5-007,R5-007_L2100_S1,R5,L2100,50.0,300.0,99.2185,4330.0,99.41266666666667,3684.0,98.63574999999999,98.09708333333333,0.0,0.49416666666666664,0.44475,98.313625,98.52304166666666,96.123,1.88375,18.356291666666667,5.787375,34.84375,23.53333333333333,-93.4925,-8.285833333333334,9.912083333333333,8.79125,8.040833333333333,9.830416666666666,4.7425,20.891666666666666,556.375,1236.4166666666667,45.40625,34.28208333333333,42.814166666666665,33.775,54.166666666666664,7.7625,-115.61791666666666,7.345833333333334,42.0573,3.3684,45.425599999999996,100.0,0.0
2026-08-20,R5-007,R5-007_L2100_S2,R5,L2100,53.0,300.0,94.23979166666668,1137.0,95.48891666666667,964.0,89.99012499999999,92.09083333333332,0.0,0.49041666666666667,0.44154166666666667,98.27195833333333,98.580625,96.20179166666667,1.965,12.091666666666667,7.36025,23.60875,23.8125,-94.88541666666667,-9.273333333333333,6.6125,8.460833333333333,8.271666666666667,9.997083333333334,5.3429166666666665,21.912499999999998,534.8333333333334,1188.8333333333333,44.76125,32.29708333333333,67.42916666666666,10.795833333333334,17.875,2.83375,-115.2475,7.316666666666666,7.2648,0.6564,7.921,100.0,0.0
2026-08-20,R5-007,R5-007_L2100_S3,R5,L2100,55.0,300.0,99.23025,2073.0,99.46654166666667,1764.0,98.70104166666665,97.81041666666665,0.0,0.522625,0.4703333333333333,98.31945833333333,98.61733333333332,96.33220833333333,2.0466666666666664,25.292875,7.188833333333334,47.20291666666666,23.099999999999998,-97.71249999999999,-9.987916666666667,7.640416666666667,8.56375,7.9312499999999995,9.267916666666666,5.203333333333333,21.441666666666666,328.2916666666667,729.7916666666666,45.10708333333333,35.86416666666667,43.54958333333334,14.700000000000001,25.458333333333332,3.2566666666666664,-115.12,5.979166666666667,8.9457,0.9779,9.9238,100.0,0.0
2026-08-20,R5-007,R5-007_L800_S1,R5,L800,51.0,6200.0,99.27745833333334,1189.0,99.45299999999999,1009.0,98.73445833333334,97.9225,0.0,0.5110833333333333,0.45999999999999996,98.24341666666668,98.50633333333333,96.29641666666667,1.9574999999999998,16.945708333333332,3.4033333333333338,28.131666666666664,25.495833333333334,-98.16875,-11.145833333333334,6.983333333333333,8.497916666666667,8.104166666666666,9.67125,5.152916666666667,20.991666666666667,410.9583333333333,913.2916666666666,45.68875,33.96583333333333,42.77791666666667,10.8375,17.833333333333332,2.6141666666666667,-115.14166666666667,7.029166666666666,15.2693,1.2545,16.5238,100.0,0.0
2026-08-20,R5-007,R5-007_L800_S3,R5,L800,56.0,6200.0,99.18262499999999,1088.0,99.453875,926.0,98.64116666666666,97.83375000000001,0.0,0.47383333333333333,0.4265833333333333,98.21716666666667,98.425,96.19354166666666,1.8399999999999999,14.969208333333333,6.5821250000000004,23.249166666666667,23.266666666666666,-95.77291666666667,-10.25625,6.838333333333334,8.484583333333333,8.043333333333333,7.552916666666667,4.925,21.366666666666664,555.2083333333334,1233.7916666666667,45.505833333333335,34.39083333333333,40.58583333333333,11.375,16.333333333333332,1.9745833333333334,-115.02999999999999,6.904166666666666,8.1678,1.0017,9.1697,100.0,0.0
2026-08-20,R5-008,R5-008_L1800_S1,R5,L1800,57.0,1650.0,99.24659090909091,1535.0,99.45940909090909,1305.0,98.71009090909091,98.02333333333333,0.0,0.48925,0.44037499999999996,98.36287499999999,98.64425,96.48841666666668,1.9320833333333332,14.130749999999999,5.594666666666666,32.07,22.53333333333333,-102.17916666666667,-10.029166666666667,6.189166666666666,8.418750000000001,8.3025,8.394166666666667,5.470416666666666,20.495833333333334,327.8333333333333,728.4166666666666,43.520833333333336,28.397916666666664,41.98416666666667,15.854166666666666,24.541666666666668,4.230416666666667,-115.75916666666666,6.629166666666666,23.000799999999998,1.9464,24.9476,93.28204166666667,96.7
2026-08-20,R5-008,R5-008_L1800_S2,R5,L1800,60.0,1650.0,99.24729166666667,2757.0,99.43129166666667,2343.0,98.68287500000001,97.90083333333332,0.0,0.5115,0.46045833333333336,98.22729166666666,98.61016666666667,95.97812499999999,2.055833333333333,17.569416666666665,6.496416666666668,44.699999999999996,24.004166666666666,-96.24666666666667,-12.665416666666667,7.64375,8.563333333333334,8.301666666666668,8.199166666666667,5.2508333333333335,21.016666666666666,330.0833333333333,733.2916666666666,44.96333333333334,32.88458333333333,43.28875,17.258333333333333,29.791666666666668,3.38875,-115.17291666666667,6.966666666666666,10.7445,1.6421000000000001,12.386800000000001,100.0,0.0
2026-08-20,R5-008,R5-008_L1800_S3,R5,L1800,62.0,1650.0,99.24520833333334,2640.0,99.47554166666667,2245.0,98.72491666666667,98.04666666666667,0.0,0.48208333333333336,0.4339166666666667,98.36583333333334,98.68245833333333,96.20045833333334,2.143333333333333,22.325958333333332,5.414833333333333,50.29,24.454166666666666,-101.01916666666666,-9.932083333333333,7.076666666666667,8.5075,8.38625,9.125416666666666,5.152083333333334,21.745833333333334,401.2916666666667,891.8333333333334,45.23375000000001,30.932916666666667,42.084583333333335,20.8625,33.75,4.175833333333333,-115.42291666666667,6.720833333333334,14.9974,1.9476,16.9457,100.0,0.0
2026-08-20,R5-008,R5-008_L2100_S1,R5,L2100,58.0,300.0,99.22783333333332,4504.0,99.43537500000001,3827.0,98.66754166666668,98.12625000000001,0.0,0.4985,0.448625,98.264875,98.53283333333333,96.22191666666667,2.1391666666666667,21.707583333333332,5.872624999999999,49.53208333333333,24.662499999999998,-93.05958333333332,-11.6825,6.916666666666667,8.491249999999999,8.127083333333333,9.547500000000001,5.53125,21.045833333333334,382.375,849.5833333333334,45.9325,30.276666666666667,42.52458333333333,31.041666666666668,54.833333333333336,6.535416666666666,-115.32416666666667,6.995833333333334,45.3399,5.8649000000000004,51.2047,100.0,0.0
2026-08-20,R5-008,R5-008_L2100_S2,R5,L2100,61.0,300.0,99.22958333333334,1668.0,99.50758333333334,1419.0,98.74116666666667,97.98416666666667,0.0,0.5091249999999999,0.4583333333333333,98.29895833333335,98.63116666666667,96.4175,1.8625,21.376375,7.5254166666666675,38.47083333333333,23.495833333333334,-93.31166666666667,-9.599583333333333,5.128333333333333,8.313333333333334,8.264166666666666,9.825833333333334,5.404166666666666,20.308333333333334,548.7916666666666,1219.4583333333333,45.73708333333334,35.25958333333333,42.98708333333334,12.6,21.416666666666668,3.0683333333333334,-115.14333333333333,6.5874999999999995,9.1257,0.9631,10.088799999999999,100.0,0.0
2026-08-20,R5-008,R5-008_L2100_S3,R5,L2100,63.0,300.0,99.290125,2590.0,99.50108333333333,2202.0,98.795125,97.9875,0.0,0.5113333333333333,0.4602916666666667,98.33550000000001,98.61787500000001,96.44475,1.9749999999999999,24.033375000000003,5.966583333333333,45.20374999999999,24.391666666666666,-97.28541666666666,-9.509166666666667,8.726666666666667,8.671666666666667,8.23875,7.925,5.4054166666666665,20.941666666666666,338.0,751.0833333333334,44.251666666666665,30.282083333333333,40.57083333333333,16.075,26.666666666666668,3.089166666666667,-115.25625000000001,6.895833333333333,12.336500000000001,1.1154,13.4518,100.0,0.0
2026-08-20,R5-008,R5-008_L800_S1,R5,L800,59.0,6200.0,99.24729166666667,4910.0,99.459,4176.0,98.71041666666667,97.83625,0.0,0.533,0.47974999999999995,98.27541666666667,98.54766666666667,96.28137500000001,2.0233333333333334,19.713,6.827999999999999,30.294583333333332,23.52916666666667,-97.69749999999999,-10.137500000000001,7.107499999999999,8.510833333333332,8.095833333333333,7.417083333333333,5.341666666666666,21.46666666666667,509.2916666666667,1131.9166666666667,45.861250000000005,36.5375,43.98333333333333,34.449999999999996,56.125,9.9475,-115.35541666666667,6.679166666666667,47.2281,6.2975,53.5257,100.0,0.0
2026-08-20,R5-008,R5-008_L800_S3,R5,L800,64.0,6200.0,99.254375,4498.0,99.41829166666666,3823.0,98.677,97.86916666666667,0.0,0.4885,0.43966666666666665,98.25895833333334,98.59750000000001,96.46795833333333,1.96875,17.959041666666668,6.607541666666666,30.679166666666664,24.400000000000002,-97.67333333333333,-9.5975,9.501666666666667,8.750833333333334,8.18,7.393750000000001,5.546250000000001,20.6125,389.2083333333333,864.6666666666666,45.6475,34.362500000000004,43.403333333333336,31.208333333333332,47.25,7.873333333333334,-115.56583333333333,7.1000000000000005,44.588,5.2682,49.8559,100.0,0.0
2026-08-20,R5-009,R5-009_L1800_S1,R5,L1800,65.0,1650.0,99.24158333333334,4053.0,99.47874999999999,3448.0,98.72445833333335,97.93041666666666,0.0,0.5017083333333333,0.45145833333333335,98.32712500000001,98.60279166666668,96.416875,2.05625,24.753958333333333,6.698875,50.72666666666667,24.212500000000002,-98.78333333333335,-11.214166666666666,10.214166666666666,8.822083333333333,7.95,9.259583333333333,5.26375,21.020833333333332,525.1666666666666,1167.0,45.778333333333336,33.43958333333333,41.79291666666666,26.308333333333334,37.208333333333336,4.445416666666667,-114.69833333333334,6.329166666666667,29.005300000000002,2.6361,31.6412,100.0,0.0
2026-08-20,R5-009,R5-009_L1800_S2,R5,L1800,68.0,1650.0,99.25975,3151.0,99.44600000000001,2678.0,98.70995833333332,98.00083333333333,0.0,0.49254166666666666,0.44316666666666665,98.30095833333333,98.59649999999999,95.98424999999999,1.9308333333333334,20.522208333333335,4.289416666666667,40.21208333333333,23.729166666666668,-93.0175,-10.45375,5.559166666666666,8.356250000000001,8.369583333333333,7.843333333333334,5.289166666666667,21.483333333333334,441.5,981.1666666666666,47.19583333333333,28.568749999999998,44.465833333333336,31.4875,55.958333333333336,9.352500000000001,-114.925,6.908333333333334,29.8428,4.566,34.4086,100.0,0.0
2026-08-20,R5-009,R5-009_L1800_S3,R5,L1800,70.0,1650.0,99.27820833333334,2043.0,99.47566666666667,1739.0,98.75754166666667,98.0025,0.0,0.48233333333333334,0.4340833333333333,98.26554166666666,98.57295833333335,96.268125,2.0854166666666667,20.127125,4.936833333333333,42.040416666666665,24.395833333333332,-92.99291666666666,-10.949166666666665,7.954166666666667,8.595833333333333,8.174999999999999,9.857916666666666,4.969166666666667,20.429166666666667,386.2083333333333,858.125,45.3025,26.198333333333334,43.26500000000001,18.520833333333332,31.0,3.1475000000000004,-115.20083333333334,6.016666666666667,21.9223,3.3956,25.317700000000002,100.0,0.0
2026-08-20,R5-009,R5-009_L2100_S1,R5,L2100,66.0,300.0,99.25608333333334,1156.0,99.462625,982.0,98.722875,97.98333333333333,0.0,0.5143333333333333,0.463,98.38625,98.61312500000001,96.47949999999999,1.89125,12.716958333333332,5.4446666666666665,37.77291666666667,24.191666666666666,-95.52666666666666,-9.919583333333334,5.45,8.344583333333334,7.973333333333333,8.167083333333332,5.267916666666666,20.775000000000002,406.875,904.5,45.50833333333333,30.36791666666667,43.82916666666667,12.424999999999999,17.291666666666668,2.1654166666666668,-115.37374999999999,7.333333333333333,12.0863,1.7878,13.8748,100.0,0.0
2026-08-20,R5-009,R5-009_L2100_S2,R5,L2100,69.0,300.0,99.264,2071.0,99.48379166666666,1761.0,98.75166666666667,97.88666666666667,0.0,0.49500000000000005,0.44533333333333336,98.31429166666668,98.60316666666667,96.19895833333334,1.9829166666666669,20.183666666666667,4.115125,53.571666666666665,24.016666666666666,-94.85166666666667,-10.061666666666666,6.364583333333333,8.435833333333333,8.3775,8.41125,5.110833333333333,21.71666666666667,548.4166666666666,1218.7083333333333,44.708333333333336,32.142916666666665,44.286249999999995,15.4,25.166666666666668,2.4720833333333334,-115.24666666666667,7.104166666666667,14.4865,1.5112,15.9979,100.0,0.0
2026-08-20,R5-009,R5-009_L2100_S3,R5,L2100,71.0,300.0,99.23654166666667,1397.0,99.50666666666666,1189.0,98.74708333333332,98.11541666666666,0.0,1.1532916666666666,1.038,93.35954166666666,93.58845833333334,91.24454166666668,10.83,18.22575,6.574583333333333,44.39958333333333,24.28333333333333,-95.59958333333333,-11.269583333333335,5.080416666666666,8.30875,7.92625,7.6258333333333335,4.898333333333333,21.0625,468.0,1040.0,45.48916666666667,26.650833333333335,42.479166666666664,12.020833333333334,21.5,2.151666666666667,-115.02583333333332,7.666666666666667,7.7348,1.1893,8.9241,100.0,0.0
2026-08-20,R5-009,R5-009_L800_S1,R5,L800,67.0,6200.0,99.236375,3311.0,99.455375,2816.0,98.69583333333333,98.07416666666667,0.0,0.5005833333333333,0.45058333333333334,98.31766666666665,98.71333333333332,96.21791666666667,1.91125,23.849541666666667,3.7665,69.98125,23.525000000000002,-93.19416666666666,-10.133333333333333,6.109999999999999,8.410833333333334,8.184166666666666,7.590416666666666,4.920416666666667,21.575,355.5416666666667,790.2083333333334,44.076249999999995,31.582916666666666,43.48,22.766666666666666,35.041666666666664,5.945833333333333,-115.14541666666666,7.020833333333333,32.8509,4.8978,37.748599999999996,100.0,0.0
2026-08-20,R5-009,R5-009_L800_S3,R5,L800,72.0,6200.0,99.22975000000001,1704.0,99.4225,1452.0,98.657,98.05708333333332,0.0,0.4868333333333333,0.43825000000000003,98.3365,98.52483333333333,96.3935,2.1425,14.030791666666666,4.064958333333333,29.321250000000003,23.741666666666664,-100.58833333333332,-9.225416666666666,8.015,8.600833333333332,8.559583333333334,10.668750000000001,5.3775,20.254166666666666,439.9166666666667,977.5416666666666,43.666666666666664,25.55458333333333,42.48041666666666,20.004166666666666,33.875,3.065,-115.20375,6.720833333333334,26.0646,2.8482,28.9128,100.0,0.0
2026-08-20,R5-010,R5-010_L1800_S1,R5,L1800,73.0,1650.0,99.23158333333333,2468.0,99.41916666666667,2095.0,98.65520833333333,97.82083333333333,0.0,0.5144583333333334,0.463,98.26525,98.52024999999999,96.23525000000001,2.0420833333333333,20.325,5.1844166666666665,54.244166666666665,24.633333333333336,-92.01541666666667,-9.630833333333333,7.8116666666666665,8.580833333333333,8.209166666666667,8.6425,5.7004166666666665,20.758333333333333,559.75,1243.9583333333333,46.477916666666665,26.656666666666666,40.992916666666666,15.316666666666668,25.083333333333332,2.935833333333333,-115.235,6.7625,11.8133,1.2366,13.049900000000001,100.0,0.0
2026-08-20,R5-010,R5-010_L1800_S2,R5,L1800,76.0,1650.0,99.21633333333334,1363.0,99.39916666666666,1159.0,98.62016666666666,98.05375,0.0,0.5030833333333333,0.4527083333333333,98.320625,98.59891666666665,96.45633333333332,2.006666666666667,26.367708333333336,7.019041666666666,70.56833333333334,22.40833333333333,-94.2,-12.059166666666668,6.6866666666666665,8.46875,8.105416666666667,10.312916666666666,4.994583333333334,20.720833333333335,415.125,922.625,44.39166666666667,25.0425,41.564166666666665,10.604166666666666,14.5,2.0516666666666667,-115.10291666666666,6.75,9.6242,1.5382,11.1626,100.0,0.0
2026-08-20,R5-010,R5-010_L1800_S3,R5,L1800,78.0,1650.0,99.29404166666666,1543.0,99.50012500000001,1312.0,98.79775000000001,97.88833333333334,0.0,0.5363333333333333,0.48270833333333335,98.3675,98.58729166666666,96.24970833333333,1.9608333333333334,12.921708333333333,3.9467083333333335,35.69,22.695833333333336,-98.76083333333334,-9.554166666666667,7.97625,8.5975,8.507916666666667,10.464583333333334,5.065,20.441666666666666,543.75,1208.2916666666667,46.123333333333335,26.185000000000002,42.765833333333326,15.85,20.791666666666668,4.687916666666667,-115.14583333333333,7.191666666666666,23.4902,2.6601,26.1503,100.0,0.0
2026-08-20,R5-010,R5-010_L2100_S1,R5,L2100,74.0,300.0,99.26766666666667,2084.0,99.42708333333333,1772.0,98.69904166666667,97.89791666666667,0.0,0.47774999999999995,0.43,98.37599999999999,98.6035,96.27995833333334,2.0995833333333334,20.641125,4.253458333333334,59.95791666666667,24.016666666666666,-97.6075,-12.270000000000001,6.608333333333333,8.46125,7.97,8.083333333333334,5.285416666666666,20.679166666666667,361.7916666666667,804.1666666666666,46.57333333333333,32.557916666666664,41.64416666666667,14.329166666666666,22.041666666666668,2.6508333333333334,-115.18166666666667,6.845833333333334,13.4816,1.6682000000000001,15.1499,100.0,0.0
2026-08-20,R5-010,R5-010_L2100_S2,R5,L2100,77.0,300.0,99.23129166666666,3084.0,99.47958333333334,2620.0,98.715125,97.98541666666667,0.0,0.514125,0.46258333333333335,98.28520833333333,98.64025,96.44324999999999,2.058333333333333,27.315791666666666,7.305416666666666,69.49916666666667,23.8625,-97.41916666666667,-9.99,7.6875,8.568333333333333,8.15375,8.5725,4.9887500000000005,21.429166666666664,571.875,1270.7083333333333,44.64541666666667,27.881666666666664,41.60708333333333,33.75833333333333,57.541666666666664,6.2875000000000005,-115.35958333333333,7.041666666666667,26.7073,2.9509,29.6581,100.0,0.0
2026-08-20,R5-010,R5-010_L2100_S3,R5,L2100,79.0,300.0,99.16995833333334,1815.0,99.47087499999999,1541.0,98.64516666666667,98.00041666666668,0.0,0.5195416666666667,0.4676666666666667,98.30725,98.55687499999999,96.42649999999999,2.035,22.235500000000002,4.633416666666666,50.62041666666667,24.891666666666666,-103.02749999999999,-11.352083333333333,7.27625,8.527083333333334,7.737500000000001,9.53125,5.246666666666667,21.366666666666664,606.0833333333334,1346.9583333333333,43.342083333333335,24.86583333333333,42.049166666666665,13.770833333333334,18.583333333333332,3.7424999999999997,-115.01416666666667,6.9125000000000005,16.3467,2.3919,18.7389,100.0,0.0
2026-08-20,R5-010,R5-010_L800_S1,R5,L800,75.0,6200.0,99.167125,4425.0,99.51183333333334,3760.0,98.68316666666668,98.005,0.0,0.4679583333333333,0.42125000000000007,98.251875,98.55154166666667,96.23283333333335,1.9954166666666666,26.379458333333332,7.535875,52.322916666666664,24.2375,-95.61791666666666,-10.125416666666666,8.270416666666668,8.6275,8.360416666666667,7.129583333333334,4.600416666666667,20.679166666666667,574.4166666666666,1276.5,45.053333333333335,31.568749999999998,41.255833333333335,27.079166666666666,48.458333333333336,6.741666666666667,-115.24166666666667,7.541666666666667,38.9308,4.071,43.0017,100.0,0.0
2026-08-20,R5-010,R5-010_L800_S3,R5,L800,80.0,6200.0,99.284875,1701.0,99.50783333333334,1446.0,98.79629166666666,97.99833333333333,0.0,0.5145416666666667,0.4632083333333334,98.27637499999999,98.52970833333335,96.327875,1.9316666666666666,25.52625,4.866666666666666,70.37083333333334,23.804166666666664,-97.59333333333332,-10.935,6.634166666666666,8.462916666666667,7.9425,6.624583333333334,5.1725,20.708333333333332,572.875,1273.0833333333333,44.916666666666664,29.66208333333333,42.14833333333333,12.029166666666667,15.958333333333334,2.0679166666666666,-114.75291666666668,6.633333333333333,17.4357,2.2288,19.6647,100.0,0.0
2026-08-21,R5-001,R5-001_L1800_S1,R5,L1800,1.0,1650.0,99.248875,3605.0,99.489125,3066.0,98.742,98.06583333333333,0.0,0.49099999999999994,0.44179166666666664,98.35924999999999,98.585,96.43445833333334,1.8729166666666668,16.689083333333333,4.595166666666667,37.412083333333335,23.754166666666666,-99.52708333333334,-10.874583333333334,8.252083333333333,8.625416666666666,7.894166666666667,6.43875,5.409166666666667,21.454166666666666,441.7916666666667,981.7083333333334,45.81333333333333,35.4175,41.63916666666667,31.337500000000002,45.583333333333336,5.137083333333334,-115.195,6.9375,36.0582,3.9698,40.0281,100.0,0.0
2026-08-21,R5-001,R5-001_L1800_S2,R5,L1800,4.0,1650.0,99.31754166666667,3169.0,99.45504166666666,2695.0,98.77637499999999,97.88125000000001,0.0,0.49058333333333337,0.4415,98.32579166666666,98.53183333333334,96.19679166666667,2.035,17.93525,5.4593750000000005,32.10791666666667,24.666666666666668,-96.06833333333333,-9.473333333333334,7.059166666666666,8.505416666666667,8.26375,8.06625,5.22,20.570833333333333,441.25,980.2916666666666,46.59583333333333,36.49458333333333,43.00375,22.320833333333336,37.916666666666664,5.508333333333333,-115.65625,6.129166666666666,28.4223,4.3421,32.7641,100.0,0.0
2026-08-21,R5-001,R5-001_L1800_S3,R5,L1800,6.0,1650.0,99.286,2120.0,99.47483333333334,1801.0,98.76474999999999,97.93374999999999,0.0,0.49183333333333334,0.442625,98.29812500000001,98.60795833333333,96.32108333333333,2.02375,17.215,6.427083333333333,48.05416666666667,23.97083333333333,-103.55,-11.609166666666667,8.251666666666667,8.624583333333334,7.84125,9.095833333333333,4.869166666666667,20.650000000000002,477.125,1060.375,47.01958333333334,31.830833333333334,45.13999999999999,24.329166666666666,41.5,5.415416666666666,-115.21,6.995833333333334,20.5885,2.3586,22.9472,100.0,0.0
2026-08-21,R5-001,R5-001_L2100_S1,R5,L2100,2.0,300.0,99.27375,1802.0,99.446125,1534.0,98.72379166666667,98.06625000000001,0.0,1.1410833333333332,1.0269583333333332,98.24891666666667,98.498875,96.46670833333333,2.0383333333333336,22.510166666666667,5.764291666666666,50.17041666666666,25.616666666666664,-88.58333333333333,-15.292083333333332,1.50125,6.149583333333333,8.182083333333333,8.585416666666667,5.1875,37.69166666666667,3180.5833333333335,6360.958333333333,46.150416666666665,32.29,41.518750000000004,18.2375,30.291666666666668,3.1279166666666662,-114.90666666666668,26.1125,21.6378,3.2144,24.8525,100.0,0.0
2026-08-21,R5-001,R5-001_L2100_S2,R5,L2100,5.0,300.0,99.27366666666667,2696.0,99.44191666666666,2291.0,98.71962500000001,98.00083333333333,0.0,0.5063333333333334,0.4557083333333333,98.182375,98.37233333333334,96.13974999999999,2.0391666666666666,23.829458333333335,5.714833333333334,47.223749999999995,24.766666666666666,-95.72125,-9.650416666666667,8.572916666666666,8.656666666666666,8.53125,8.735,5.269166666666666,22.0,554.3333333333334,1231.875,47.905,31.215,42.89666666666667,25.416666666666668,42.375,4.0129166666666665,-115.45833333333333,6.954166666666667,21.7466,3.4748,25.2213,100.0,0.0
2026-08-21,R5-001,R5-001_L2100_S3,R5,L2100,7.0,300.0,99.20533333333333,2688.0,99.47266666666667,2287.0,98.68258333333334,98.045,0.0,0.4725,0.42520833333333335,98.231375,98.58783333333334,96.38616666666667,2.0945833333333335,22.144416666666668,7.031625000000001,42.395,24.087500000000002,-95.45416666666667,-10.439166666666667,8.225,8.623333333333333,8.516250000000001,7.593333333333334,5.648333333333333,20.629166666666666,593.6666666666666,1319.2083333333333,45.935,29.625416666666666,43.49458333333333,27.925,47.208333333333336,6.28875,-115.21499999999999,7.2124999999999995,40.6186,6.180400000000001,46.7986,100.0,0.0
2026-08-21,R5-001,R5-001_L800_S1,R5,L800,3.0,6200.0,99.268875,5373.0,99.45729166666666,4567.0,98.73020833333334,97.96875,0.0,0.4815416666666667,0.4334166666666666,98.38729166666667,98.68491666666667,96.40166666666666,1.9079166666666667,25.823416666666663,3.5415833333333335,59.38583333333333,24.3,-95.77083333333333,-10.028333333333334,8.121666666666666,8.612916666666667,8.402916666666668,8.875833333333334,5.25,20.270833333333332,438.75,975.125,44.50208333333333,24.968333333333334,42.947916666666664,32.975,51.375,7.03375,-114.97375,7.979166666666667,36.7678,5.7239,42.4919,100.0,0.0
2026-08-21,R5-001,R5-001_L800_S3,R5,L800,8.0,6200.0,99.31116666666667,4207.0,99.45083333333334,3573.0,98.76595833333333,98.02749999999999,0.0,0.49524999999999997,0.44566666666666666,98.24470833333334,98.52416666666666,95.93066666666668,1.98125,23.86554166666667,7.142916666666667,52.798750000000005,24.40416666666667,-97.39875,-10.994583333333333,6.653333333333333,8.465833333333334,7.896249999999999,7.761666666666667,5.608333333333333,21.058333333333334,386.9583333333333,860.0833333333334,44.037083333333335,24.644583333333333,43.11875,31.1875,54.416666666666664,8.337083333333334,-115.38625,6.875,44.672,4.9732,49.6453,100.0,0.0
2026-08-21,R5-002,R5-002_L1800_S1,R5,L1800,9.0,1650.0,99.27654166666667,4317.0,99.41858333333333,3670.0,98.69945833333333,98.0225,0.0,0.5068750000000001,0.45616666666666666,98.20912499999999,98.49604166666666,96.11683333333333,2.040833333333333,8.465,4.930791666666667,17.924583333333334,24.629166666666666,-99.09375,-10.038333333333334,10.5525,8.855833333333333,8.132916666666667,9.584166666666667,5.2375,21.3125,527.125,1171.2916666666667,71.62583333333333,46.28375,42.68333333333334,60.26666666666667,89.16666666666667,14.759166666666667,-115.50833333333333,7.4125000000000005,50.113,3.4536,53.567,100.0,0.0
2026-08-21,R5-002,R5-002_L1800_S2,R5,L1800,12.0,1650.0,99.284625,1789.0,99.42295833333333,1520.0,98.71175,97.95166666666667,0.0,0.486125,0.43754166666666666,98.30041666666666,98.62595833333334,96.21195833333333,2.0458333333333334,18.659458333333333,4.7097500000000005,50.49458333333334,24.1875,-96.01875,-8.37,7.95,8.594583333333334,8.1075,9.525833333333333,5.6620833333333325,20.970833333333335,494.8333333333333,1099.5416666666667,45.425000000000004,26.756249999999998,44.15416666666667,20.616666666666667,27.75,5.84875,-115.38583333333334,7.170833333333333,13.751900000000001,1.6786,15.4305,100.0,0.0
2026-08-21,R5-002,R5-002_L1800_S3,R5,L1800,14.0,1650.0,99.25695833333333,4474.0,99.41362500000001,3803.0,98.67520833333333,97.96416666666666,0.0,0.5030833333333333,0.45275,98.40004166666667,98.67025,96.38754166666666,2.107083333333333,22.006208333333333,3.611625,38.01416666666667,23.71666666666667,-95.92333333333333,-9.860833333333334,8.640833333333333,8.66375,8.421666666666667,10.116249999999999,5.708749999999999,21.566666666666666,601.375,1336.5416666666667,46.306666666666665,34.106249999999996,42.30291666666667,28.208333333333332,45.916666666666664,6.749583333333334,-115.14041666666667,6.266666666666667,24.251,2.9028,27.1535,100.0,0.0
2026-08-21,R5-002,R5-002_L2100_S1,R5,L2100,10.0,300.0,99.23062499999999,4170.0,99.39887499999999,3541.0,98.63429166666667,97.9175,0.0,0.5096666666666666,0.45870833333333333,98.28370833333334,98.60654166666666,96.31475,2.0083333333333333,12.417125,3.6575,20.914583333333333,24.40416666666667,-97.26166666666667,-10.11875,9.856666666666667,8.785833333333334,8.017083333333334,8.544583333333334,5.335833333333333,22.09583333333333,358.2083333333333,796.25,46.28125,30.354166666666668,42.822916666666664,24.96666666666667,41.625,4.260833333333333,-115.39,7.945833333333333,29.9513,3.7387,33.6899,100.0,0.0
2026-08-21,R5-002,R5-002_L2100_S2,R5,L2100,13.0,300.0,99.24175000000001,4557.0,99.45037500000001,3873.0,98.69654166666668,98.05208333333333,0.0,0.5286666666666667,0.47570833333333334,98.29083333333334,98.57779166666667,96.37841666666667,1.9495833333333332,21.07858333333333,3.858375,59.815,24.858333333333334,-98.15916666666668,-9.605833333333333,8.43875,8.642916666666666,7.759166666666666,9.513333333333334,5.122916666666667,20.970833333333335,339.3333333333333,753.9583333333334,45.418749999999996,28.450416666666666,44.14625,28.90416666666667,41.791666666666664,8.577083333333333,-115.24583333333334,6.908333333333334,26.4812,3.3541,29.8355,100.0,0.0
2026-08-21,R5-002,R5-002_L2100_S3,R5,L2100,15.0,300.0,99.28108333333334,2012.0,99.41320833333333,1706.0,98.69875,97.93124999999999,0.0,0.4905,0.44145833333333334,98.29983333333332,98.58895833333332,96.48566666666666,2.0116666666666667,13.187166666666668,7.229291666666666,20.817916666666665,22.90833333333333,-102.54333333333334,-9.457083333333333,6.75125,8.47625,8.040000000000001,8.197916666666666,5.279583333333334,21.766666666666666,396.1666666666667,880.4583333333334,44.90291666666667,27.837083333333336,41.84375,22.979166666666668,38.0,6.119583333333334,-114.90458333333333,7.075,32.7813,5.0735,37.8552,100.0,0.0
2026-08-21,R5-002,R5-002_L800_S1,R5,L800,11.0,6200.0,99.2795,1222.0,99.37458333333332,1039.0,98.65858333333334,97.91791666666667,0.0,0.4991666666666667,0.44929166666666664,98.330375,98.63350000000001,96.219375,2.0545833333333334,24.27554166666667,6.259458333333334,64.67208333333333,24.608333333333334,-93.95541666666666,-8.840833333333334,6.923333333333333,8.4925,7.8999999999999995,8.53625,5.365833333333334,20.337500000000002,617.75,1373.0833333333333,45.025416666666665,31.03708333333333,44.08541666666667,14.275,21.291666666666668,2.2845833333333334,-115.49374999999999,6.75,18.5914,2.4414000000000002,21.0329,100.0,0.0
2026-08-21,R5-002,R5-002_L800_S3,R5,L800,16.0,6200.0,99.22933333333333,5199.0,99.45304166666666,4421.0,98.68679166666668,98.10833333333333,0.0,0.4805,0.43254166666666666,98.25933333333334,98.55895833333334,96.18495833333333,2.0829166666666667,25.775541666666665,7.421625,66.4725,23.8875,-96.175,-11.941249999999998,7.95625,8.595833333333333,8.183333333333334,7.452916666666667,5.0441666666666665,20.220833333333335,332.6666666666667,739.2916666666666,45.187083333333334,25.05875,44.437083333333334,34.06666666666667,52.291666666666664,5.897083333333334,-115.10291666666666,7.2375,50.6089,4.9316,55.5405,100.0,0.0
2026-08-21,R5-003,R5-003_L1800_S1,R5,L1800,17.0,1650.0,99.27012500000001,3203.0,99.45454166666667,2723.0,98.72866666666665,98.05375,0.0,0.4690833333333333,0.4222083333333333,98.27895833333334,98.575125,96.28079166666667,2.0383333333333336,22.020333333333337,5.3365833333333335,65.51041666666667,24.641666666666666,-98.37791666666668,-8.81625,6.8620833333333335,8.485833333333334,8.396666666666667,10.012916666666667,4.942916666666666,19.220833333333335,467.7916666666667,1039.5416666666667,45.07791666666666,35.35666666666666,41.483333333333334,27.333333333333332,39.916666666666664,6.5425,-115.36958333333332,7.7749999999999995,31.6859,2.7862,34.4723,100.0,0.0
2026-08-21,R5-003,R5-003_L1800_S2,R5,L1800,20.0,1650.0,96.68620833333334,4938.0,99.429125,4195.0,96.13425000000001,97.95458333333333,0.0,1.73275,1.5593333333333332,98.1005,98.46479166666666,96.04866666666668,2.11125,4.446208333333334,4.457208333333333,12.98625,24.962500000000002,-115.1225,-9.986666666666666,1.4579166666666667,5.645,8.124166666666666,10.542916666666667,36.32375,45.074999999999996,367.8333333333333,817.375,46.61208333333334,33.18666666666667,44.01291666666666,31.666666666666668,54.5,6.315,-115.46125,7.216666666666666,28.378,2.4634,30.8413,100.0,0.0
2026-08-21,R5-003,R5-003_L1800_S3,R5,L1800,22.0,1650.0,99.23395833333332,3057.0,99.438125,2598.0,98.67633333333333,97.95958333333334,0.0,0.48574999999999996,0.4370416666666667,98.33133333333332,98.63720833333333,96.41924999999999,2.1329166666666666,14.079833333333333,3.6984999999999997,23.76625,23.745833333333334,-93.65333333333332,-10.738750000000001,7.935416666666666,8.59375,8.099166666666667,6.873333333333334,5.265,21.395833333333332,612.8333333333334,1361.7916666666667,45.211666666666666,27.672916666666666,42.99458333333334,19.0,25.0,4.34625,-115.41291666666666,7.5375000000000005,21.5517,3.2513,24.8031,100.0,0.0
2026-08-21,R5-003,R5-003_L2100_S1,R5,L2100,18.0,300.0,99.27741666666667,1376.0,99.44645833333334,1172.0,98.72816666666667,98.1325,0.0,0.5164583333333334,0.46475,98.27508333333333,98.49191666666667,96.15608333333334,2.0241666666666664,22.283666666666665,3.511125,57.0375,23.47083333333333,-98.30375,-11.170833333333334,8.664166666666667,8.666666666666666,8.32,7.8066666666666675,5.249583333333333,21.933333333333334,516.75,1148.4166666666667,46.084583333333335,31.64625,42.54916666666667,12.6,19.958333333333332,2.07375,-115.19791666666667,6.5249999999999995,10.311,0.8735999999999999,11.1845,100.0,0.0
2026-08-21,R5-003,R5-003_L2100_S2,R5,L2100,21.0,300.0,99.2075,3022.0,99.46520833333334,2569.0,98.676875,97.91583333333334,0.0,0.5,0.45008333333333334,98.45291666666667,98.75654166666668,96.53466666666667,2.111666666666667,13.418458333333334,3.6405833333333333,21.2275,24.587500000000002,-97.23916666666666,-10.544166666666667,7.875416666666666,8.586666666666666,8.022916666666667,7.755416666666666,5.0175,21.1125,472.9166666666667,1051.125,45.015416666666674,35.694583333333334,41.742916666666666,21.8125,37.541666666666664,3.4612499999999997,-115.43458333333332,7.620833333333334,13.6819,2.181,15.8628,100.0,0.0
2026-08-21,R5-003,R5-003_L2100_S3,R5,L2100,23.0,300.0,99.27487500000001,3244.0,99.49370833333334,2757.0,98.77245833333335,98.07583333333334,0.0,0.49433333333333335,0.44487499999999996,98.28533333333333,98.60820833333334,96.35075,1.93,21.378833333333333,5.34225,58.02291666666667,23.4875,-98.53041666666667,-10.249583333333334,10.41125,8.84125,8.032083333333333,9.641666666666667,5.1779166666666665,21.075,327.375,727.5416666666666,46.02708333333334,27.170416666666668,43.867916666666666,28.71666666666667,41.041666666666664,8.542916666666667,-114.73333333333333,7.366666666666667,28.6201,4.0792,32.6991,100.0,0.0
2026-08-21,R5-003,R5-003_L800_S1,R5,L800,19.0,6200.0,99.28583333333334,4074.0,99.43420833333333,3465.0,98.72416666666668,98.04124999999999,0.0,0.496375,0.4467916666666667,98.27695833333333,98.59975000000001,96.42783333333334,2.0595833333333333,13.15425,5.407541666666667,34.35583333333333,23.208333333333332,-92.28916666666667,-9.935,8.327916666666667,8.633333333333333,8.139583333333333,10.50625,5.55375,21.175,323.3333333333333,718.25,46.22333333333333,36.61708333333333,41.50125,27.979166666666668,47.208333333333336,4.452916666666667,-115.43458333333332,7.020833333333333,35.984899999999996,5.2955,41.2808,100.0,0.0
2026-08-21,R5-003,R5-003_L800_S3,R5,L800,24.0,6200.0,99.24091666666668,2942.0,99.44029166666667,2501.0,98.68575,98.07,0.0,0.4895416666666667,0.44054166666666666,98.32608333333333,98.66479166666666,96.43441666666666,2.0595833333333333,22.104458333333337,6.355416666666667,34.01375,24.0125,-93.51208333333334,-9.488333333333333,6.2562500000000005,8.426666666666668,8.079583333333334,9.374583333333334,4.84625,21.479166666666668,491.75,1092.7916666666667,44.692499999999995,31.86916666666667,42.715,18.120833333333334,25.5,4.10375,-115.33749999999999,6.45,21.6761,2.117,23.7933,100.0,0.0
2026-08-21,R5-004,R5-004_L1800_S1,R5,L1800,25.0,1650.0,99.26379166666668,4750.0,99.41466666666668,4037.0,98.68295833333333,98.03541666666666,0.0,0.5169166666666667,0.4652083333333333,98.34470833333334,98.69425,96.19616666666667,1.9154166666666665,22.993583333333333,6.171708333333334,35.23375,23.895833333333332,-100.34458333333333,-10.315,9.07875,8.708333333333334,8.314583333333333,7.049166666666667,5.127916666666667,21.245833333333334,332.2916666666667,738.2916666666666,45.49583333333334,26.464166666666667,44.04708333333334,32.68333333333333,54.541666666666664,5.110833333333333,-115.18083333333334,6.6625000000000005,21.7029,2.7119,24.4146,100.0,0.0
2026-08-21,R5-004,R5-004_L1800_S2,R5,L1800,28.0,1650.0,99.28533333333333,2711.0,99.38679166666667,2303.0,98.676625,98.07666666666667,0.0,1.0484583333333333,0.9435833333333333,98.34675,98.66958333333334,96.43599999999999,2.1316666666666664,16.586041666666667,7.372958333333333,43.61291666666667,23.375,-101.70125,-10.925833333333335,6.5562499999999995,8.588333333333333,7.565833333333334,6.92875,12.574166666666665,21.349999999999998,329.1666666666667,731.6666666666666,46.481249999999996,28.11125,41.626666666666665,16.425,25.375,3.8295833333333333,-115.76416666666667,6.608333333333333,12.9606,1.2942,14.2547,100.0,0.0
2026-08-21,R5-004,R5-004_L1800_S3,R5,L1800,30.0,1650.0,99.24533333333333,3000.0,99.39212500000001,2550.0,98.64208333333333,97.95208333333333,0.0,0.5192916666666667,0.4673333333333333,98.33179166666667,98.660375,96.53516666666667,1.8795833333333334,20.863875,7.097708333333333,54.99583333333334,25.808333333333334,-101.48458333333333,-9.284166666666666,4.832083333333333,8.284166666666666,8.000833333333334,7.865416666666667,5.1379166666666665,20.9875,525.3333333333334,1167.2916666666667,45.562083333333334,34.84791666666667,40.623333333333335,34.949999999999996,62.625,9.841666666666667,-115.11583333333334,6.4750000000000005,21.1429,2.6178,23.7603,100.0,0.0
2026-08-21,R5-004,R5-004_L2100_S1,R5,L2100,26.0,300.0,99.28604166666668,3190.0,99.47879166666667,2710.0,98.76883333333335,97.91541666666666,0.0,0.4992916666666667,0.44929166666666664,98.32662499999999,98.63029166666666,96.40416666666665,1.97,15.659041666666667,7.37675,44.856249999999996,24.84583333333333,-95.41916666666667,-8.9025,9.284583333333334,8.727916666666667,8.51375,9.807916666666666,5.560833333333334,21.5,540.2083333333334,1200.5833333333333,45.52375,31.080416666666668,41.14041666666667,27.741666666666664,46.875,4.88125,-114.99958333333332,6.804166666666667,34.4285,5.3554,39.7837,100.0,0.0
2026-08-21,R5-004,R5-004_L2100_S2,R5,L2100,29.0,300.0,99.29337500000001,3571.0,99.42720833333334,3039.0,98.724625,98.02416666666666,0.0,0.5028333333333334,0.4525416666666667,98.27895833333334,98.61920833333333,96.40479166666667,1.9845833333333331,17.407666666666668,5.0067916666666665,28.307916666666667,23.883333333333336,-102.14291666666666,-10.074166666666667,7.849166666666666,8.584999999999999,8.4275,10.77875,5.045416666666667,21.0,546.375,1214.0416666666667,47.00666666666667,28.80458333333333,44.04916666666667,24.358333333333334,37.375,6.814166666666666,-115.00333333333333,6.708333333333333,31.310200000000002,4.9755,36.286,100.0,0.0
2026-08-21,R5-004,R5-004_L2100_S3,R5,L2100,31.0,300.0,99.22516666666667,4065.0,99.44608333333333,3455.0,98.67566666666666,98.00458333333334,0.0,0.5170833333333333,0.4654583333333333,98.29991666666666,98.60191666666667,96.32520833333332,2.1529166666666666,25.305875,7.522916666666667,74.83916666666666,24.150000000000002,-96.55833333333334,-8.385,7.492083333333333,8.54875,8.767083333333334,9.58875,5.2700000000000005,21.808333333333334,329.2916666666667,732.0,45.99333333333333,31.040833333333335,44.19416666666667,25.854166666666668,35.0,4.66125,-115.08708333333334,7.666666666666667,37.5532,5.4125,42.9651,100.0,0.0
2026-08-21,R5-004,R5-004_L800_S1,R5,L800,27.0,6200.0,99.26712500000001,3622.0,99.43475000000001,3079.0,98.70608333333332,98.02041666666666,0.0,0.4817916666666667,0.433625,98.290375,98.61504166666667,96.28654166666666,1.985,23.881958333333333,4.845833333333333,51.17166666666666,22.916666666666668,-99.90791666666667,-10.350416666666666,5.638750000000001,8.36375,8.102500000000001,10.483749999999999,5.355833333333333,21.787499999999998,589.7916666666666,1310.6666666666667,44.37291666666667,31.640416666666667,41.18875,30.329166666666666,43.791666666666664,7.162083333333334,-115.42875,6.229166666666667,42.2368,6.5797,48.8163,100.0,0.0
2026-08-21,R5-004,R5-004_L800_S3,R5,L800,32.0,6200.0,99.21904166666667,3212.0,99.45379166666667,2730.0,98.67716666666666,98.04375,0.0,0.518375,0.4664166666666667,98.34058333333333,98.63870833333334,96.29254166666668,2.0279166666666666,20.65308333333333,5.380916666666667,59.138749999999995,24.445833333333336,-96.2525,-11.439166666666667,6.755416666666666,8.475,8.681666666666667,8.284583333333334,5.183333333333334,20.741666666666667,391.6666666666667,870.5,46.555,31.052916666666665,42.401666666666664,26.925,41.166666666666664,7.184166666666666,-115.47500000000001,7.308333333333334,20.4594,2.5039,22.9632,100.0,0.0
2026-08-21,R5-005,R5-005_L1800_S1,R5,L1800,33.0,1650.0,97.73329166666667,3166.0,99.46229166666666,2688.0,97.20804166666666,88.16541666666666,0.0,1.5293333333333334,1.3765,98.37104166666667,98.75829166666666,96.41016666666667,1.9970833333333333,23.777666666666665,2.0422499999999997,69.10541666666667,22.974999999999998,-91.58708333333334,-9.182083333333333,8.127916666666666,8.612083333333333,8.313333333333334,6.67875,5.9383333333333335,20.662499999999998,340.125,755.7083333333334,46.3425,34.87791666666667,46.87833333333333,26.224999999999998,39.875,4.601249999999999,-99.76375,40.166666666666664,21.0842,2.3512,23.4357,100.0,0.0
2026-08-21,R5-005,R5-005_L1800_S2,R5,L1800,36.0,1650.0,99.15225,4061.0,99.473,3454.0,98.63,98.02625,0.0,0.5181250000000001,0.466375,98.21145833333333,98.49483333333335,96.32620833333334,1.95875,15.552583333333333,6.937583333333333,36.355,23.620833333333334,-96.42291666666667,-11.253749999999998,8.466666666666667,8.647083333333333,8.531666666666666,7.806666666666666,5.099583333333333,19.658333333333335,568.25,1262.6666666666667,44.59625,25.766666666666666,38.9225,26.708333333333332,35.083333333333336,6.289166666666667,-115.42625,7.045833333333333,17.5393,2.6835999999999998,20.2228,100.0,0.0
2026-08-21,R5-005,R5-005_L1800_S3,R5,L1800,38.0,1650.0,99.25166666666667,3488.0,99.45625,2967.0,98.71191666666668,97.97416666666668,0.0,0.5156666666666666,0.46412499999999995,98.204875,98.55679166666665,95.99233333333332,2.0120833333333334,16.718625,4.789499999999999,27.495,23.45,-95.12875000000001,-10.89625,5.887083333333333,8.388333333333334,8.15875,9.613333333333333,5.33,21.304166666666667,447.375,994.25,45.13708333333333,32.78208333333333,41.63791666666667,32.1,47.708333333333336,7.333333333333333,-115.07166666666667,6.541666666666667,22.42,2.8909,25.310499999999998,100.0,0.0
2026-08-21,R5-005,R5-005_L2100_S1,R5,L2100,34.0,300.0,99.21604166666667,5517.0,99.44133333333333,4689.0,98.66191666666667,98.00875,0.0,0.4920833333333334,0.4429166666666666,98.24283333333334,98.63691666666666,96.35825,2.025,24.285791666666668,4.015416666666667,56.27,24.175,-95.75208333333335,-10.440416666666666,6.9025,8.490833333333333,8.374166666666666,8.824583333333333,5.379166666666666,20.208333333333332,567.7916666666666,1261.7916666666667,44.73208333333333,30.032916666666665,40.75625,33.425000000000004,49.791666666666664,7.444166666666667,-115.52833333333332,7.704166666666667,31.7237,3.1993,34.9233,100.0,0.0
2026-08-21,R5-005,R5-005_L2100_S2,R5,L2100,37.0,300.0,99.23666666666666,2009.0,99.41633333333334,1709.0,98.65758333333333,97.98083333333334,0.0,0.50375,0.45333333333333337,98.38833333333334,98.61874999999999,96.44083333333333,1.9195833333333334,19.203666666666667,3.6338749999999997,35.874583333333334,23.416666666666668,-94.14833333333333,-10.240416666666667,8.658333333333333,8.666666666666666,8.4975,7.486666666666667,5.451250000000001,20.974999999999998,369.125,820.0,45.6275,30.897499999999997,41.208333333333336,19.370833333333334,33.708333333333336,3.515833333333333,-114.65375,7.2749999999999995,21.3795,2.6315,24.0109,100.0,0.0
2026-08-21,R5-005,R5-005_L2100_S3,R5,L2100,39.0,300.0,99.30970833333333,1340.0,99.479125,1142.0,98.79266666666666,97.92291666666667,0.0,0.4895416666666667,0.44054166666666666,98.23275000000001,98.55645833333334,96.20949999999999,2.0545833333333334,21.250416666666666,3.8019166666666666,35.04416666666666,24.879166666666666,-97.83541666666667,-10.240833333333333,8.616666666666667,8.661666666666667,7.64375,7.577500000000001,5.3775,21.504166666666666,417.125,926.6666666666666,46.23500000000001,28.787499999999998,43.12583333333333,12.270833333333334,20.208333333333332,3.3575,-115.45458333333333,7.670833333333333,13.3919,1.746,15.1377,100.0,0.0
2026-08-21,R5-005,R5-005_L800_S1,R5,L800,35.0,6200.0,99.29016666666666,1171.0,99.46829166666667,996.0,98.76233333333333,97.96791666666667,0.0,0.49254166666666666,0.44325,98.34908333333334,98.693375,96.373375,1.9245833333333333,18.841208333333334,4.176333333333333,54.59708333333333,24.241666666666664,-96.35708333333334,-9.776666666666667,6.694166666666667,8.47,8.450833333333334,8.4625,5.3175,20.429166666666667,509.6666666666667,1132.625,44.48083333333333,30.25791666666667,41.427083333333336,12.816666666666668,18.208333333333332,2.095833333333333,-115.02625,6.891666666666667,15.4714,1.8859,17.3575,100.0,0.0
2026-08-21,R5-005,R5-005_L800_S3,R5,L800,40.0,6200.0,99.27716666666667,2160.0,99.42120833333333,1835.0,98.70270833333335,98.02499999999999,0.0,0.4720416666666667,0.42487499999999995,98.345625,98.63870833333334,96.50233333333334,2.1170833333333334,16.669166666666666,5.488208333333333,46.62583333333333,24.925,-93.90125,-8.114583333333334,6.7625,8.475416666666666,8.61875,11.053333333333333,5.166666666666667,19.429166666666667,428.0416666666667,951.1666666666666,45.12166666666667,29.90041666666667,41.473333333333336,14.487499999999999,22.666666666666668,4.2612499999999995,-115.23125,6.866666666666667,17.537,2.4449,19.9819,100.0,0.0
2026-08-21,R5-006,R5-006_L1800_S1,R5,L1800,41.0,1650.0,99.31008333333334,2684.0,99.50154166666665,2277.0,98.81520833333333,98.01958333333333,0.0,0.45858333333333334,0.4126666666666667,98.29641666666667,98.62525,96.46158333333334,1.9979166666666668,24.29733333333333,4.431583333333333,68.61458333333333,23.97083333333333,-101.23791666666666,-9.765833333333333,6.789166666666667,8.478333333333333,8.61375,7.48125,5.397083333333334,21.320833333333333,323.375,718.7083333333334,46.318333333333335,27.116666666666664,43.32416666666666,24.95,34.666666666666664,5.75,-115.60291666666667,6.6875,19.8527,2.9432,22.7958,100.0,0.0
2026-08-21,R5-006,R5-006_L1800_S2,R5,L1800,44.0,1650.0,99.21208333333334,3304.0,99.464625,2807.0,98.68095833333332,98.08875,0.0,0.4916666666666667,0.44250000000000006,98.23441666666666,98.49679166666665,96.24629166666666,2.182916666666667,23.996208333333332,7.071791666666667,67.04333333333334,24.90833333333333,-97.12208333333332,-9.059166666666666,5.79375,8.37875,8.445833333333335,10.467916666666666,5.239166666666667,22.120833333333334,406.3333333333333,902.875,44.89000000000001,32.96041666666667,43.38833333333333,31.645833333333332,51.25,7.574166666666667,-115.25291666666668,7.1125,35.3671,4.8469999999999995,40.2141,100.0,0.0
2026-08-21,R5-006,R5-006_L1800_S3,R5,L1800,46.0,1650.0,99.263125,4836.0,99.12287500000001,4111.0,98.39262500000001,97.825,22.0,0.5575,0.5017916666666666,98.18354166666667,98.55954166666668,96.284125,2.1475,7.174416666666667,4.992166666666667,17.26875,25.09166666666667,-96.09250000000002,-10.90125,7.972916666666666,8.597083333333334,7.9575,10.032083333333334,5.449583333333333,21.395833333333332,536.75,1193.0,76.91,52.26625000000001,75.25125,71.95416666666667,127.625,19.851666666666667,-115.14583333333333,6.833333333333333,109.7714,7.0629,116.8345,100.0,0.0
2026-08-21,R5-006,R5-006_L2100_S1,R5,L2100,42.0,300.0,99.23054166666667,5469.0,99.43849999999999,4648.0,98.67358333333334,97.92708333333333,0.0,0.4780416666666667,0.4302083333333333,98.25020833333333,98.58945833333333,96.255125,1.92,23.022541666666665,6.895333333333333,65.41833333333334,23.5625,-96.59791666666666,-11.293750000000001,8.48,8.64875,8.340833333333334,9.919583333333334,5.357083333333333,21.154166666666665,387.7916666666667,861.7083333333334,45.354166666666664,31.19125,42.8825,32.949999999999996,53.083333333333336,5.835833333333333,-115.25583333333333,6.591666666666666,44.0753,6.1224,50.1978,100.0,0.0
2026-08-21,R5-006,R5-006_L2100_S2,R5,L2100,45.0,300.0,99.22908333333334,3490.0,99.4425,2968.0,98.675875,97.92416666666666,0.0,0.48862500000000003,0.43979166666666664,98.32120833333333,98.62454166666667,96.38375,2.07,17.179708333333334,6.119083333333333,41.836666666666666,23.441666666666666,-97.06708333333334,-9.549583333333333,8.374583333333334,8.637916666666667,8.535833333333333,8.5925,5.19125,21.020833333333332,449.8333333333333,999.625,46.48,31.930000000000003,43.51458333333333,28.570833333333336,46.375,6.7629166666666665,-115.27958333333333,7.0,34.1021,5.0077,39.11,100.0,0.0
2026-08-21,R5-006,R5-006_L2100_S3,R5,L2100,47.0,300.0,99.28958333333333,1703.0,99.42983333333332,1445.0,98.72358333333334,97.93708333333332,0.0,0.499125,0.44929166666666664,98.19220833333333,98.47404166666666,96.11091666666665,1.8791666666666667,20.108208333333334,4.5696666666666665,36.282916666666665,24.429166666666664,-94.00041666666665,-10.574166666666667,9.843333333333334,8.785416666666666,8.119166666666667,9.673333333333334,5.300833333333333,21.7,391.4166666666667,869.7916666666666,45.340833333333336,33.84875,44.355,13.995833333333332,20.166666666666668,4.138333333333334,-115.19416666666666,7.366666666666667,19.7636,2.6239,22.3877,100.0,0.0
2026-08-21,R5-006,R5-006_L800_S1,R5,L800,43.0,6200.0,99.22175,2445.0,99.45691666666666,2077.0,98.68279166666667,97.98375,0.0,0.478875,0.43095833333333333,98.23433333333332,98.59591666666667,96.25274999999999,1.9283333333333335,18.458333333333332,6.0785833333333334,28.63291666666667,23.854166666666668,-94.39916666666666,-8.585833333333333,7.700833333333333,8.57,8.334583333333333,10.212083333333334,5.661666666666666,20.554166666666667,415.6666666666667,923.5416666666666,46.982499999999995,28.142083333333332,43.29708333333334,21.033333333333335,33.0,3.611666666666667,-115.25041666666668,7.566666666666666,29.8568,3.832,33.6887,100.0,0.0
2026-08-21,R5-006,R5-006_L800_S3,R5,L800,48.0,6200.0,99.23291666666667,2232.0,99.434125,1898.0,98.671375,98.04,0.0,0.48604166666666665,0.43745833333333334,98.33595833333334,98.612625,96.39058333333332,2.0716666666666668,21.359958333333335,5.8105,47.857499999999995,23.066666666666666,-98.26333333333334,-12.071666666666667,5.760000000000001,8.37625,8.383750000000001,7.748333333333334,5.447916666666667,20.666666666666668,363.875,808.4583333333334,45.739583333333336,29.75708333333333,41.97083333333333,25.483333333333334,39.5,7.190833333333333,-115.27541666666667,7.058333333333334,20.4764,3.1066,23.5829,100.0,0.0
2026-08-21,R5-007,R5-007_L1800_S1,R5,L1800,49.0,1650.0,99.231,1488.0,99.44829166666666,1265.0,98.68366666666667,97.84458333333333,0.0,0.4887083333333333,0.4399166666666667,98.181375,98.49466666666666,96.26229166666667,2.1091666666666664,19.618791666666667,6.471208333333333,44.576249999999995,23.854166666666668,-97.24083333333334,-10.327083333333333,7.449166666666667,8.545,8.116666666666667,9.749583333333334,5.339166666666666,19.495833333333334,560.0,1244.625,45.194583333333334,27.090833333333336,42.64333333333333,15.808333333333332,25.791666666666668,3.9370833333333333,-115.42875,6.916666666666667,14.3497,1.3034000000000001,15.6534,100.0,0.0
2026-08-21,R5-007,R5-007_L1800_S2,R5,L1800,52.0,1650.0,99.2685,1020.0,99.44233333333334,870.0,98.71495833333334,98.02875,0.0,0.5132083333333334,0.461875,98.36220833333334,98.65991666666667,96.438125,2.0170833333333333,25.11975,5.338625,58.81041666666667,24.837500000000002,-95.24874999999999,-11.865,6.328333333333333,8.434583333333334,8.487083333333333,10.350833333333334,5.766666666666667,21.379166666666666,411.3333333333333,914.2083333333334,46.14083333333334,29.184583333333332,43.17416666666667,10.75,16.75,1.8379166666666666,-115.46499999999999,7.091666666666666,9.3663,0.892,10.2584,100.0,0.0
2026-08-21,R5-007,R5-007_L1800_S3,R5,L1800,54.0,1650.0,99.23745833333334,2203.0,99.426625,1873.0,98.66866666666668,97.98708333333333,0.0,0.511,0.4598333333333333,98.34112499999999,98.63383333333333,96.34070833333334,2.0154166666666664,19.169416666666667,4.379041666666667,44.63125,24.462500000000002,-101.48375,-11.136666666666665,8.21125,8.62125,8.16125,6.832083333333333,5.331666666666667,21.583333333333332,418.6666666666667,930.2916666666666,44.88666666666666,31.04375,41.876666666666665,24.454166666666666,40.041666666666664,6.706666666666667,-115.40375,6.866666666666667,20.2279,2.6217,22.8497,100.0,0.0
2026-08-21,R5-007,R5-007_L2100_S1,R5,L2100,50.0,300.0,99.25929166666667,4243.0,99.436875,3603.0,98.70025,98.04958333333333,0.0,0.50425,0.4538333333333333,98.23958333333333,98.53266666666667,96.24945833333334,2.0704166666666666,18.487791666666666,5.348833333333334,35.09291666666667,22.90416666666667,-93.01791666666666,-8.380416666666667,10.247916666666667,8.824166666666667,8.174999999999999,9.995833333333334,5.288333333333333,22.125,570.3333333333334,1267.5416666666667,45.21041666666667,34.13375,43.5875,33.295833333333334,53.125,7.6525,-115.10875,7.2875000000000005,41.3107,3.3088,44.6194,100.0,0.0
2026-08-21,R5-007,R5-007_L2100_S2,R5,L2100,53.0,300.0,94.18187499999999,1173.0,95.584625,996.0,90.02654166666667,91.90541666666667,0.0,0.48945833333333333,0.44045833333333334,98.28704166666667,98.62400000000001,96.25099999999999,1.9995833333333335,12.464500000000001,7.430125,24.33791666666667,24.875,-93.87041666666666,-9.272083333333333,6.3933333333333335,8.44,8.424999999999999,10.182916666666666,5.107916666666667,21.45,540.4583333333334,1200.875,45.89083333333334,33.11291666666667,67.85791666666667,11.012500000000001,18.083333333333332,2.8870833333333334,-115.17083333333333,7.258333333333333,7.4634,0.6742,8.1378,100.0,0.0
2026-08-21,R5-007,R5-007_L2100_S3,R5,L2100,55.0,300.0,99.23712499999999,2060.0,99.41841666666666,1752.0,98.660125,97.8925,0.0,0.5227499999999999,0.4704166666666667,98.36808333333333,98.72125,96.25004166666666,1.8454166666666667,25.001625,7.199208333333334,46.659166666666664,24.02916666666667,-97.95,-9.9375,7.697916666666667,8.57,8.098333333333334,9.464583333333334,5.2683333333333335,21.604166666666668,344.5,765.375,46.11000000000001,36.65916666666667,44.49583333333334,14.716666666666667,25.5,3.2595833333333335,-115.29833333333333,6.920833333333333,8.9241,0.976,9.8999,100.0,0.0
2026-08-21,R5-007,R5-007_L800_S1,R5,L800,51.0,6200.0,99.29229166666666,1177.0,99.44166666666666,1001.0,98.738,97.9875,0.0,0.5158333333333334,0.46425,98.37045833333333,98.655125,96.46625,2.058333333333333,16.539166666666667,3.504875,27.4575,25.016666666666666,-98.34791666666666,-11.496250000000002,6.831666666666667,8.482083333333334,8.472083333333332,10.112916666666667,5.070416666666667,21.025000000000002,413.4166666666667,918.625,43.91,32.645833333333336,42.703333333333326,10.679166666666667,17.583333333333332,2.5775,-115.30791666666666,6.866666666666667,15.0886,1.2397,16.3284,100.0,0.0
2026-08-21,R5-007,R5-007_L800_S3,R5,L800,56.0,6200.0,99.23741666666666,1117.0,99.41479166666666,949.0,98.65683333333334,97.92166666666667,0.0,0.5145000000000001,0.463125,98.325125,98.71083333333333,96.26133333333333,1.9395833333333332,14.263083333333334,6.69575,22.151666666666667,23.070833333333336,-95.88458333333334,-10.428333333333333,6.748333333333334,8.475833333333332,8.09625,7.602916666666666,5.654166666666666,21.53333333333333,569.9166666666666,1266.7083333333333,45.612500000000004,34.47291666666667,41.83083333333334,11.6625,16.916666666666668,2.02625,-114.88291666666667,6.579166666666667,8.391399999999999,1.0294,9.4204,100.0,0.0
2026-08-21,R5-008,R5-008_L1800_S1,R5,L1800,57.0,1650.0,,0.0,,0.0,,97.94875,0.0,0.49504166666666666,0.44545833333333335,98.257625,98.51258333333334,96.307,1.95,0.0,0.0,0.0,22.9875,-102.22000000000001,-10.024166666666668,6.5995833333333325,8.459583333333333,8.214166666666666,8.3025,5.21375,21.96666666666667,319.5833333333333,710.0833333333334,0.0,0.0,41.72541666666667,0.0,0.0,0.0,-115.34625,6.733333333333333,0.0,0.0,0.0,14.956125,1224.6
2026-08-21,R5-008,R5-008_L1800_S2,R5,L1800,60.0,1650.0,99.29033333333332,2915.0,99.49608333333333,2478.0,98.79,97.99083333333334,0.0,0.5079166666666667,0.45708333333333334,98.259125,98.58449999999999,96.26712500000001,2.04625,17.500333333333334,6.283,44.52458333333333,23.75,-96.45333333333333,-12.365833333333333,7.760833333333333,8.575833333333334,8.424583333333333,8.3225,4.8975,20.991666666666667,333.8333333333333,741.75,46.19708333333333,33.78458333333334,42.629583333333336,17.854166666666668,30.666666666666668,3.5066666666666664,-115.35458333333334,7.066666666666666,11.2522,1.7196,12.9715,100.0,0.0
2026-08-21,R5-008,R5-008_L1800_S3,R5,L1800,62.0,1650.0,99.202875,2731.0,99.42508333333335,2324.0,98.63266666666668,97.83125,0.0,0.4903333333333333,0.4411666666666667,98.43525,98.74325,96.69275,1.9895833333333333,21.721958333333333,5.401458333333333,48.93083333333333,23.825,-101.32708333333333,-10.130416666666667,6.98875,8.499166666666666,8.364583333333334,9.101666666666667,4.96875,21.029166666666665,385.75,857.0416666666666,44.93541666666667,30.72875,42.99,21.34166666666667,34.333333333333336,4.269166666666666,-114.99874999999999,7.3125,15.4377,2.005,17.4424,100.0,0.0
2026-08-21,R5-008,R5-008_L2100_S1,R5,L2100,58.0,300.0,99.21441666666668,4324.0,99.45804166666666,3675.0,98.67666666666666,97.98458333333333,0.0,0.49704166666666666,0.44745833333333335,98.374375,98.71691666666668,96.51258333333334,1.9895833333333333,22.02779166666667,6.2245,50.263749999999995,23.383333333333336,-93.3225,-11.744166666666667,7.199166666666667,8.519583333333333,8.000416666666666,9.4,5.307083333333334,20.241666666666667,384.8333333333333,855.0416666666666,44.605,29.400833333333335,42.55291666666667,30.429166666666664,53.75,6.404583333333334,-115.18833333333333,6.6499999999999995,43.9165,5.681,49.5978,100.0,0.0
2026-08-21,R5-008,R5-008_L2100_S2,R5,L2100,61.0,300.0,99.18304166666667,1774.0,99.45908333333334,1508.0,98.64675,97.98333333333333,0.0,0.5255,0.47304166666666664,98.375,98.64954166666666,96.36995833333333,2.02375,21.102208333333333,7.7285416666666675,37.97708333333333,24.083333333333332,-93.92416666666666,-9.705,4.727083333333334,8.271666666666667,8.078333333333333,9.605416666666667,5.02875,22.329166666666666,555.1666666666666,1233.7916666666667,46.77041666666667,36.05625,43.104166666666664,13.174999999999999,22.416666666666668,3.205833333333333,-115.67541666666666,7.25,9.6345,1.0167,10.6512,100.0,0.0
2026-08-21,R5-008,R5-008_L2100_S3,R5,L2100,63.0,300.0,99.20912499999999,2622.0,99.45925,2228.0,98.67279166666667,98.02916666666665,0.0,0.51575,0.46420833333333333,98.34445833333332,98.63066666666667,96.41529166666668,2.009583333333333,23.872500000000002,5.817125,44.900416666666665,24.375,-97.47833333333334,-9.805,8.687916666666666,8.668750000000001,8.504166666666666,8.179583333333333,5.229583333333333,20.091666666666665,335.9166666666667,746.4583333333334,46.537083333333335,31.847083333333334,42.30083333333334,16.420833333333334,27.208333333333332,3.1566666666666667,-114.73916666666666,7.0874999999999995,12.5441,1.1342,13.6784,100.0,0.0
2026-08-21,R5-008,R5-008_L800_S1,R5,L800,59.0,6200.0,99.28083333333332,4885.0,99.45691666666666,4152.0,98.74195833333333,97.99291666666666,0.0,0.5043333333333333,0.45387500000000003,98.15691666666667,98.47366666666666,96.333625,1.88375,20.186708333333332,6.839166666666666,31.02333333333333,23.454166666666666,-97.66208333333333,-10.200000000000001,7.24625,8.524583333333334,8.477083333333333,7.767083333333333,5.57375,19.837500000000002,491.875,1093.0,44.854166666666664,35.73416666666667,43.29958333333334,34.11666666666667,55.541666666666664,9.8475,-115.43416666666667,6.858333333333333,46.8855,6.2517,53.137,100.0,0.0
2026-08-21,R5-008,R5-008_L800_S3,R5,L800,64.0,6200.0,99.27391666666666,4804.0,99.45554166666666,4085.0,98.73354166666667,98.11625,0.0,0.48104166666666665,0.43295833333333333,98.289875,98.57508333333334,96.28125,2.025,17.131083333333333,6.460208333333333,29.264166666666668,23.608333333333334,-97.16666666666667,-9.609166666666667,9.305833333333334,8.730416666666667,8.385416666666666,7.579999999999999,5.5062500000000005,20.008333333333333,399.1666666666667,887.0,46.22625,34.797916666666666,43.03916666666667,32.375,49.125,8.1675,-115.41375,7.008333333333333,47.032,5.5571,52.5887,100.0,0.0
2026-08-21,R5-009,R5-009_L1800_S1,R5,L1800,65.0,1650.0,99.218125,4107.0,99.39999999999999,3489.0,98.62291666666665,97.96541666666667,0.0,0.4956666666666667,0.4462083333333333,98.32379166666668,98.642375,96.26070833333334,2.07625,24.797833333333333,6.577541666666666,50.81666666666666,24.395833333333332,-99.00291666666668,-10.842916666666667,10.278333333333334,8.8275,8.52875,9.933333333333334,5.63,21.1125,530.1666666666666,1177.9166666666667,46.01583333333334,33.61291666666667,41.92791666666667,26.558333333333334,37.5,4.486666666666666,-115.24624999999999,7.170833333333333,29.331,2.6657,31.9965,100.0,0.0
2026-08-21,R5-009,R5-009_L1800_S2,R5,L1800,68.0,1650.0,99.30404166666666,3066.0,99.44470833333334,2607.0,98.75258333333333,97.97291666666666,0.0,0.5015416666666667,0.4515,98.31716666666667,98.49470833333334,96.42558333333334,2.0370833333333334,20.080708333333334,4.004208333333334,39.34791666666667,23.925,-93.36458333333333,-10.449583333333333,5.760833333333333,8.37625,8.203333333333333,7.69,5.270833333333333,21.195833333333333,445.0,989.0833333333334,44.93875,27.202083333333334,43.124583333333334,31.0125,55.083333333333336,9.209166666666667,-115.22875,6.954166666666667,29.1981,4.4676,33.6657,100.0,0.0
2026-08-21,R5-009,R5-009_L1800_S3,R5,L1800,70.0,1650.0,99.24575,2125.0,99.44870833333333,1804.0,98.69866666666667,97.87083333333334,0.0,0.4674583333333333,0.4207083333333333,98.33179166666667,98.651,96.44879166666668,2.0258333333333334,20.789625,4.634333333333333,43.42541666666667,24.15833333333333,-92.85083333333334,-10.801666666666668,7.84,8.583333333333334,8.44,10.179166666666667,5.4225,20.883333333333333,392.4583333333333,872.2083333333334,44.71375,25.857083333333332,41.88791666666666,18.9375,31.625,3.2191666666666667,-115.0175,6.45,22.6306,3.505,26.1357,100.0,0.0
2026-08-21,R5-009,R5-009_L2100_S1,R5,L2100,66.0,300.0,99.20929166666667,1168.0,99.43458333333332,996.0,98.648625,98.11041666666667,0.0,0.495125,0.4455,98.27491666666667,98.60941666666668,96.22179166666666,1.90625,12.1445,5.455666666666667,36.07333333333333,24.724999999999998,-95.61500000000001,-9.866666666666667,5.492916666666667,8.35,8.179166666666667,8.377083333333333,5.511666666666667,21.52916666666667,402.875,895.1666666666666,48.53541666666666,32.38708333333333,43.065,12.520833333333334,17.5,2.1825,-115.03875,7.05,12.202,1.8051,14.0067,100.0,0.0
2026-08-21,R5-009,R5-009_L2100_S2,R5,L2100,69.0,300.0,99.26854166666668,1961.0,99.47874999999999,1668.0,98.751375,97.99791666666665,0.0,0.5104166666666666,0.4592083333333334,98.29454166666666,98.52524999999999,96.23416666666667,2.18125,19.178291666666667,4.362625,50.905,23.133333333333336,-94.66875,-9.972083333333334,6.3125,8.43125,8.443333333333333,8.475833333333332,5.075,20.8125,553.125,1229.0416666666667,45.922083333333326,33.014583333333334,43.00333333333333,14.929166666666667,24.416666666666668,2.3937500000000003,-115.18041666666666,7.383333333333333,13.8439,1.4442,15.2885,100.0,0.0
2026-08-21,R5-009,R5-009_L2100_S3,R5,L2100,71.0,300.0,99.261375,1379.0,99.45241666666668,1172.0,98.71787499999999,97.96416666666666,0.0,1.14775,1.0330416666666666,93.33533333333332,93.62216666666666,91.36158333333333,11.307083333333333,18.526541666666667,6.77825,45.132083333333334,24.46666666666667,-95.88541666666667,-11.39125,5.49125,8.349166666666667,8.143749999999999,7.837083333333333,5.245833333333334,20.345833333333335,466.75,1037.0416666666667,45.82,26.845,44.35708333333333,11.762500000000001,20.916666666666668,2.1037500000000002,-114.99666666666667,7.1125,7.5951,1.1681,8.7634,100.0,0.0
2026-08-21,R5-009,R5-009_L800_S1,R5,L800,67.0,6200.0,99.20204166666667,3393.0,99.43558333333334,2886.0,98.64216666666668,98.16708333333334,0.0,0.508375,0.4575833333333333,98.29062499999999,98.49254166666667,96.31041666666665,2.0437499999999997,23.133708333333335,3.7972083333333333,67.88125000000001,22.72083333333333,-93.37458333333332,-10.172916666666667,5.985833333333333,8.397916666666667,8.43875,7.826250000000001,5.03375,20.420833333333334,346.125,769.0,45.875,32.87166666666666,43.32208333333333,22.933333333333334,35.291666666666664,5.988333333333333,-115.23208333333334,7.441666666666666,33.41,4.981,38.3908,100.0,0.0
2026-08-21,R5-009,R5-009_L800_S3,R5,L800,72.0,6200.0,99.21504166666666,1731.0,99.46662500000001,1472.0,98.68583333333333,98.01041666666667,0.0,0.49020833333333336,0.4410416666666667,98.15554166666668,98.38625,96.075,1.8808333333333334,14.035833333333334,3.8988333333333336,29.331666666666667,24.245833333333334,-100.33416666666666,-9.149166666666668,7.626666666666666,8.5625,7.97625,9.941666666666666,5.371666666666666,20.758333333333333,435.5,967.7083333333334,46.86333333333334,27.425,42.415,20.333333333333332,34.416666666666664,3.1183333333333336,-115.44208333333334,7.216666666666666,26.4754,2.8932,29.3689,100.0,0.0
2026-08-21,R5-010,R5-010_L1800_S1,R5,L1800,73.0,1650.0,99.210375,2395.0,99.40554166666668,2038.0,98.62083333333334,97.925,0.0,0.5054583333333333,0.45475,98.38041666666668,98.65316666666666,96.25620833333333,1.9825,20.335083333333333,5.244208333333334,54.27041666666667,23.22083333333333,-91.695,-9.819166666666666,7.888333333333333,8.58875,7.965416666666666,8.387916666666667,5.025833333333334,20.529166666666665,558.25,1240.4166666666667,45.465833333333336,26.077083333333334,42.066250000000004,15.029166666666667,24.5,2.8775,-114.83666666666666,6.170833333333333,11.5153,1.2051,12.7205,100.0,0.0
2026-08-21,R5-010,R5-010_L1800_S2,R5,L1800,76.0,1650.0,99.24570833333333,1405.0,99.433625,1191.0,98.68391666666666,97.98708333333333,0.0,0.49924999999999997,0.44929166666666664,98.27116666666666,98.59683333333334,96.20054166666667,1.8825,25.924875,6.93625,69.38333333333334,23.825,-94.47666666666667,-12.138333333333334,7.269166666666667,8.526666666666667,8.376666666666667,10.659583333333332,5.0475,22.054166666666664,411.8333333333333,914.875,47.52666666666667,26.811666666666667,43.05166666666667,10.808333333333332,14.791666666666666,2.0908333333333333,-115.3075,7.95,9.8812,1.5793,11.4605,100.0,0.0
2026-08-21,R5-010,R5-010_L1800_S3,R5,L1800,78.0,1650.0,99.2445,1534.0,99.44604166666666,1301.0,98.69491666666666,98.06541666666668,0.0,0.5172083333333334,0.46541666666666665,98.224875,98.52779166666666,96.45662499999999,2.1225,13.133291666666667,3.767416666666667,36.27375,23.558333333333334,-98.22208333333333,-9.5075,8.408333333333333,8.640416666666667,7.942916666666666,9.767916666666666,5.154166666666667,21.287499999999998,542.25,1205.2916666666667,45.17916666666667,25.649583333333336,40.745,15.608333333333334,20.541666666666668,4.6187499999999995,-115.50958333333334,6.804166666666667,23.259900000000002,2.6342,25.893700000000003,100.0,0.0
2026-08-21,R5-010,R5-010_L2100_S1,R5,L2100,74.0,300.0,99.24275,2061.0,99.46670833333333,1750.0,98.713625,98.01416666666667,0.0,0.4897916666666667,0.44087499999999996,98.32929166666666,98.52791666666667,96.36133333333333,2.067083333333333,21.542416666666668,4.108208333333334,62.57708333333333,23.541666666666668,-97.89458333333333,-12.069166666666668,6.712083333333333,8.470833333333333,8.366249999999999,8.486666666666666,5.277083333333334,19.849999999999998,363.5833333333333,807.9583333333334,43.54541666666666,30.440833333333334,42.9475,14.354166666666666,22.0,2.655,-115.41791666666667,6.883333333333333,13.3954,1.6575,15.0527,100.0,0.0
2026-08-21,R5-010,R5-010_L2100_S2,R5,L2100,77.0,300.0,99.238,3013.0,99.45591666666667,2562.0,98.69804166666667,98.02791666666667,0.0,0.5158333333333334,0.464375,98.2925,98.53954166666666,96.49125,1.9395833333333332,26.712,7.338458333333333,67.96333333333332,22.625,-97.245,-10.262500000000001,7.672916666666667,8.566666666666666,8.174999999999999,8.594583333333334,5.440833333333334,20.570833333333333,578.4166666666666,1285.3333333333333,44.93125,28.059583333333332,42.38583333333333,33.233333333333334,56.708333333333336,6.189583333333334,-115.25083333333333,6.608333333333333,26.1887,2.8936,29.0822,100.0,0.0
2026-08-21,R5-010,R5-010_L2100_S3,R5,L2100,79.0,300.0,99.253625,1989.0,99.47716666666666,1689.0,98.73470833333333,97.8825,0.0,0.53725,0.4834583333333333,98.33800000000001,98.66141666666665,96.27858333333334,1.9629166666666666,21.93433333333333,4.619083333333333,49.935,23.895833333333332,-102.96749999999999,-11.44625,7.4383333333333335,8.543333333333333,8.550833333333333,10.5325,5.078333333333333,20.004166666666666,611.2083333333334,1358.2916666666667,46.06166666666667,26.427083333333332,42.88625,14.758333333333333,20.125,4.0112499999999995,-115.36500000000001,6.741666666666667,17.7402,2.5957,20.3357,100.0,0.0
2026-08-21,R5-010,R5-010_L800_S1,R5,L800,75.0,6200.0,99.22825,4509.0,99.40625,3831.0,98.63929166666667,97.97791666666666,0.0,0.4964166666666667,0.4467916666666667,98.245625,98.61933333333333,96.31979166666667,1.98375,26.600083333333334,7.164458333333333,52.76,23.179166666666664,-96.0575,-10.0675,8.015416666666667,8.600833333333332,8.31625,7.092083333333334,5.3275,21.258333333333333,586.375,1303.2083333333333,46.1,32.3025,40.56916666666667,27.47083333333333,49.25,6.8374999999999995,-115.28791666666666,6.825,39.590199999999996,4.14,43.73,100.0,0.0
2026-08-21,R5-010,R5-010_L800_S3,R5,L800,80.0,6200.0,99.25562500000001,1695.0,99.42670833333334,1440.0,98.68683333333333,97.96833333333335,0.0,0.514,0.46275,98.30045833333332,98.59383333333334,96.28191666666667,1.8270833333333334,25.64833333333333,5.052583333333334,70.7075,23.416666666666668,-97.72958333333334,-11.022083333333333,6.835833333333333,8.484583333333333,8.249583333333334,6.8812500000000005,5.227916666666666,21.77916666666667,575.75,1279.6666666666667,44.26958333333334,29.23375,41.60125,11.975,15.958333333333334,2.05625,-115.45083333333334,6.5375000000000005,17.3617,2.2193,19.5811,100.0,0.0
2026-08-22,R5-001,R5-001_L1800_S1,R5,L1800,1.0,1650.0,99.25508333333333,3700.0,99.46520833333334,3144.0,98.72449999999999,97.93875000000001,0.0,0.5227499999999999,0.47045833333333337,98.29424999999999,98.55595833333332,96.516,1.9679166666666665,16.941666666666666,4.632416666666667,37.977916666666665,25.041666666666668,-99.70291666666667,-10.9975,8.064583333333333,8.606250000000001,8.03,6.550416666666667,5.45625,20.554166666666667,430.2916666666667,956.4166666666666,47.032916666666665,36.35916666666667,42.04291666666666,31.84583333333333,46.375,5.22,-115.47125,7.579166666666667,36.833,4.0554,40.888,100.0,0.0
2026-08-22,R5-001,R5-001_L1800_S2,R5,L1800,4.0,1650.0,99.18020833333333,3117.0,99.46941666666667,2650.0,98.65395833333334,98.04541666666667,0.0,0.48733333333333334,0.4387083333333333,98.39,98.64533333333333,96.33870833333333,2.0100000000000002,17.58729166666667,5.358375,31.484583333333333,23.537499999999998,-95.8625,-9.22125,7.113333333333333,8.512083333333333,7.729166666666667,7.545833333333333,4.9624999999999995,21.091666666666665,456.0833333333333,1013.2916666666666,46.02458333333333,36.045833333333334,43.56583333333333,22.208333333333332,37.75,5.4816666666666665,-115.39916666666666,6.841666666666666,28.0912,4.2915,32.383,100.0,0.0
2026-08-22,R5-001,R5-001_L1800_S3,R5,L1800,6.0,1650.0,99.27583333333332,2039.0,99.45949999999999,1731.0,98.739375,98.10958333333333,0.0,0.5052083333333334,0.45458333333333334,98.20183333333334,98.55104166666666,96.11212499999999,1.925,17.45175,6.5973749999999995,48.71458333333334,23.712500000000002,-102.86375,-11.884583333333333,8.4025,8.640833333333333,8.290416666666667,9.615,5.439583333333334,21.3875,463.6666666666667,1030.25,45.129999999999995,30.55125,41.65208333333333,23.8625,40.708333333333336,5.312916666666667,-115.08458333333334,7.145833333333333,19.9716,2.2877,22.2594,100.0,0.0
2026-08-22,R5-001,R5-001_L2100_S1,R5,L2100,2.0,300.0,99.19975,1826.0,99.46054166666666,1552.0,98.664875,97.93583333333333,0.0,1.2053333333333334,1.0847916666666666,98.31566666666667,98.581375,96.45958333333334,2.13625,23.114625,5.56825,51.517500000000005,24.516666666666666,-87.945,-15.04625,1.0025,6.10125,8.249583333333334,8.656666666666666,5.2091666666666665,37.72083333333333,3168.125,6336.125,46.73208333333333,32.69708333333333,42.025,18.304166666666667,30.458333333333332,3.138333333333333,-115.38375,26.120833333333334,21.8102,3.2399,25.0504,100.0,0.0
2026-08-22,R5-001,R5-001_L2100_S2,R5,L2100,5.0,300.0,99.192875,2674.0,99.47754166666665,2274.0,98.67479166666668,97.97916666666667,0.0,0.528375,0.4754583333333333,98.34104166666667,98.63404166666668,96.09333333333332,2.0187500000000003,23.438833333333335,5.729375,46.447916666666664,24.8875,-95.21499999999999,-9.862083333333333,8.664166666666667,8.666666666666666,8.465416666666668,8.6675,5.159166666666667,21.40833333333333,548.9166666666666,1219.7083333333333,46.88666666666666,30.550416666666667,41.13583333333333,25.233333333333334,42.041666666666664,3.984583333333333,-115.19875,7.0125,21.5696,3.4465,25.016,100.0,0.0
2026-08-22,R5-001,R5-001_L2100_S3,R5,L2100,7.0,300.0,99.25833333333333,2668.0,99.41866666666665,2266.0,98.68150000000001,98.02208333333334,0.0,0.519,0.46708333333333335,98.32916666666667,98.61062500000001,96.41141666666665,1.8975,21.819374999999997,7.235250000000001,41.77,24.5625,-95.35583333333334,-10.38625,7.96125,8.59625,8.337083333333334,7.435,5.176666666666667,20.658333333333335,587.875,1306.4166666666667,44.51958333333334,28.71166666666667,41.825833333333335,27.775000000000002,46.958333333333336,6.255833333333334,-115.5175,6.633333333333334,40.329,6.1363,46.464999999999996,100.0,0.0
2026-08-22,R5-001,R5-001_L800_S1,R5,L800,3.0,6200.0,99.23120833333333,5164.0,99.47858333333333,4392.0,98.71379166666667,98.02416666666666,0.0,0.48904166666666665,0.4402916666666667,98.17091666666666,98.47191666666667,96.07033333333334,2.0429166666666667,26.179583333333337,3.726625,60.20458333333334,23.554166666666664,-95.91041666666666,-10.230416666666667,8.002916666666666,8.6,7.8425,8.283333333333333,5.427083333333333,21.537499999999998,432.9583333333333,962.0416666666666,45.40083333333333,25.473333333333333,42.919999999999995,32.05416666666667,49.833333333333336,6.835416666666667,-115.98083333333334,7.283333333333332,35.5119,5.5285,41.0403,100.0,0.0
2026-08-22,R5-001,R5-001_L800_S3,R5,L800,8.0,6200.0,99.273125,4100.0,99.44266666666665,3485.0,98.719875,97.99708333333332,0.0,0.49583333333333335,0.4463333333333333,98.33800000000001,98.61620833333332,96.34391666666666,1.7945833333333334,23.7135,7.122833333333333,52.461666666666666,23.537499999999998,-97.20666666666666,-10.885833333333332,6.555416666666667,8.455833333333333,8.359583333333333,8.217083333333333,5.215416666666667,20.033333333333335,385.0833333333333,855.5,44.12083333333334,24.69125,42.098333333333336,30.983333333333334,54.166666666666664,8.284583333333332,-115.48208333333334,8.299999999999999,43.9183,4.8894,48.8076,100.0,0.0
2026-08-22,R5-002,R5-002_L1800_S1,R5,L1800,9.0,1650.0,99.21733333333333,4453.0,99.49329166666666,3785.0,98.71470833333332,97.82791666666667,0.0,0.48325,0.4349166666666667,98.35183333333333,98.63908333333335,96.356875,2.06375,8.374375,4.636708333333334,17.732499999999998,24.25,-99.61333333333333,-10.02,10.437083333333334,8.84375,8.377083333333333,9.8725,5.220416666666666,21.729166666666668,498.5,1107.75,71.58874999999999,46.25958333333333,42.481249999999996,61.333333333333336,90.75,15.020416666666668,-115.36916666666667,7.4875,51.3725,3.5406,54.9131,100.0,0.0
2026-08-22,R5-002,R5-002_L1800_S2,R5,L1800,12.0,1650.0,99.248875,1894.0,99.42970833333334,1611.0,98.68308333333334,97.87708333333335,0.0,0.49633333333333335,0.446625,98.34679166666666,98.6965,96.44425,2.0183333333333335,18.571208333333335,4.401,50.25541666666667,24.22083333333333,-96.335,-8.72125,7.962083333333333,8.595833333333333,8.178749999999999,9.605833333333333,5.5225,22.066666666666666,485.375,1078.9166666666667,47.6475,28.06625,43.10208333333333,21.537499999999998,28.958333333333332,6.1066666666666665,-115.61083333333333,7.3,14.4628,1.7653,16.2284,100.0,0.0
2026-08-22,R5-002,R5-002_L1800_S3,R5,L1800,14.0,1650.0,99.21970833333334,4282.0,99.39912500000001,3640.0,98.62345833333335,97.94125000000001,0.0,0.5365833333333333,0.48304166666666665,98.27916666666665,98.58970833333332,96.32275,1.96125,22.22266666666667,3.7584999999999997,38.387499999999996,23.666666666666668,-95.25999999999999,-9.81875,8.53375,8.65375,8.1425,9.7825,5.145833333333333,21.2,605.7083333333334,1346.0833333333333,45.39124999999999,33.4325,40.72541666666667,27.516666666666666,44.958333333333336,6.583749999999999,-115.12708333333332,6.808333333333334,23.4083,2.8019,26.2098,100.0,0.0
2026-08-22,R5-002,R5-002_L2100_S1,R5,L2100,10.0,300.0,99.27966666666667,4061.0,99.4645,3451.0,98.74820833333332,97.96708333333333,0.0,0.5140416666666666,0.46270833333333333,98.374375,98.72420833333332,96.43083333333334,2.1141666666666667,12.625,3.437666666666667,21.264583333333334,23.733333333333334,-96.93041666666666,-10.2025,9.61375,8.760833333333332,7.863333333333333,8.38,5.489166666666667,21.391666666666666,351.9166666666667,781.9166666666666,46.24166666666667,30.327916666666667,41.532916666666665,24.412499999999998,40.625,4.165416666666666,-114.93416666666667,6.358333333333333,29.2155,3.6469,32.8624,100.0,0.0
2026-08-22,R5-002,R5-002_L2100_S2,R5,L2100,13.0,300.0,99.20625,4642.0,99.455375,3951.0,98.66641666666668,98.00583333333333,0.0,0.5385416666666667,0.48475,98.28995833333333,98.59533333333333,96.267625,2.044583333333333,21.177958333333333,4.074083333333333,60.09708333333333,25.025000000000002,-98.03041666666667,-9.667499999999999,8.721666666666666,8.672916666666667,8.461666666666666,10.372916666666667,5.475416666666667,20.870833333333334,331.2083333333333,736.25,46.316250000000004,29.0125,42.72666666666667,29.02916666666667,42.125,8.617083333333333,-115.05583333333334,7.625,26.8234,3.3973999999999998,30.2208,100.0,0.0
2026-08-22,R5-002,R5-002_L2100_S3,R5,L2100,15.0,300.0,99.31037500000001,1807.0,99.44708333333334,1536.0,98.76141666666666,98.11583333333334,0.0,0.526875,0.4741666666666667,98.22408333333334,98.51658333333334,96.15275000000001,2.072083333333333,13.212083333333334,7.131666666666667,20.857083333333332,23.795833333333334,-102.12791666666668,-9.450000000000001,7.05125,8.504583333333334,7.952083333333333,8.109583333333333,5.09875,20.95,394.8333333333333,877.5833333333334,43.032916666666665,26.677916666666665,40.919583333333335,21.329166666666666,35.375,5.680833333333333,-114.77458333333334,7.041666666666667,29.8854,4.6254,34.5108,100.0,0.0
2026-08-22,R5-002,R5-002_L800_S1,R5,L800,11.0,6200.0,99.26816666666667,1154.0,99.45695833333333,980.0,98.729375,98.05541666666666,0.0,0.475875,0.4283333333333333,98.33120833333334,98.6805,96.53116666666666,2.075416666666667,23.840875,6.318583333333333,63.51541666666666,22.25,-94.495,-8.739166666666668,6.890833333333333,8.48875,7.960416666666667,8.603333333333333,5.395833333333333,20.191666666666666,629.8333333333334,1399.9166666666667,45.41625,31.307083333333335,42.58958333333333,13.7875,20.583333333333332,2.2083333333333335,-115.05083333333333,7.4375,17.7428,2.3301,20.0729,100.0,0.0
2026-08-22,R5-002,R5-002_L800_S3,R5,L800,16.0,6200.0,99.287125,5123.0,99.40720833333334,4354.0,98.69862499999999,97.99000000000001,0.0,0.5105000000000001,0.45941666666666664,98.28216666666667,98.54058333333334,96.32991666666668,1.9804166666666667,25.729916666666668,7.216166666666666,66.35666666666667,24.829166666666666,-96.32291666666667,-11.823749999999999,7.649166666666667,8.565,8.140416666666667,7.41375,5.224166666666666,20.983333333333334,330.5,734.5833333333334,44.53041666666667,24.696250000000003,41.03541666666667,33.699999999999996,51.708333333333336,5.835416666666667,-115.55541666666666,6.558333333333334,49.9576,4.8679,54.8258,100.0,0.0
2026-08-22,R5-003,R5-003_L1800_S1,R5,L1800,17.0,1650.0,99.28058333333333,3241.0,99.43370833333334,2754.0,98.71833333333332,98.0475,0.0,0.4985833333333333,0.4487083333333333,98.23204166666666,98.48520833333333,96.22104166666666,1.9979166666666668,21.768208333333334,5.632208333333334,64.76166666666667,23.395833333333332,-98.82,-8.7925,7.107500000000001,8.51125,8.06125,9.61375,5.329166666666667,21.145833333333332,475.3333333333333,1055.9583333333333,45.85,35.96,42.145833333333336,27.820833333333336,40.625,6.66125,-114.98583333333333,7.408333333333334,32.1269,2.8251,34.952,100.0,0.0
2026-08-22,R5-003,R5-003_L1800_S2,R5,L1800,20.0,1650.0,96.849125,4927.0,99.4565,4189.0,96.32275,98.015,0.0,1.81975,1.637875,98.2765,98.52999999999999,96.18075,1.8604166666666666,4.260958333333334,4.2504583333333334,12.444166666666668,23.34166666666667,-115.01333333333334,-10.12875,1.9204166666666669,5.691666666666666,8.200833333333334,10.64,35.775416666666665,45.05833333333334,365.1666666666667,811.5416666666666,46.495416666666664,33.10375,43.09583333333333,31.629166666666666,54.333333333333336,6.304583333333333,-114.83333333333333,7.366666666666667,28.3291,2.4592,30.7882,100.0,0.0
2026-08-22,R5-003,R5-003_L1800_S3,R5,L1800,22.0,1650.0,99.205125,2989.0,99.423,2539.0,98.63279166666666,98.11791666666666,0.0,0.5241250000000001,0.4716666666666667,98.361125,98.633625,96.28954166666666,2.0316666666666667,13.665416666666667,3.6785416666666664,23.0675,23.183333333333334,-93.09875,-10.710833333333333,8.124583333333332,8.61125,8.597916666666666,7.297916666666667,5.337083333333333,21.079166666666666,622.5416666666666,1383.2916666666667,45.92458333333334,28.107916666666668,44.29666666666666,18.733333333333334,24.75,4.284166666666667,-115.05375,6.458333333333333,21.147,3.1903,24.337500000000002,100.0,0.0
2026-08-22,R5-003,R5-003_L2100_S1,R5,L2100,18.0,300.0,99.22833333333334,1372.0,99.48341666666666,1163.0,98.71595833333333,98.02333333333333,0.0,0.48866666666666664,0.4399583333333334,98.349875,98.67174999999999,96.42620833333332,2.0279166666666666,22.381958333333333,3.425875,57.28916666666667,23.2625,-98.19916666666667,-11.14875,8.434166666666666,8.642916666666666,8.342083333333333,7.825833333333333,5.455416666666667,20.058333333333334,507.6666666666667,1128.2083333333333,45.85874999999999,31.49083333333333,44.459583333333335,12.508333333333333,19.916666666666668,2.058333333333333,-115.23833333333333,7.220833333333334,10.248,0.8682,11.1165,100.0,0.0
2026-08-22,R5-003,R5-003_L2100_S2,R5,L2100,21.0,300.0,99.282,3133.0,99.47158333333334,2664.0,98.75745833333333,98.09125,0.0,0.49770833333333336,0.447875,98.36308333333334,98.73679166666666,96.06308333333334,1.99,12.602833333333335,3.43625,19.9375,24.5125,-97.11583333333334,-10.589583333333334,7.979583333333333,8.597916666666666,8.385416666666666,8.107083333333334,5.1345833333333335,20.995833333333334,479.7083333333333,1065.8333333333333,45.97125,36.45166666666667,43.52875,22.445833333333336,38.458333333333336,3.561666666666667,-115.93916666666667,7.233333333333333,14.1372,2.2536,16.3908,100.0,0.0
2026-08-22,R5-003,R5-003_L2100_S3,R5,L2100,23.0,300.0,99.21962500000001,3317.0,99.44329166666667,2821.0,98.66716666666667,98.00375000000001,0.0,0.492125,0.4429166666666667,98.39254166666666,98.69320833333335,96.36937499999999,2.13625,20.973375,5.564041666666667,56.92208333333334,24.891666666666666,-98.38166666666666,-10.119583333333333,10.389166666666666,8.83875,8.171249999999999,9.8075,5.187916666666667,20.825,328.7916666666667,730.5416666666666,45.324999999999996,26.75708333333333,44.47208333333333,28.995833333333334,41.333333333333336,8.624583333333334,-115.1275,7.158333333333334,29.1068,4.1486,33.2554,100.0,0.0
2026-08-22,R5-003,R5-003_L800_S1,R5,L800,19.0,6200.0,99.279875,3953.0,99.46441666666668,3362.0,98.74829166666666,97.92916666666667,0.0,0.512375,0.461125,98.30066666666666,98.58333333333333,96.24829166666666,2.1366666666666667,13.047833333333335,5.7087916666666665,34.077083333333334,23.59166666666667,-92.43,-9.81375,8.322916666666666,8.6325,8.335833333333333,10.758333333333333,5.3116666666666665,20.533333333333335,329.0833333333333,731.5,45.08166666666667,35.712916666666665,40.80458333333333,27.329166666666666,46.166666666666664,4.3475,-115.41166666666668,6.9375,35.0058,5.1514,40.1568,100.0,0.0
2026-08-22,R5-003,R5-003_L800_S3,R5,L800,24.0,6200.0,99.26283333333333,2804.0,99.43741666666666,2382.0,98.70462500000001,98.14041666666667,0.0,0.5135833333333334,0.4623333333333333,98.24149999999999,98.5195,96.13933333333334,2.0124999999999997,21.751833333333334,6.4682916666666666,33.47125,23.504166666666666,-93.32666666666667,-9.308333333333334,6.484583333333333,8.447916666666666,8.374166666666666,9.716666666666667,5.445,20.2,488.125,1084.5,43.97291666666666,31.355,42.84833333333333,17.541666666666668,24.791666666666668,3.97,-115.76,7.829166666666667,20.787399999999998,2.0302,22.8175,100.0,0.0
2026-08-22,R5-004,R5-004_L1800_S1,R5,L1800,25.0,1650.0,99.24370833333334,4575.0,99.4685,3886.0,98.71645833333334,97.96583333333332,0.0,0.49008333333333337,0.441125,98.220375,98.52779166666666,96.19620833333333,2.0291666666666663,23.36708333333333,6.451333333333333,35.80458333333333,24.1125,-100.30333333333334,-10.31125,9.407083333333334,8.741666666666665,8.357083333333334,7.081666666666667,4.989583333333333,20.879166666666666,328.7916666666667,730.7083333333334,44.90291666666667,26.11916666666667,43.41583333333333,31.7,52.875,4.95625,-115.19583333333333,7.529166666666666,20.961199999999998,2.6192,23.5803,100.0,0.0
2026-08-22,R5-004,R5-004_L1800_S2,R5,L1800,28.0,1650.0,99.28804166666667,2583.0,99.47429166666666,2197.0,98.76620833333334,97.9525,0.0,1.203875,1.0835416666666666,98.27945833333332,98.56583333333333,96.23779166666667,2.0475,15.859375,7.540583333333333,41.70291666666667,23.962500000000002,-102.44208333333334,-10.990833333333333,6.22,8.600416666666666,8.549583333333333,7.830416666666667,14.81,20.529166666666665,332.5,738.7083333333334,43.79,26.485,40.879583333333336,15.991666666666667,24.791666666666668,3.7279166666666668,-115.57833333333333,6.6125,12.4666,1.2448,13.712,100.0,0.0
2026-08-22,R5-004,R5-004_L1800_S3,R5,L1800,30.0,1650.0,99.23245833333334,3054.0,99.45429166666666,2595.0,98.69116666666667,97.97708333333333,0.0,0.47808333333333336,0.4302916666666667,98.27616666666667,98.55799999999999,96.48070833333333,2.0766666666666667,21.111583333333332,7.186208333333333,55.64958333333333,24.120833333333334,-101.62083333333334,-9.286666666666667,4.6625000000000005,8.26625,8.436666666666666,8.291666666666666,5.089583333333334,20.983333333333334,524.75,1165.875,44.356249999999996,33.92583333333334,42.16041666666667,35.170833333333334,63.041666666666664,9.906666666666666,-114.90708333333333,7.441666666666666,21.4141,2.651,24.0655,100.0,0.0
2026-08-22,R5-004,R5-004_L2100_S1,R5,L2100,26.0,300.0,99.23454166666666,3128.0,99.46233333333333,2657.0,98.701125,98.03333333333335,0.0,0.5014583333333333,0.45141666666666663,98.32320833333334,98.64120833333334,96.324125,2.0104166666666665,15.297458333333333,7.114999999999999,43.82083333333333,23.891666666666666,-95.54708333333333,-9.0925,9.372916666666667,8.737083333333333,7.965833333333333,9.176666666666668,5.309583333333333,21.916666666666668,539.5,1198.9583333333333,44.981249999999996,30.709999999999997,44.088750000000005,27.429166666666664,46.291666666666664,4.826666666666667,-115.35958333333333,6.7124999999999995,33.8985,5.2729,39.1716,100.0,0.0
2026-08-22,R5-004,R5-004_L2100_S2,R5,L2100,29.0,300.0,99.27674999999999,3477.0,99.42675000000001,2954.0,98.70783333333333,97.99583333333334,0.0,0.49137499999999995,0.44216666666666665,98.30958333333332,98.650875,96.22770833333334,1.9641666666666666,16.6005,5.032958333333333,26.996666666666666,24.479166666666668,-102.08875,-10.034583333333332,7.888750000000001,8.589583333333334,8.42,10.7675,5.2250000000000005,20.283333333333335,533.7916666666666,1186.1666666666667,45.85958333333334,28.103333333333335,41.95125,23.991666666666664,36.916666666666664,6.710416666666667,-115.38791666666667,7.2375,30.6234,4.8667,35.49,100.0,0.0
2026-08-22,R5-004,R5-004_L2100_S3,R5,L2100,31.0,300.0,99.28770833333334,3948.0,99.45958333333334,3358.0,98.751375,97.98958333333333,0.0,0.51275,0.461625,98.29025,98.55820833333333,96.32745833333333,2.0375,25.637583333333335,7.293708333333334,75.82041666666667,24.175,-96.71499999999999,-8.334583333333333,7.675833333333333,8.5675,8.010833333333332,8.76125,5.405,21.587500000000002,322.4583333333333,716.4166666666666,46.60375,31.453333333333333,45.09125,25.395833333333332,34.458333333333336,4.5775,-115.27208333333334,7.5625,36.6535,5.2824,41.9361,100.0,0.0
2026-08-22,R5-004,R5-004_L800_S1,R5,L800,27.0,6200.0,99.18670833333333,3967.0,99.43679166666668,3371.0,98.62808333333334,97.87083333333334,0.0,0.5215833333333334,0.4693333333333333,98.22987499999999,98.51595833333333,96.19225,2.0691666666666664,23.488666666666663,4.992041666666666,50.330000000000005,25.162499999999998,-99.82166666666666,-10.475833333333332,5.63,8.362499999999999,8.188333333333334,10.59375,5.4937499999999995,21.741666666666664,589.9583333333334,1310.875,45.23375000000001,32.255833333333335,41.86875,32.31666666666667,46.541666666666664,7.6325,-115.26125,7.095833333333334,45.7215,7.1223,52.8437,100.0,0.0
2026-08-22,R5-004,R5-004_L800_S3,R5,L800,32.0,6200.0,99.21208333333334,2964.0,99.43383333333333,2519.0,98.65054166666665,98.20208333333333,0.0,0.533125,0.47983333333333333,98.39770833333334,98.63495833333333,96.50508333333333,2.004166666666667,21.451624999999996,5.373666666666666,61.42458333333334,23.666666666666668,-96.0225,-11.354166666666666,7.1375,8.515,8.334166666666667,7.952916666666667,5.627916666666667,20.5625,401.7083333333333,892.7916666666666,43.470416666666665,28.995416666666667,42.527499999999996,25.491666666666664,38.958333333333336,6.805833333333333,-115.32541666666667,7.1625000000000005,19.0867,2.3359,21.4227,100.0,0.0
2026-08-22,R5-005,R5-005_L1800_S1,R5,L1800,33.0,1650.0,97.80366666666667,3126.0,99.44504166666667,2654.0,97.260875,88.5825,0.0,1.4737916666666668,1.3265416666666667,98.32758333333334,98.60725000000001,96.33616666666667,1.8470833333333332,23.913291666666666,2.0501666666666667,69.49916666666667,25.420833333333334,-91.55583333333334,-9.126666666666667,8.52,8.652916666666668,8.749166666666666,7.027083333333334,5.405,21.616666666666664,351.875,781.9583333333334,45.63625,34.347500000000004,42.586666666666666,25.900000000000002,39.375,4.5424999999999995,-99.89625000000001,40.11666666666667,20.8266,2.3223,23.148899999999998,100.0,0.0
2026-08-22,R5-005,R5-005_L1800_S2,R5,L1800,36.0,1650.0,99.22791666666666,4233.0,99.47179166666666,3600.0,98.703625,98.00958333333334,0.0,0.4650833333333333,0.418625,98.27075,98.54337500000001,96.43854166666667,1.9558333333333333,15.415916666666666,6.718541666666667,36.03458333333334,23.520833333333332,-96.32875,-11.124583333333334,8.633750000000001,8.664166666666667,8.604583333333332,7.8741666666666665,5.404583333333334,21.7375,568.5416666666666,1263.5416666666667,45.89625,26.519166666666667,42.96,27.59166666666667,36.375,6.494166666666666,-115.30375,7.045833333333333,18.2043,2.7852,20.990099999999998,100.0,0.0
2026-08-22,R5-005,R5-005_L1800_S3,R5,L1800,38.0,1650.0,99.203375,3518.0,99.44995833333333,2991.0,98.65775000000001,98.10000000000001,0.0,0.47579166666666667,0.42816666666666664,98.25870833333333,98.50925000000001,96.46,2.0195833333333333,17.102625,4.6277083333333335,28.128333333333334,22.34583333333333,-95.30624999999999,-11.022083333333335,5.845416666666666,8.385416666666666,8.584166666666667,10.115833333333333,5.1775,22.1875,442.0833333333333,982.1666666666666,46.99,34.127500000000005,42.9,32.270833333333336,47.958333333333336,7.3725,-114.82583333333334,6.875,22.5724,2.9101,25.482599999999998,100.0,0.0
2026-08-22,R5-005,R5-005_L2100_S1,R5,L2100,34.0,300.0,99.18150000000001,5730.0,99.47520833333334,4870.0,98.661375,98.16791666666667,0.0,0.5265000000000001,0.47383333333333333,98.32154166666668,98.63612499999999,96.25487500000001,2.00125,24.455624999999998,4.16875,56.66416666666667,24.325,-96.3175,-10.78875,6.657916666666666,8.465416666666666,8.04625,8.477500000000001,5.459583333333334,21.40416666666667,568.625,1263.7916666666667,46.60041666666667,31.28833333333333,42.20875,34.5875,51.541666666666664,7.702916666666667,-115.08916666666666,7.208333333333333,32.9015,3.3179,36.2196,100.0,0.0
2026-08-22,R5-005,R5-005_L2100_S2,R5,L2100,37.0,300.0,99.21841666666667,2106.0,99.44958333333334,1792.0,98.67225,98.03750000000001,0.0,0.5093333333333333,0.45845833333333336,98.25479166666666,98.57116666666667,96.47541666666666,1.9279166666666665,18.681916666666666,3.952375,34.89833333333333,24.066666666666666,-93.87875000000001,-10.365416666666667,8.71125,8.670416666666666,8.405833333333334,7.404166666666666,5.189166666666667,22.474999999999998,367.25,816.375,46.31625,31.362499999999997,42.687083333333334,20.05,34.875,3.6366666666666667,-115.4225,6.866666666666667,22.2772,2.7419000000000002,25.0192,100.0,0.0
2026-08-22,R5-005,R5-005_L2100_S3,R5,L2100,39.0,300.0,99.31812500000001,1265.0,99.42566666666666,1075.0,98.74791666666665,97.83875,0.0,0.4779583333333333,0.4302916666666667,98.23945833333333,98.55683333333333,96.231875,1.9037499999999998,20.313708333333334,3.764291666666667,33.5,23.879166666666666,-97.61208333333333,-10.102083333333333,8.949583333333333,8.695416666666667,8.544166666666667,8.47125,5.308333333333334,21.8,417.0416666666667,926.7083333333334,45.968333333333334,28.62291666666667,42.35458333333333,11.825000000000001,19.583333333333332,3.237083333333333,-115.16541666666666,6.7124999999999995,12.7514,1.6622999999999999,14.4144,100.0,0.0
2026-08-22,R5-005,R5-005_L800_S1,R5,L800,35.0,6200.0,99.23279166666667,1197.0,99.44466666666666,1017.0,98.68175000000001,97.85291666666666,0.0,0.499125,0.44916666666666666,98.341875,98.60758333333332,96.51683333333334,2.1020833333333333,18.389916666666668,4.191833333333333,53.29,23.59583333333333,-95.87416666666667,-9.5525,6.442083333333334,8.444166666666666,7.791250000000001,7.802916666666667,5.1066666666666665,20.754166666666666,504.9166666666667,1122.2083333333333,45.77291666666667,31.1375,44.06791666666667,12.9625,18.458333333333332,2.11875,-115.40916666666668,6.516666666666667,15.7245,1.9166,17.641,100.0,0.0
2026-08-22,R5-005,R5-005_L800_S3,R5,L800,40.0,6200.0,99.233625,2241.0,99.45783333333333,1908.0,98.695625,97.9825,0.0,0.5190833333333333,0.4672083333333333,98.19345833333334,98.50979166666667,96.3695,1.9358333333333333,18.12825,5.437708333333333,50.708333333333336,23.708333333333332,-94.16875,-8.214583333333334,6.5929166666666665,8.459166666666667,8.7775,11.254583333333334,5.174166666666667,21.625,417.7083333333333,928.0833333333334,44.75541666666667,29.65625,43.66791666666666,14.991666666666667,23.5,4.41125,-115.31458333333335,6.45,18.1939,2.5365,20.7307,100.0,0.0
2026-08-22,R5-006,R5-006_L1800_S1,R5,L1800,41.0,1650.0,99.30354166666666,2585.0,99.46162500000001,2196.0,98.76891666666667,98.12583333333333,0.0,0.5244166666666666,0.4719583333333333,98.31329166666666,98.64991666666667,96.29708333333333,2.0466666666666664,24.577291666666667,4.406166666666667,69.40625,22.795833333333334,-101.00625000000001,-9.822916666666666,7.55125,8.555,8.424583333333333,7.31625,4.9437500000000005,20.366666666666667,314.5416666666667,698.9583333333334,44.94625,26.312083333333334,42.48833333333334,24.208333333333332,33.625,5.580416666666667,-115.43,7.354166666666667,19.1856,2.8443,22.0299,100.0,0.0
2026-08-22,R5-006,R5-006_L1800_S2,R5,L1800,44.0,1650.0,99.30141666666667,3256.0,99.44716666666666,2765.0,98.75270833333333,97.98541666666667,0.0,0.4965833333333333,0.4469166666666667,98.36270833333333,98.69691666666667,96.442875,2.215,23.81204166666667,7.133,66.52833333333334,23.479166666666668,-97.02583333333332,-9.121666666666666,5.590416666666666,8.35875,8.199583333333333,10.165000000000001,5.055,20.291666666666668,397.9583333333333,884.5,45.310833333333335,33.26958333333334,42.805,31.0,50.208333333333336,7.420833333333333,-115.02083333333333,6.795833333333333,34.7513,4.7622,39.5139,100.0,0.0
2026-08-22,R5-006,R5-006_L1800_S3,R5,L1800,46.0,1650.0,99.23575,4662.0,99.19875,3965.0,98.44058333333334,98.12416666666667,12.0,0.5526666666666666,0.49733333333333335,98.27279166666666,98.53479166666666,96.14295833333334,1.8679166666666667,6.9753333333333325,4.929291666666667,16.789166666666667,24.337500000000002,-95.98708333333333,-10.746250000000002,7.666250000000001,8.566666666666666,7.9870833333333335,10.068333333333333,5.153333333333333,20.625,529.1666666666666,1175.625,75.61,51.38291666666667,75.02666666666667,71.15833333333333,126.125,19.63,-115.17,6.291666666666667,106.9923,6.8841,113.8761,100.0,0.0
2026-08-22,R5-006,R5-006_L2100_S1,R5,L2100,42.0,300.0,99.300125,5491.0,99.42929166666666,4663.0,98.73354166666667,98.00541666666668,0.0,0.48645833333333327,0.4379166666666667,98.3455,98.58325,96.35341666666666,2.0483333333333333,22.977208333333333,6.990208333333334,65.28916666666667,23.320833333333336,-96.20166666666667,-11.475416666666668,8.29125,8.62875,8.464166666666666,10.065416666666666,5.314166666666667,21.204166666666666,385.7083333333333,857.375,44.65875,30.71375,41.47291666666667,33.15,53.375,5.872083333333333,-115.16666666666667,6.304166666666667,44.2871,6.1517,50.438900000000004,100.0,0.0
2026-08-22,R5-006,R5-006_L2100_S2,R5,L2100,45.0,300.0,99.251875,3471.0,99.46658333333333,2953.0,98.72258333333333,98.01708333333333,0.0,0.5113333333333333,0.46025,98.28733333333334,98.61212499999999,96.19916666666667,2.0120833333333334,16.547791666666665,5.946750000000001,40.29875,25.008333333333336,-97.55250000000001,-9.614166666666668,8.609166666666667,8.661666666666667,8.1675,8.22125,5.40125,20.166666666666668,455.75,1012.8333333333334,47.33416666666667,32.518750000000004,42.52291666666667,28.4375,46.166666666666664,6.736666666666667,-115.08333333333333,6.816666666666666,33.937,4.9836,38.9207,100.0,0.0
2026-08-22,R5-006,R5-006_L2100_S3,R5,L2100,47.0,300.0,99.301625,1666.0,99.45100000000001,1418.0,98.75658333333332,98.08458333333334,0.0,0.48808333333333337,0.43929166666666664,98.299875,98.59266666666667,96.28133333333334,1.99875,19.891208333333335,4.717291666666667,35.89083333333333,24.204166666666666,-93.7525,-10.795416666666666,9.727500000000001,8.772499999999999,8.23875,9.815,5.352083333333333,21.6125,385.75,857.0833333333334,44.754999999999995,33.4125,43.20208333333333,13.775,19.791666666666668,4.071666666666666,-115.34833333333334,7.6499999999999995,19.4068,2.5767,21.9834,100.0,0.0
2026-08-22,R5-006,R5-006_L800_S1,R5,L800,43.0,6200.0,99.19420833333334,2392.0,99.45949999999999,2032.0,98.65820833333333,98.12166666666667,0.0,0.48633333333333334,0.43770833333333337,98.37433333333333,98.69729166666667,96.410375,1.9354166666666668,18.494541666666667,6.006916666666666,28.68875,23.5625,-94.88291666666667,-8.587916666666667,7.7508333333333335,8.575000000000001,8.267083333333334,10.129166666666666,5.179166666666666,20.545833333333334,407.25,905.1666666666666,46.34375,27.75916666666667,42.03,20.599999999999998,32.5,3.5362500000000003,-114.97916666666667,6.7,29.2139,3.7495,32.963300000000004,100.0,0.0
2026-08-22,R5-006,R5-006_L800_S3,R5,L800,48.0,6200.0,99.25716666666666,2247.0,99.44487500000001,1909.0,98.70633333333335,98.08416666666666,0.0,0.5206666666666667,0.46849999999999997,98.38420833333333,98.70541666666666,96.26650000000001,1.9104166666666667,20.23933333333333,5.609208333333334,45.3475,23.704166666666666,-98.37374999999999,-12.346666666666666,6.05125,8.40625,8.507916666666667,7.864583333333333,5.1154166666666665,21.212500000000002,372.0833333333333,826.8333333333334,45.740833333333335,29.758333333333336,42.53208333333333,25.766666666666666,39.833333333333336,7.270833333333333,-115.15499999999999,6.554166666666667,20.645,3.1321,23.7771,100.0,0.0
2026-08-22,R5-007,R5-007_L1800_S1,R5,L1800,49.0,1650.0,99.257875,1458.0,99.449875,1238.0,98.71175,98.12583333333333,0.0,0.5022083333333333,0.4519583333333333,98.2765,98.6015,96.36574999999999,2.03625,19.631416666666667,6.712708333333333,44.606249999999996,24.020833333333332,-97.81166666666667,-10.260416666666666,7.309166666666666,8.530416666666666,8.514583333333333,10.227500000000001,5.1325,20.333333333333332,553.7916666666666,1230.5,45.159166666666664,27.07041666666667,40.00958333333333,15.775,25.708333333333332,3.9250000000000003,-115.18124999999999,7.179166666666667,14.1655,1.2868,15.4523,100.0,0.0
2026-08-22,R5-007,R5-007_L1800_S2,R5,L1800,52.0,1650.0,99.294375,983.0,99.44333333333333,834.0,98.74175000000001,97.96083333333333,0.0,0.49774999999999997,0.4479166666666667,98.36399999999999,98.62204166666668,96.34075,1.7654166666666669,26.31141666666667,5.5862083333333326,61.60125,23.45,-95.29458333333334,-11.840833333333334,6.099166666666666,8.410416666666666,8.2125,10.018749999999999,5.20875,20.2125,415.75,923.8333333333334,44.395833333333336,28.08,41.93083333333333,10.420833333333333,16.208333333333332,1.7825,-115.37541666666668,6.195833333333333,9.0394,0.8612,9.9003,100.0,0.0
2026-08-22,R5-007,R5-007_L1800_S3,R5,L1800,54.0,1650.0,99.29995833333334,2102.0,99.48470833333333,1786.0,98.78820833333333,98.01041666666667,0.0,0.47508333333333336,0.427625,98.43287500000001,98.72858333333333,96.42016666666666,1.95375,19.585125,4.510791666666667,45.59875,23.366666666666664,-101.56083333333333,-11.059166666666668,8.68125,8.668750000000001,8.325416666666667,6.96875,5.244166666666667,20.175,421.25,936.25,44.23791666666667,30.594166666666666,42.690416666666664,23.633333333333336,38.708333333333336,6.484999999999999,-114.96875,6.658333333333334,19.4158,2.516,21.9317,100.0,0.0
2026-08-22,R5-007,R5-007_L2100_S1,R5,L2100,50.0,300.0,99.25658333333332,4335.0,99.47779166666668,3683.0,98.73845833333333,97.92208333333333,0.0,0.4877916666666667,0.43895833333333334,98.34758333333333,98.66391666666668,96.39504166666667,2.0420833333333333,18.11733333333333,5.465166666666666,34.38875,22.666666666666668,-92.92916666666667,-8.266250000000001,10.0725,8.806666666666667,8.132083333333334,9.942083333333334,5.367083333333333,20.825,556.2916666666666,1236.25,46.75958333333333,35.303333333333335,43.694583333333334,33.895833333333336,54.25,7.788333333333334,-115.43416666666667,6.7250000000000005,42.1404,3.3753,45.5162,100.0,0.0
2026-08-22,R5-007,R5-007_L2100_S2,R5,L2100,53.0,300.0,94.22633333333333,1179.0,95.47166666666668,1000.0,89.960875,92.13708333333334,0.0,0.476875,0.429125,98.25625000000001,98.5185,96.27066666666667,1.9037499999999998,12.478166666666667,7.281416666666666,24.363333333333333,23.795833333333334,-94.08541666666667,-9.394166666666667,6.57125,8.4575,7.796666666666667,9.422500000000001,5.181666666666667,21.133333333333333,526.9583333333334,1171.0416666666667,47.81625,34.502916666666664,68.04,11.091666666666667,18.25,2.9112500000000003,-115.06666666666666,7.354166666666667,7.5033,0.6779,8.181000000000001,100.0,0.0
2026-08-22,R5-007,R5-007_L2100_S3,R5,L2100,55.0,300.0,99.2975,2139.0,99.433125,1819.0,98.734625,98.00625000000001,0.0,0.4832916666666667,0.4349166666666667,98.20095833333333,98.51391666666666,96.17158333333333,1.965,24.881291666666666,7.130125,46.435,25.09166666666667,-97.47291666666666,-9.934583333333334,7.560416666666666,8.55625,8.43375,9.858333333333333,5.5995833333333325,21.820833333333336,334.2083333333333,742.8333333333334,45.846666666666664,36.45083333333333,42.91083333333333,15.1,26.041666666666668,3.34375,-115.18333333333334,7.4375,9.2166,1.0078,10.2241,100.0,0.0
2026-08-22,R5-007,R5-007_L800_S1,R5,L800,51.0,6200.0,99.23179166666667,1224.0,99.44429166666667,1039.0,98.68058333333333,97.91541666666666,0.0,0.5256666666666666,0.4731666666666667,98.28895833333333,98.52254166666667,96.45774999999999,2.0158333333333336,16.354375,3.2733333333333334,27.150833333333335,24.820833333333336,-98.33583333333333,-11.21375,6.672916666666667,8.4675,8.36,9.97875,5.364166666666667,22.037499999999998,412.5833333333333,916.6666666666666,47.09041666666667,35.00875,43.60874999999999,11.066666666666668,18.208333333333332,2.670833333333333,-115.46749999999999,7.245833333333334,15.6636,1.2868,16.9508,100.0,0.0
2026-08-22,R5-007,R5-007_L800_S3,R5,L800,56.0,6200.0,99.26204166666668,1081.0,99.46387499999999,919.0,98.72987499999999,98.04458333333334,0.0,0.49783333333333335,0.448,98.323,98.63529166666666,96.39779166666666,2.060416666666667,14.751,6.711041666666667,22.908749999999998,24.270833333333332,-96.34666666666668,-10.427083333333334,7.07,8.505833333333333,8.28625,7.7804166666666665,5.0529166666666665,20.875,554.0833333333334,1231.375,46.540416666666665,35.172916666666666,40.98875,11.383333333333333,16.458333333333332,1.9766666666666666,-115.06916666666666,6.675,8.1504,0.9997,9.1504,100.0,0.0
2026-08-22,R5-008,R5-008_L1800_S1,R5,L1800,57.0,1650.0,,0.0,,0.0,,97.96958333333333,0.0,0.4791666666666667,0.43120833333333336,98.30025,98.633625,96.257,2.0866666666666664,0.0,0.0,0.0,24.979166666666668,-101.86458333333333,-9.835416666666667,6.31,8.430833333333334,8.482083333333334,8.57375,5.2875000000000005,21.154166666666665,325.5416666666667,723.4583333333334,0.0,0.0,43.288333333333334,0.0,0.0,0.0,-115.20916666666666,6.920833333333333,0.0,0.0,0.0,14.116708333333333,1236.5
2026-08-22,R5-008,R5-008_L1800_S2,R5,L1800,60.0,1650.0,99.24149999999999,2790.0,99.48575,2371.0,98.73116666666668,98.14458333333333,0.0,0.48091666666666666,0.4327916666666667,98.28479166666666,98.61512499999999,96.16933333333333,2.0991666666666666,17.621875,6.321458333333333,44.83375,23.400000000000002,-96.47875,-12.446666666666665,7.732083333333333,8.573333333333332,8.075416666666667,7.977916666666666,5.182083333333334,20.433333333333334,330.7916666666667,735.125,44.916666666666664,32.84916666666667,43.58958333333334,17.358333333333334,29.791666666666668,3.4079166666666665,-114.96875,7.491666666666667,10.8425,1.657,12.4993,100.0,0.0
2026-08-22,R5-008,R5-008_L1800_S3,R5,L1800,62.0,1650.0,99.218125,2657.0,99.460875,2257.0,98.68320833333333,98.05666666666667,0.0,0.5091249999999999,0.45820833333333333,98.39320833333333,98.63991666666668,96.67875,1.9329166666666666,22.595041666666663,5.324833333333333,50.897083333333335,24.03333333333333,-102.13791666666667,-9.864166666666668,6.915416666666666,8.490833333333333,8.205416666666666,8.929583333333333,5.33,20.195833333333333,392.75,872.9166666666666,46.4575,31.770416666666666,43.01125,20.837500000000002,33.708333333333336,4.17125,-115.73666666666666,6.745833333333334,15.0405,1.9534,16.9938,100.0,0.0
2026-08-22,R5-008,R5-008_L2100_S1,R5,L2100,58.0,300.0,99.26745833333332,4534.0,99.49770833333334,3858.0,98.769,97.96416666666666,0.0,0.48737500000000006,0.4386666666666667,98.26837499999999,98.59875,96.45291666666667,1.9433333333333334,21.569,6.0285416666666665,49.217083333333335,25.1375,-93.69458333333334,-11.781666666666666,7.019166666666667,8.501666666666667,8.46125,9.940416666666666,5.391249999999999,21.183333333333334,386.7083333333333,859.4166666666666,45.71083333333333,30.129583333333333,43.555416666666666,31.03333333333333,54.791666666666664,6.534166666666667,-115.16624999999999,6.366666666666667,45.5178,5.8884,51.405699999999996,100.0,0.0
2026-08-22,R5-008,R5-008_L2100_S2,R5,L2100,61.0,300.0,99.25858333333333,1667.0,99.43629166666666,1418.0,98.69916666666667,98.18124999999999,0.0,0.498875,0.44895833333333335,98.43333333333334,98.73754166666667,96.37774999999999,1.9887499999999998,21.025291666666664,7.603458333333333,37.839166666666664,25.358333333333334,-93.58333333333333,-9.795416666666666,5.137083333333334,8.31375,8.397499999999999,9.984583333333333,5.27625,20.037499999999998,559.5416666666666,1243.4166666666667,45.154583333333335,34.809583333333336,40.97833333333333,12.733333333333334,21.666666666666668,3.1004166666666664,-115.55,6.908333333333334,9.1645,0.9672,10.1316,100.0,0.0
2026-08-22,R5-008,R5-008_L2100_S3,R5,L2100,63.0,300.0,99.21829166666667,2598.0,99.46783333333333,2206.0,98.69041666666668,97.91208333333333,0.0,0.504625,0.45416666666666666,98.25020833333333,98.61233333333332,96.24495833333333,1.9804166666666667,24.329375,5.919458333333334,45.76,23.71666666666667,-97.86916666666667,-9.657083333333334,8.61125,8.660833333333334,8.23875,7.925,4.702083333333333,21.095833333333335,341.0416666666667,757.9583333333334,45.71666666666667,31.285,41.98625,16.370833333333334,27.083333333333332,3.1470833333333332,-115.30041666666666,6.6875,12.4614,1.1267,13.5878,100.0,0.0
2026-08-22,R5-008,R5-008_L800_S1,R5,L800,59.0,6200.0,99.18354166666667,4841.0,99.489625,4113.0,98.67741666666666,98.07583333333334,0.0,0.4917916666666667,0.44262500000000005,98.46775000000001,98.798875,96.31570833333332,1.85875,19.53470833333333,6.733583333333333,30.02,24.608333333333334,-97.50958333333334,-10.027916666666668,7.3933333333333335,8.539166666666667,8.171666666666667,7.4875,5.135416666666667,21.758333333333336,498.375,1107.375,46.00666666666667,36.650416666666665,43.17416666666667,33.887499999999996,55.25,9.786666666666667,-115.13541666666667,7.154166666666668,46.5127,6.2018,52.7142,100.0,0.0
2026-08-22,R5-008,R5-008_L800_S3,R5,L800,64.0,6200.0,99.28116666666666,4539.0,99.45554166666666,3859.0,98.740875,97.98,0.0,0.4992916666666667,0.44945833333333335,98.332,98.62779166666667,96.22475000000001,1.8862499999999998,17.728291666666667,6.572375,30.284166666666664,24.241666666666664,-97.19166666666666,-9.628333333333332,9.47375,8.746666666666668,7.862916666666667,7.108750000000001,4.846666666666667,20.345833333333335,402.7083333333333,895.2083333333334,46.00791666666667,34.63125,42.79625000000001,31.174999999999997,47.125,7.8691666666666675,-115.39875,7.120833333333334,44.8017,5.2935,50.0956,100.0,0.0
2026-08-22,R5-009,R5-009_L1800_S1,R5,L1800,65.0,1650.0,99.23875,3777.0,99.41816666666666,3213.0,98.66158333333334,98.01375,0.0,0.4795833333333333,0.43166666666666664,98.34904166666666,98.66504166666665,96.50341666666667,2.0429166666666667,24.681875,6.625291666666667,50.57916666666667,23.316666666666666,-98.66416666666667,-10.96375,10.4725,8.84625,8.060833333333333,9.38875,5.372083333333333,20.745833333333334,525.3333333333334,1167.5,44.8225,32.74166666666667,41.412083333333335,24.8875,35.125,4.205416666666666,-115.36208333333333,6.3875,27.207,2.473,29.6798,100.0,0.0
2026-08-22,R5-009,R5-009_L1800_S2,R5,L1800,68.0,1650.0,99.27579166666668,3009.0,99.447875,2560.0,98.72775,97.94458333333334,0.0,0.526625,0.47408333333333336,98.22695833333334,98.583375,96.26004166666667,1.8608333333333336,20.723291666666665,4.332416666666666,40.606249999999996,22.791666666666668,-93.195,-10.318333333333333,5.82375,8.383750000000001,8.063333333333334,7.5575,5.406666666666666,21.366666666666664,426.0833333333333,946.75,43.915,26.582083333333333,41.94916666666666,30.608333333333334,54.416666666666664,9.09,-115.41583333333334,6.304166666666667,28.7343,4.3965,33.131099999999996,100.0,0.0
2026-08-22,R5-009,R5-009_L1800_S3,R5,L1800,70.0,1650.0,99.19016666666666,2129.0,99.39120833333334,1810.0,98.58637499999999,97.96416666666666,0.0,0.47633333333333333,0.4287083333333333,98.33887499999999,98.64070833333334,96.38175,1.9662499999999998,20.038291666666666,4.753625,41.85583333333333,23.570833333333336,-93.01625,-10.706249999999999,7.87875,8.587916666666667,8.147499999999999,9.82625,5.149166666666667,20.2,386.5,858.5416666666666,44.64000000000001,25.81458333333333,44.78875,19.099999999999998,32.166666666666664,3.2470833333333338,-115.2475,7.070833333333333,22.7295,3.5204,26.2502,100.0,0.0
2026-08-22,R5-009,R5-009_L2100_S1,R5,L2100,66.0,300.0,99.21974999999999,1165.0,99.42475,991.0,98.64908333333334,97.92583333333333,0.0,0.51125,0.4600416666666667,98.33329166666665,98.60433333333333,96.347375,2.1445833333333333,12.46025,5.538875,37.01166666666666,24.599999999999998,-96.00458333333334,-10.082083333333333,5.222916666666666,8.321666666666667,7.892083333333333,8.082916666666668,5.142916666666667,20.425,411.4166666666667,914.2083333333334,47.39666666666667,31.627499999999998,42.762499999999996,12.495833333333332,17.333333333333332,2.1779166666666665,-115.52749999999999,7.175,12.1766,1.8012,13.9778,100.0,0.0
2026-08-22,R5-009,R5-009_L2100_S2,R5,L2100,69.0,300.0,99.21266666666666,2117.0,99.464875,1798.0,98.68187499999999,98.18541666666665,0.0,0.4759583333333333,0.42841666666666667,98.29241666666667,98.60341666666666,96.17591666666668,2.004166666666667,19.365708333333334,4.407333333333333,51.401666666666664,24.916666666666668,-95.44749999999999,-10.034583333333332,6.441666666666666,8.444166666666666,8.249166666666666,8.280416666666666,5.170833333333333,20.929166666666667,551.4583333333334,1225.2916666666667,46.76708333333334,33.62375,42.37916666666667,15.808333333333332,25.875,2.5366666666666666,-115.18291666666666,7.1125,14.8187,1.5459,16.3648,100.0,0.0
2026-08-22,R5-009,R5-009_L2100_S3,R5,L2100,71.0,300.0,99.35454166666666,1343.0,99.49629166666666,1141.0,98.85429166666667,98.07916666666667,0.0,1.1432916666666666,1.0290000000000001,93.26295833333334,93.58008333333333,91.350375,10.707500000000001,18.867458333333335,6.976791666666667,45.963750000000005,22.958333333333332,-95.58125,-11.239583333333334,5.29,8.329583333333334,8.528333333333334,8.2075,5.075833333333334,21.287499999999998,468.2916666666667,1040.875,44.583333333333336,26.120416666666667,41.1025,11.558333333333332,20.625,2.066666666666667,-115.11041666666667,6.779166666666666,7.4244,1.1417,8.5666,100.0,0.0
2026-08-22,R5-009,R5-009_L800_S1,R5,L800,67.0,6200.0,99.21870833333332,3306.0,99.46229166666666,2809.0,98.68537500000001,98.03291666666667,0.0,0.506875,0.45612499999999995,98.14999999999999,98.40275000000001,96.14729166666666,2.0508333333333333,23.615125000000003,3.7270833333333333,69.29375,23.775000000000002,-93.41083333333334,-9.999583333333334,6.3475,8.435,8.150416666666667,7.559166666666666,5.3620833333333335,20.716666666666665,351.3333333333333,780.6666666666666,45.022083333333335,32.26,43.67666666666667,22.541666666666668,34.625,5.891249999999999,-114.99333333333334,6.479166666666667,32.6837,4.8727,37.5561,100.0,0.0
2026-08-22,R5-009,R5-009_L800_S3,R5,L800,72.0,6200.0,99.27091666666666,1836.0,99.46754166666666,1559.0,98.74245833333333,98.04083333333334,0.0,0.521375,0.4692083333333333,98.45166666666667,98.731375,96.52520833333334,2.0404166666666668,13.709625,3.810791666666667,28.650000000000002,24.166666666666668,-100.3525,-9.230416666666667,7.3879166666666665,8.539166666666667,8.393333333333333,10.460833333333333,5.285416666666666,21.391666666666666,431.7916666666667,959.6666666666666,47.31125,27.688333333333333,43.86666666666667,21.2375,36.041666666666664,3.2583333333333333,-115.41375,7.216666666666666,27.8751,3.0461,30.9213,100.0,0.0
2026-08-22,R5-010,R5-010_L1800_S1,R5,L1800,73.0,1650.0,99.28333333333335,2314.0,99.46779166666666,1965.0,98.755,98.11,0.0,0.5116666666666666,0.4604166666666667,98.21370833333333,98.44566666666667,96.29670833333334,1.92125,20.781499999999998,5.3285833333333334,55.46208333333333,23.458333333333332,-91.27791666666667,-9.764583333333333,7.79,8.578333333333333,8.134166666666667,8.565833333333334,5.005,21.241666666666667,561.5833333333334,1247.8333333333333,45.805416666666666,26.27,42.81875,14.6,23.958333333333332,2.7983333333333333,-115.6875,7.0125,11.160499999999999,1.1683,12.3284,100.0,0.0
2026-08-22,R5-010,R5-010_L1800_S2,R5,L1800,76.0,1650.0,99.25154166666665,1338.0,99.45966666666668,1136.0,98.71529166666666,98.1125,0.0,0.53125,0.47820833333333335,98.33220833333333,98.62008333333334,96.24329166666666,1.9558333333333333,25.530291666666667,6.798708333333334,68.32708333333333,24.662499999999998,-93.89916666666666,-12.042499999999999,6.8525,8.485416666666667,8.307916666666666,10.572083333333333,5.63,21.1125,411.5833333333333,914.7083333333334,46.43833333333333,26.1975,42.32541666666667,10.429166666666667,14.25,2.01625,-115.28500000000001,6.5249999999999995,9.4549,1.5111999999999999,10.966,100.0,0.0
2026-08-22,R5-010,R5-010_L1800_S3,R5,L1800,78.0,1650.0,99.239625,1564.0,99.47025000000001,1329.0,98.71404166666667,98.02999999999999,0.0,0.4992916666666667,0.44929166666666664,98.29825,98.61770833333333,96.41675,1.9645833333333333,13.534875,3.7428749999999997,37.382083333333334,23.854166666666668,-98.49958333333332,-9.579583333333334,8.100833333333332,8.61,8.216666666666667,10.104583333333332,5.372916666666666,21.46666666666667,545.9583333333334,1213.2916666666667,45.134166666666665,25.623333333333335,42.77458333333333,16.025000000000002,21.125,4.74125,-114.995,6.766666666666667,23.7962,2.6949,26.491,100.0,0.0
2026-08-22,R5-010,R5-010_L2100_S1,R5,L2100,74.0,300.0,99.23479166666665,2120.0,99.42058333333334,1807.0,98.65966666666667,98.05874999999999,0.0,0.513375,0.462,98.208125,98.50545833333332,96.15716666666667,1.9225,20.651541666666667,4.244791666666667,59.98791666666667,23.412499999999998,-97.90458333333333,-12.014583333333334,6.691666666666666,8.46875,7.862916666666667,7.975833333333333,4.7075000000000005,20.591666666666665,365.4166666666667,811.8333333333334,45.96541666666667,32.13166666666667,40.98208333333333,14.620833333333332,22.541666666666668,2.7062500000000003,-115.39375,6.708333333333333,13.7393,1.6999,15.4391,100.0,0.0
2026-08-22,R5-010,R5-010_L2100_S2,R5,L2100,77.0,300.0,99.28479166666666,2867.0,99.47337499999999,2436.0,98.76225,98.01166666666667,0.0,0.511875,0.460625,98.22658333333334,98.59649999999999,96.38141666666667,1.8904166666666666,26.062,7.402833333333334,66.31083333333333,23.308333333333334,-97.33125,-10.198333333333332,7.574583333333333,8.5575,7.945833333333333,8.353333333333333,5.11125,20.433333333333334,581.625,1292.4583333333333,43.50083333333333,27.16625,41.85583333333333,31.72083333333333,54.208333333333336,5.9075,-115.33416666666666,7.083333333333333,24.9424,2.7558,27.698,100.0,0.0
2026-08-22,R5-010,R5-010_L2100_S3,R5,L2100,79.0,300.0,99.2315,1874.0,99.41079166666667,1594.0,98.64695833333333,97.95333333333333,0.0,0.5082916666666667,0.4574583333333333,98.28266666666667,98.55991666666667,96.42945833333333,2.02875,22.773208333333333,4.961916666666666,51.845,23.537499999999998,-102.86708333333333,-11.448333333333332,7.888333333333333,8.58875,8.445,10.400416666666667,5.288749999999999,19.691666666666666,607.7916666666666,1350.5,44.35874999999999,25.45,42.355,14.041666666666666,19.125,3.8216666666666668,-115.75458333333334,6.320833333333333,16.7886,2.4565,19.2454,100.0,0.0
2026-08-22,R5-010,R5-010_L800_S1,R5,L800,75.0,6200.0,99.23608333333334,4665.0,99.45629166666667,3966.0,98.69666666666666,97.99624999999999,0.0,0.5112916666666667,0.4600416666666667,98.26549999999999,98.53516666666667,96.26658333333334,2.013333333333333,26.28075,7.35925,52.12583333333333,24.545833333333334,-95.79875,-10.092083333333333,8.199583333333333,8.62,8.917499999999999,7.604166666666667,5.312916666666667,20.833333333333332,590.2916666666666,1311.8333333333333,46.364583333333336,32.487500000000004,42.90625,27.8875,49.958333333333336,6.942083333333333,-115.28208333333333,6.795833333333333,40.6355,4.2489,44.8847,100.0,0.0
2026-08-22,R5-010,R5-010_L800_S3,R5,L800,80.0,6200.0,99.28283333333333,1747.0,99.46783333333333,1481.0,98.75475,97.96,0.0,0.5003333333333333,0.4504166666666667,98.33233333333334,98.62349999999999,96.23916666666666,2.0820833333333333,25.438958333333332,5.017166666666667,70.13166666666666,24.729166666666668,-97.49958333333335,-10.955,6.929166666666667,8.4925,8.1325,6.7825,5.297083333333333,20.791666666666668,565.875,1257.6666666666667,44.95541666666667,29.6875,42.095,12.3125,16.5,2.115416666666667,-115.21125,6.4624999999999995,17.8883,2.2869,20.1748,100.0,0.0
2026-08-23,R5-001,R5-001_L1800_S1,R5,L1800,1.0,1650.0,99.20995833333335,3530.0,99.465875,3001.0,98.68025,97.94708333333334,0.0,0.5056666666666666,0.45491666666666664,98.28575000000001,98.66941666666666,96.38008333333333,2.058333333333333,17.703208333333333,4.733625,39.68666666666667,23.729166666666668,-99.84125,-10.944166666666668,8.72125,8.672916666666667,8.210833333333333,6.697500000000001,4.777083333333334,20.0125,436.5416666666667,969.6666666666666,46.83416666666667,36.205416666666665,43.24666666666667,30.995833333333334,45.041666666666664,5.080416666666667,-115.62,7.566666666666666,35.4534,3.9032,39.3568,100.0,0.0
2026-08-23,R5-001,R5-001_L1800_S2,R5,L1800,4.0,1650.0,99.21008333333333,3061.0,99.44895833333334,2599.0,98.66358333333334,97.88166666666666,0.0,0.478875,0.43083333333333335,98.25708333333334,98.530875,96.178,1.9175000000000002,17.717916666666667,5.22325,31.719166666666666,24.75,-95.77625,-9.274166666666666,7.3500000000000005,8.534583333333334,8.114166666666668,7.921250000000001,5.3429166666666665,21.108333333333334,451.625,1003.5833333333334,45.647083333333335,35.75,43.30083333333334,22.054166666666664,37.5,5.440833333333333,-115.3,6.7875000000000005,27.7161,4.2342,31.9503,100.0,0.0
2026-08-23,R5-001,R5-001_L1800_S3,R5,L1800,6.0,1650.0,99.20241666666668,2104.0,99.46866666666666,1787.0,98.67529166666667,97.93583333333333,0.0,0.5106666666666667,0.4595833333333333,98.173,98.47979166666666,96.04166666666667,1.9720833333333332,17.69475,6.228208333333334,49.39333333333334,24.179166666666664,-103.51541666666667,-11.7675,8.095833333333333,8.609166666666667,8.224166666666667,9.540416666666667,5.379166666666666,21.479166666666668,475.0833333333333,1055.75,46.03333333333333,31.16208333333333,42.955000000000005,24.395833333333332,41.5,5.425416666666667,-115.00708333333334,6.95,20.5229,2.3512,22.8741,100.0,0.0
2026-08-23,R5-001,R5-001_L2100_S1,R5,L2100,2.0,300.0,99.23091666666666,1872.0,99.42504166666667,1591.0,98.66058333333332,98.10166666666667,0.0,1.1597916666666668,1.0438333333333334,98.26870833333334,98.5545,96.34100000000001,1.9266666666666667,22.326958333333334,5.792458333333333,49.76166666666666,24.59583333333333,-88.10791666666667,-14.830833333333333,1.2908333333333333,6.129583333333334,8.150833333333333,8.552916666666667,5.22625,37.88333333333333,3256.2916666666665,6512.708333333333,47.31625,33.1075,44.23875,18.708333333333332,31.0,3.20875,-115.15249999999999,26.208333333333332,22.3366,3.3181,25.655,100.0,0.0
2026-08-23,R5-001,R5-001_L2100_S2,R5,L2100,5.0,300.0,99.27066666666667,2441.0,99.48741666666666,2076.0,98.762,98.065,0.0,0.4830833333333333,0.43462500000000004,98.36399999999999,98.64191666666666,96.41366666666666,2.109583333333333,25.360125,5.753875,50.25541666666667,23.395833333333332,-95.19791666666667,-9.590833333333334,8.761666666666667,8.67625,7.97125,8.160833333333334,5.044583333333333,19.337500000000002,546.1666666666666,1213.625,44.255833333333335,28.834999999999997,41.352916666666665,23.683333333333334,39.375,3.7404166666666665,-115.74333333333334,7.295833333333333,19.9416,3.1862,23.1277,100.0,0.0
2026-08-23,R5-001,R5-001_L2100_S3,R5,L2100,7.0,300.0,99.21575,2645.0,99.41737499999999,2248.0,98.63779166666666,97.98125,0.0,0.4703333333333333,0.42333333333333334,98.21129166666667,98.52683333333333,96.17337500000001,2.0879166666666666,21.76579166666667,7.0412083333333335,41.6675,23.920833333333334,-95.77291666666667,-10.379166666666666,7.998333333333334,8.59875,8.165833333333333,7.282083333333333,5.197916666666667,21.241666666666667,601.8333333333334,1337.125,44.71,28.835416666666664,42.24166666666667,27.583333333333332,46.666666666666664,6.209166666666667,-115.13208333333334,7.979166666666667,40.0247,6.0901,46.1149,100.0,0.0
2026-08-23,R5-001,R5-001_L800_S1,R5,L800,3.0,6200.0,99.28145833333333,5377.0,99.456,4568.0,98.74154166666666,98.05874999999999,0.0,0.546875,0.49233333333333335,98.30316666666666,98.56058333333334,96.12754166666667,2.0145833333333334,25.756916666666665,3.5442916666666666,59.23291666666666,24.1375,-95.94291666666668,-10.17125,7.757916666666667,8.575833333333334,8.101666666666667,8.557916666666666,5.31375,21.433333333333334,423.75,941.75,45.44083333333333,25.495416666666667,40.880833333333335,33.09166666666667,51.5,7.057083333333334,-115.20166666666667,6.8625,36.8297,5.7335,42.5631,100.0,0.0
2026-08-23,R5-001,R5-001_L800_S3,R5,L800,8.0,6200.0,99.281875,4383.0,99.44120833333334,3728.0,98.72720833333334,97.84833333333334,0.0,0.5155416666666667,0.463875,98.39341666666667,98.67537499999999,96.496,1.8129166666666665,23.089916666666667,7.279083333333333,51.0825,24.0125,-97.44166666666666,-10.949166666666665,6.430833333333333,8.443333333333333,8.33625,8.191666666666666,4.995833333333334,21.070833333333333,388.625,863.5833333333334,47.624583333333334,26.6525,41.34875,32.49166666666667,56.75,8.68875,-114.76875,7.445833333333333,46.5636,5.1838,51.7475,100.0,0.0
2026-08-23,R5-002,R5-002_L1800_S1,R5,L1800,9.0,1650.0,99.19541666666667,4397.0,99.465125,3737.0,98.665,97.86500000000001,0.0,0.4801666666666667,0.43216666666666664,98.43254166666667,98.75479166666668,96.32008333333333,1.9408333333333332,8.469583333333333,4.779791666666667,17.934166666666666,24.6875,-99.2725,-9.86375,10.475,8.847083333333334,7.7629166666666665,9.147916666666667,5.291666666666667,19.208333333333332,525.3333333333334,1167.4166666666667,70.97625000000001,45.865,41.95791666666667,60.2125,89.16666666666667,14.743333333333332,-115.53583333333334,7.308333333333334,50.6135,3.4882,54.1018,100.0,0.0
2026-08-23,R5-002,R5-002_L1800_S2,R5,L1800,12.0,1650.0,99.24245833333333,1895.0,99.42420833333334,1609.0,98.67125,98.09375,0.0,0.5299166666666667,0.4769583333333333,98.21604166666667,98.52033333333333,96.40754166666666,1.8833333333333335,18.145625,4.651708333333334,49.10375,25.05,-96.08166666666666,-8.476666666666667,8.091666666666667,8.609166666666667,8.520416666666668,10.007916666666667,5.456666666666667,20.991666666666667,486.6666666666667,1081.4583333333333,47.07541666666666,27.72875,43.71,21.491666666666664,28.958333333333332,6.094166666666666,-115.10958333333333,7.229166666666667,14.4594,1.7651000000000001,16.2242,100.0,0.0
2026-08-23,R5-002,R5-002_L1800_S3,R5,L1800,14.0,1650.0,99.26716666666665,4278.0,99.47454166666667,3635.0,98.74579166666666,98.04125,0.0,0.5143333333333333,0.46291666666666664,98.36720833333334,98.58579166666668,96.51920833333332,2.0316666666666667,21.904916666666665,3.6458333333333335,37.83875,24.849999999999998,-96.05083333333333,-9.8225,8.360416666666667,8.63625,8.249583333333334,9.911666666666667,5.0625,20.945833333333333,599.375,1331.9166666666667,46.84,34.5,43.72625,27.416666666666668,44.708333333333336,6.5562499999999995,-115.54625,6.929166666666667,23.351,2.795,26.1463,100.0,0.0
2026-08-23,R5-002,R5-002_L2100_S1,R5,L2100,10.0,300.0,99.24129166666667,4101.0,99.43512499999999,3487.0,98.680875,97.95875000000001,0.0,0.4974166666666667,0.44766666666666666,98.21408333333333,98.49641666666666,96.22679166666667,1.9491666666666667,12.477375,3.4924999999999997,21.01625,23.858333333333334,-97.03250000000001,-9.985,9.533333333333333,8.753333333333334,8.376666666666667,8.93,4.989583333333333,21.525000000000002,358.625,797.125,45.95791666666667,30.141666666666666,43.595,24.75,41.208333333333336,4.219166666666667,-115.24291666666666,7.254166666666666,29.5435,3.6876,33.2309,100.0,0.0
2026-08-23,R5-002,R5-002_L2100_S2,R5,L2100,13.0,300.0,99.31079166666666,4488.0,99.48645833333335,3817.0,98.80079166666667,98.14458333333333,0.0,0.49133333333333334,0.44216666666666665,98.396125,98.71645833333334,96.49579166666666,2.03125,21.143208333333334,3.7827916666666668,59.99916666666667,23.858333333333334,-97.80416666666667,-9.755833333333333,8.445,8.644166666666667,8.326666666666666,10.207916666666668,5.287083333333333,21.141666666666666,335.9166666666667,746.7916666666666,44.85666666666666,28.099166666666665,43.94541666666667,28.445833333333336,41.208333333333336,8.4475,-115.20541666666666,6.929166666666667,26.0833,3.3037,29.3869,100.0,0.0
2026-08-23,R5-002,R5-002_L2100_S3,R5,L2100,15.0,300.0,99.22987499999999,2105.0,99.44387499999999,1793.0,98.67829166666667,98.07333333333334,0.0,0.5022916666666667,0.4520416666666667,98.37012499999999,98.6895,96.28091666666667,2.02,12.931333333333333,6.806541666666667,20.414583333333333,25.016666666666666,-102.36625,-9.508750000000001,6.457083333333333,8.445416666666667,8.503333333333332,8.671249999999999,5.545833333333333,21.504166666666666,397.75,883.9166666666666,48.622083333333336,30.144166666666667,44.51958333333334,23.8875,39.541666666666664,6.361666666666667,-115.57791666666667,7.5375000000000005,34.255,5.3018,39.5567,100.0,0.0
2026-08-23,R5-002,R5-002_L800_S1,R5,L800,11.0,6200.0,99.25766666666668,1281.0,99.40266666666668,1087.0,98.664875,97.94958333333334,0.0,0.49862500000000004,0.4487916666666667,98.197875,98.48766666666667,96.17070833333332,2.0154166666666664,23.503583333333335,5.987583333333333,62.61625,25.075,-94.18916666666667,-8.857916666666666,6.555,8.454583333333334,8.42125,9.099583333333333,5.5687500000000005,20.591666666666665,622.7916666666666,1383.75,47.385,32.66583333333333,41.97416666666667,14.833333333333334,22.125,2.377083333333333,-115.29208333333332,6.8374999999999995,19.4278,2.5512,21.9792,100.0,0.0
2026-08-23,R5-002,R5-002_L800_S3,R5,L800,16.0,6200.0,99.29591666666666,5244.0,99.468375,4458.0,98.76804166666666,97.97541666666666,0.0,0.5292916666666666,0.47625,98.11908333333334,98.437125,96.16375,2.0816666666666666,24.936625000000003,7.215583333333334,64.31,24.770833333333332,-96.56666666666666,-11.712083333333332,7.4525,8.54625,8.305,7.5625,5.117916666666667,22.383333333333336,318.125,706.875,46.147083333333335,25.59125,43.26583333333334,34.7,53.416666666666664,6.009166666666666,-115.34125,6.7375,51.274,4.9965,56.269999999999996,100.0,0.0
2026-08-23,R5-003,R5-003_L1800_S1,R5,L1800,17.0,1650.0,99.22608333333334,3403.0,99.406625,2894.0,98.63725,97.89375,0.0,0.5476666666666666,0.49300000000000005,98.41266666666667,98.71420833333333,96.52079166666665,1.905,21.211541666666665,5.391916666666667,63.10458333333333,23.516666666666666,-98.57791666666667,-8.799583333333333,6.79,8.479583333333332,8.06125,9.611666666666666,5.14875,21.241666666666667,478.0,1062.1666666666667,45.8225,35.940000000000005,42.70166666666666,28.758333333333336,42.0,6.88375,-114.96333333333332,7.945833333333333,33.5145,2.9471,36.4619,100.0,0.0
2026-08-23,R5-003,R5-003_L1800_S2,R5,L1800,20.0,1650.0,96.637,4880.0,99.459625,4149.0,96.11520833333333,98.00708333333334,0.0,1.8096249999999998,1.6288333333333334,98.35808333333334,98.63404166666668,96.234125,2.01625,4.409166666666667,4.181916666666667,12.879166666666668,25.412499999999998,-114.98166666666667,-10.267916666666666,1.2670833333333333,5.627083333333334,7.9875,10.364583333333334,36.41375,45.0,345.0,766.7083333333334,45.685833333333335,32.526666666666664,41.24125,31.40416666666667,54.0,6.25875,-115.23791666666666,7.5249999999999995,28.0834,2.4378,30.5214,100.0,0.0
2026-08-23,R5-003,R5-003_L1800_S3,R5,L1800,22.0,1650.0,99.23162500000001,2873.0,99.42783333333334,2440.0,98.66391666666668,98.09458333333333,0.0,0.505625,0.45516666666666666,98.30529166666668,98.65229166666667,96.08524999999999,1.8462500000000002,14.180708333333333,3.7852916666666663,23.9375,23.729166666666668,-93.12208333333332,-10.799999999999999,8.143749999999999,8.614166666666668,8.09875,6.8725,5.610833333333333,20.166666666666668,614.25,1364.9583333333333,44.681666666666665,27.348333333333333,41.98708333333334,18.2375,24.041666666666668,4.172916666666667,-115.34916666666668,6.704166666666667,20.4465,3.0846,23.5309,100.0,0.0
2026-08-23,R5-003,R5-003_L2100_S1,R5,L2100,18.0,300.0,99.24520833333334,1337.0,99.47250000000001,1136.0,98.72170833333332,98.0625,0.0,0.5034166666666667,0.453125,98.19120833333334,98.47995833333334,96.26129166666668,2.095,21.878833333333333,3.5028333333333332,56.00125,24.820833333333336,-97.92375,-11.32,8.50375,8.650416666666667,8.240833333333333,7.729166666666667,4.9325,21.433333333333334,514.125,1142.3333333333333,45.98333333333333,31.575833333333332,42.24708333333333,12.358333333333334,19.625,2.0341666666666667,-115.1925,6.979166666666667,10.0524,0.8518,10.9041,100.0,0.0
2026-08-23,R5-003,R5-003_L2100_S2,R5,L2100,21.0,300.0,99.23191666666666,3218.0,99.44616666666667,2736.0,98.68245833333333,97.91416666666667,0.0,0.5105416666666667,0.4594583333333333,98.33908333333333,98.63870833333334,96.11654166666666,2.0870833333333336,12.188625,3.597375,19.28125,24.125,-97.00875,-10.749166666666667,7.8325,8.583333333333334,8.290833333333333,8.012500000000001,5.3116666666666665,22.40416666666667,487.625,1083.875,47.27583333333334,37.485,43.475,22.662499999999998,38.875,3.5966666666666662,-115.32666666666667,6.283333333333334,14.418,2.298,16.7162,100.0,0.0
2026-08-23,R5-003,R5-003_L2100_S3,R5,L2100,23.0,300.0,99.28391666666666,3314.0,99.43416666666667,2820.0,98.72229166666666,97.99458333333332,0.0,0.510375,0.45937500000000003,98.31083333333333,98.56720833333333,96.446375,1.8870833333333332,21.39233333333333,5.634708333333333,58.060833333333335,24.78333333333333,-98.48333333333333,-10.336666666666666,10.71875,8.871666666666666,8.288333333333332,9.948333333333332,5.269166666666666,20.5625,332.1666666666667,738.3333333333334,45.5875,26.912499999999998,42.899166666666666,28.808333333333334,41.083333333333336,8.565416666666666,-115.70291666666667,6.470833333333332,29.0062,4.1342,33.1402,100.0,0.0
2026-08-23,R5-003,R5-003_L800_S1,R5,L800,19.0,6200.0,99.27029166666667,3794.0,99.47791666666666,3224.0,98.75195833333333,98.04541666666667,0.0,0.4864583333333334,0.43770833333333337,98.27758333333334,98.574875,96.32591666666667,1.9887499999999998,13.576375,5.59325,35.45875,24.329166666666666,-92.34500000000001,-9.606250000000001,8.744583333333333,8.674583333333333,7.782916666666666,10.045,5.122916666666667,20.866666666666667,330.2083333333333,733.875,43.55291666666667,34.501666666666665,42.40208333333333,26.708333333333332,45.125,4.25,-115.33375000000001,7.7749999999999995,33.8738,4.9846,38.8587,100.0,0.0
2026-08-23,R5-003,R5-003_L800_S3,R5,L800,24.0,6200.0,99.24308333333333,2820.0,99.51333333333334,2397.0,98.76041666666667,97.98291666666667,0.0,0.4950833333333333,0.445625,98.30275,98.66154166666666,96.536625,1.9929166666666667,21.97825,6.304666666666667,33.81916666666667,23.041666666666668,-93.68458333333332,-9.460416666666667,6.229583333333333,8.4225,8.805833333333334,10.21875,5.0616666666666665,21.9375,499.875,1111.0416666666667,45.52708333333334,32.464999999999996,42.717083333333335,17.712500000000002,24.875,4.007916666666667,-115.52208333333334,7.4125000000000005,20.9478,2.0459,22.9934,100.0,0.0
2026-08-23,R5-004,R5-004_L1800_S1,R5,L1800,25.0,1650.0,99.265875,4701.0,99.49608333333333,3993.0,98.76579166666666,97.90791666666667,0.0,0.5104583333333333,0.4593333333333333,98.32608333333333,98.62591666666667,96.31066666666668,1.9799999999999998,22.467958333333332,6.0565,34.427083333333336,23.491666666666664,-99.57958333333333,-10.179583333333333,9.290416666666667,8.72875,8.0925,6.859166666666667,5.1745833333333335,20.983333333333334,328.3333333333333,729.75,45.605,26.527916666666666,42.64083333333333,32.3125,53.875,5.050833333333333,-115.64875,7.375,21.4745,2.6829,24.1578,100.0,0.0
2026-08-23,R5-004,R5-004_L1800_S2,R5,L1800,28.0,1650.0,99.26912499999999,2757.0,99.43183333333333,2344.0,98.70516666666667,97.91458333333333,0.0,1.3865416666666668,1.2480416666666667,98.27708333333334,98.60525,96.09825000000001,1.92875,14.563375,7.241583333333334,38.295,24.599999999999998,-103.62458333333332,-11.07625,5.597916666666666,8.581666666666667,8.40625,7.699583333333333,17.779166666666665,21.254166666666666,334.6666666666667,743.75,45.75541666666667,27.672916666666666,40.67166666666667,16.754166666666666,25.875,3.905416666666667,-115.28750000000001,7.675000000000001,13.1944,1.3175999999999999,14.512,100.0,0.0
2026-08-23,R5-004,R5-004_L1800_S3,R5,L1800,30.0,1650.0,99.21412500000001,2911.0,99.48158333333333,2475.0,98.69995833333333,98.09833333333334,0.0,0.481125,0.43287500000000007,98.37704166666667,98.72216666666667,96.09733333333334,1.9041666666666668,20.77445833333333,7.24425,54.76,24.8125,-101.945,-9.261666666666667,4.5929166666666665,8.258333333333333,8.105,7.967083333333334,5.337916666666666,20.683333333333334,525.6666666666666,1168.2916666666667,45.49041666666667,34.795,42.845,34.05,61.041666666666664,9.589166666666667,-115.25041666666668,6.395833333333333,20.5632,2.546,23.1089,100.0,0.0
2026-08-23,R5-004,R5-004_L2100_S1,R5,L2100,26.0,300.0,99.24766666666666,3046.0,99.43541666666665,2590.0,98.68733333333334,98.06875000000001,0.0,0.5441666666666667,0.48974999999999996,98.24849999999999,98.62541666666668,96.24820833333332,1.9883333333333333,15.583458333333333,7.243333333333333,44.63958333333333,23.72083333333333,-95.35583333333334,-9.004166666666666,9.544583333333334,8.754166666666666,8.474166666666667,9.761666666666667,5.500416666666666,20.175,532.0416666666666,1182.5416666666667,45.26625000000001,30.90416666666667,40.92583333333334,27.195833333333336,45.875,4.785416666666666,-115.23166666666667,6.970833333333334,33.2732,5.1755,38.4489,100.0,0.0
2026-08-23,R5-004,R5-004_L2100_S2,R5,L2100,29.0,300.0,99.260375,3539.0,99.43091666666668,3008.0,98.69554166666666,97.90208333333334,0.0,0.50525,0.45475,98.29604166666667,98.673625,96.25391666666667,1.9854166666666666,17.471458333333334,4.830708333333333,28.411666666666665,23.541666666666668,-101.68208333333332,-9.997083333333334,7.857500000000001,8.585833333333333,8.109583333333333,10.3725,5.483333333333333,20.458333333333332,539.5,1198.9166666666667,44.434583333333336,27.227500000000003,43.490833333333335,24.28333333333333,37.291666666666664,6.7925,-114.93875000000001,6.8999999999999995,31.0944,4.9412,36.0361,100.0,0.0
2026-08-23,R5-004,R5-004_L2100_S3,R5,L2100,31.0,300.0,99.20229166666667,3794.0,99.46416666666666,3227.0,98.67070833333334,98.07916666666667,0.0,0.4972083333333333,0.4475,98.371875,98.64041666666667,96.38104166666666,2.1149999999999998,25.415916666666664,7.260041666666666,75.16458333333334,25.22083333333333,-95.95041666666667,-8.472083333333334,7.28125,8.53,7.9629166666666675,8.708333333333334,5.572083333333333,20.529166666666665,323.1666666666667,718.0,43.9075,29.63291666666667,42.30708333333333,24.791666666666668,33.625,4.4675,-115.43708333333332,6.6625000000000005,35.459,5.1104,40.5697,100.0,0.0
2026-08-23,R5-004,R5-004_L800_S1,R5,L800,27.0,6200.0,99.20479166666667,4021.0,99.43108333333333,3418.0,98.64058333333332,98.02541666666667,0.0,0.4663333333333333,0.41954166666666665,98.27541666666667,98.581125,96.41949999999999,1.9970833333333333,23.439999999999998,4.779833333333333,50.22541666666667,24.2375,-99.14041666666667,-10.457916666666668,5.5925,8.358749999999999,8.3425,10.792499999999999,5.201666666666667,21.6375,585.0416666666666,1300.0833333333333,45.92083333333333,32.744166666666665,41.99041666666667,32.37916666666667,46.833333333333336,7.645833333333333,-115.22083333333335,7.158333333333334,46.0935,7.1803,53.2737,100.0,0.0
2026-08-23,R5-004,R5-004_L800_S3,R5,L800,32.0,6200.0,99.188875,2993.0,99.46254166666667,2544.0,98.65612499999999,98.01083333333332,0.0,0.4891666666666667,0.44016666666666665,98.22391666666665,98.48162500000001,96.328375,2.16125,20.651125,5.370166666666667,59.134166666666665,22.829166666666666,-95.87958333333334,-11.40875,7.029166666666666,8.501666666666667,7.896249999999999,7.53625,5.149166666666667,21.633333333333336,402.5416666666667,894.4583333333334,45.250416666666666,30.183333333333334,42.09875,25.625,39.208333333333336,6.84125,-115.23916666666666,7.408333333333334,19.2404,2.3548,21.5955,100.0,0.0
2026-08-23,R5-005,R5-005_L1800_S1,R5,L1800,33.0,1650.0,97.813625,3007.0,99.42375,2555.0,97.25029166666667,88.88083333333333,0.0,1.49475,1.3451666666666666,98.28695833333335,98.53837499999999,96.15375,1.9675,24.192833333333336,2.065541666666667,70.31083333333333,24.0125,-91.22791666666666,-9.122083333333334,8.711666666666666,8.672083333333333,7.906666666666666,6.3525,4.835,20.804166666666667,337.5,750.0,45.08708333333333,33.93416666666666,40.65916666666667,25.241666666666664,38.5,4.427083333333333,-100.36125,39.983333333333334,20.1529,2.2474,22.4003,100.0,0.0
2026-08-23,R5-005,R5-005_L1800_S2,R5,L1800,36.0,1650.0,99.26925,4432.0,99.45720833333333,3768.0,98.7305,97.90333333333332,0.0,0.4852083333333333,0.4367916666666667,98.23254166666668,98.49925,96.24329166666666,2.01375,14.870666666666667,6.6305000000000005,34.760416666666664,24.087500000000002,-96.56416666666667,-11.107083333333334,8.45125,8.644583333333333,8.369166666666667,7.65625,5.18875,20.6875,562.5,1249.9583333333333,45.944583333333334,26.546666666666667,42.009166666666665,28.3875,37.416666666666664,6.684166666666666,-115.44041666666668,7.9875,18.9193,2.8948,21.8142,100.0,0.0
2026-08-23,R5-005,R5-005_L1800_S3,R5,L1800,38.0,1650.0,99.19395833333334,3580.0,99.45858333333332,3040.0,98.65716666666667,98.10416666666667,0.0,0.49533333333333335,0.44579166666666664,98.3125,98.55629166666667,96.382625,1.9620833333333334,17.400875,4.878416666666666,28.61916666666667,23.05,-95.80666666666667,-10.859166666666667,5.9816666666666665,8.398333333333333,8.58375,10.114583333333334,5.583333333333333,21.59166666666667,450.75,1001.5833333333334,47.251666666666665,34.317083333333336,43.056666666666665,32.233333333333334,47.958333333333336,7.363333333333333,-115.065,6.620833333333334,22.7775,2.9368,25.7143,100.0,0.0
2026-08-23,R5-005,R5-005_L2100_S1,R5,L2100,34.0,300.0,99.26191666666666,5751.0,99.41945833333334,4891.0,98.68575,97.84875,0.0,0.4815416666666667,0.43329166666666663,98.37854166666666,98.704875,96.339375,2.07,24.845916666666668,3.961,57.568333333333335,24.025000000000002,-96.50291666666668,-10.520416666666668,6.84625,8.484166666666667,8.255,8.69875,5.1779166666666665,20.85833333333333,565.6666666666666,1257.375,45.475,30.532916666666665,45.94541666666667,34.645833333333336,51.666666666666664,7.711666666666666,-115.0225,6.675,32.9833,3.3264,36.3103,100.0,0.0
2026-08-23,R5-005,R5-005_L2100_S2,R5,L2100,37.0,300.0,99.28208333333333,1948.0,99.45508333333333,1657.0,98.74120833333332,98.06041666666665,0.0,0.498375,0.448625,98.27491666666667,98.58029166666667,96.13745833333333,1.9170833333333333,19.454916666666666,4.004833333333333,36.34375,23.858333333333334,-93.97125,-10.057916666666667,8.26125,8.625833333333334,7.824583333333333,6.894583333333333,5.014166666666667,20.733333333333334,366.7083333333333,814.9166666666666,44.92541666666667,30.42,42.4275,19.016666666666666,33.041666666666664,3.450833333333333,-115.20791666666666,7.3500000000000005,20.8388,2.5649,23.4037,100.0,0.0
2026-08-23,R5-005,R5-005_L2100_S3,R5,L2100,39.0,300.0,99.18599999999999,1287.0,99.46966666666667,1097.0,98.660125,98.10374999999999,0.0,0.5010833333333333,0.4510416666666666,98.34641666666666,98.64049999999999,96.56016666666666,2.1495833333333336,21.295208333333335,3.9879166666666666,35.11875,23.575,-97.84083333333332,-10.016666666666667,8.757916666666667,8.675416666666667,8.026666666666667,7.9575,5.534583333333334,20.591666666666665,415.9166666666667,924.3333333333334,46.274166666666666,28.812083333333334,44.13916666666666,11.9625,19.583333333333332,3.2704166666666663,-115.44125000000001,6.479166666666667,12.9418,1.6874,14.6294,100.0,0.0
2026-08-23,R5-005,R5-005_L800_S1,R5,L800,35.0,6200.0,99.24933333333333,1140.0,99.51170833333333,969.0,98.76479166666667,98.03541666666666,0.0,0.47825,0.430375,98.342375,98.62983333333334,96.37266666666666,1.8804166666666668,18.083375,4.550708333333334,52.40041666666667,23.916666666666668,-95.63958333333333,-9.712083333333334,6.0929166666666665,8.409166666666666,8.076666666666666,8.09,5.23125,21.825,504.125,1120.2916666666667,45.095416666666665,30.676666666666666,41.885416666666664,12.495833333333332,17.833333333333332,2.045,-115.41375,6.604166666666667,15.0656,1.8365,16.9018,100.0,0.0
2026-08-23,R5-005,R5-005_L800_S3,R5,L800,40.0,6200.0,99.24604166666666,2242.0,99.40941666666667,1905.0,98.66000000000001,97.95,0.0,0.482875,0.434625,98.27420833333333,98.606875,96.16441666666667,2.1316666666666664,17.778041666666667,5.297458333333333,49.72875,23.633333333333336,-93.89666666666666,-8.375833333333334,6.9870833333333335,8.49875,7.9725,10.224166666666667,5.200833333333333,21.441666666666666,422.125,938.0833333333334,46.12166666666667,30.56375,45.12916666666666,14.987499999999999,23.458333333333332,4.411666666666666,-115.3525,6.125,18.1949,2.5368,20.7315,100.0,0.0
2026-08-23,R5-006,R5-006_L1800_S1,R5,L1800,41.0,1650.0,99.24129166666667,2733.0,99.45608333333332,2323.0,98.70158333333335,98.03708333333333,0.0,0.49066666666666664,0.44175000000000003,98.27458333333334,98.57304166666667,96.38545833333335,1.9708333333333332,24.100624999999997,4.420583333333333,68.05916666666667,23.729166666666668,-101.20791666666666,-9.864583333333334,6.647916666666667,8.464583333333334,7.969166666666666,6.919999999999999,5.384166666666666,21.2875,329.7916666666667,733.0833333333334,45.89791666666667,26.869583333333335,43.92416666666667,25.329166666666666,35.166666666666664,5.838333333333334,-115.415,6.7375,20.2014,2.995,23.1961,100.0,0.0
2026-08-23,R5-006,R5-006_L1800_S2,R5,L1800,44.0,1650.0,99.24020833333333,3309.0,99.50349999999999,2810.0,98.74737499999999,98.03708333333333,0.0,0.5164583333333334,0.4648333333333334,98.30545833333333,98.60595833333333,96.41154166666666,2.0620833333333333,23.702375,7.030166666666666,66.22416666666668,23.495833333333334,-97.22500000000001,-9.21375,5.517083333333333,8.352500000000001,8.529583333333333,10.5725,4.7995833333333335,20.658333333333335,404.75,899.625,45.39416666666667,33.33125,42.439166666666665,31.508333333333336,51.041666666666664,7.544583333333333,-115.08999999999999,7.379166666666666,35.3287,4.8418,40.1705,100.0,0.0
2026-08-23,R5-006,R5-006_L1800_S3,R5,L1800,46.0,1650.0,99.24575,4676.0,99.21775000000001,3973.0,98.46945833333332,98.09083333333332,13.0,0.5669166666666666,0.5102916666666667,98.28491666666667,98.65404166666667,96.19216666666667,1.9854166666666666,7.192958333333333,5.1185,17.31375,24.991666666666664,-95.52875,-10.712083333333332,7.7775,8.5775,8.113333333333333,10.229999999999999,4.954583333333333,21.2375,528.4166666666666,1174.0416666666667,75.48958333333333,51.30083333333334,74.73,70.10000000000001,124.29166666666667,19.34125,-115.84416666666668,6.6499999999999995,106.4863,6.8518,113.3377,100.0,0.0
2026-08-23,R5-006,R5-006_L2100_S1,R5,L2100,42.0,300.0,99.31725,5396.0,99.427,4584.0,98.74804166666667,98.01833333333333,0.0,0.48266666666666663,0.43454166666666666,98.25220833333333,98.48720833333333,96.12929166666667,2.12,23.131291666666666,7.14875,65.72666666666667,23.604166666666668,-96.25875,-11.456666666666665,8.365416666666667,8.637083333333333,8.237083333333333,9.794166666666667,5.112916666666667,20.979166666666668,382.375,849.5833333333334,44.05708333333334,30.3,43.793749999999996,32.7875,52.791666666666664,5.80875,-115.15625,7.133333333333333,43.6564,6.0643,49.720800000000004,100.0,0.0
2026-08-23,R5-006,R5-006_L2100_S2,R5,L2100,45.0,300.0,99.25383333333333,3400.0,99.43383333333333,2893.0,98.691875,97.84249999999999,0.0,0.5087499999999999,0.4579583333333333,98.31566666666667,98.604,96.52729166666667,2.1083333333333334,17.234333333333336,5.9552499999999995,41.970416666666665,24.104166666666668,-97.02416666666666,-9.679166666666667,8.39875,8.640416666666667,8.795416666666666,8.852500000000001,5.7316666666666665,21.212500000000002,461.4166666666667,1025.3333333333333,44.000416666666666,30.226666666666663,43.4925,28.241666666666664,45.833333333333336,6.6883333333333335,-115.03625,7.420833333333333,33.4397,4.9104,38.35,100.0,0.0
2026-08-23,R5-006,R5-006_L2100_S3,R5,L2100,47.0,300.0,99.205375,1715.0,99.3865,1458.0,98.59683333333334,97.94625,0.0,0.498,0.44812500000000005,98.28616666666666,98.56962499999999,96.325125,2.0225,19.966583333333332,4.432958333333334,36.02875,25.120833333333334,-93.74291666666666,-10.571666666666667,9.96375,8.797083333333333,8.240416666666667,9.8175,5.190416666666667,20.479166666666668,390.625,868.125,45.845,34.22666666666667,42.69,14.137500000000001,20.375,4.18,-115.29,6.45,19.9501,2.6487,22.5995,100.0,0.0
2026-08-23,R5-006,R5-006_L800_S1,R5,L800,43.0,6200.0,99.24654166666666,2300.0,99.48591666666665,1957.0,98.73608333333334,97.90499999999999,0.0,0.490125,0.4410416666666667,98.43325,98.62962499999999,96.24304166666667,1.8420833333333333,18.772333333333332,5.811333333333334,29.118750000000002,23.733333333333334,-94.01708333333333,-8.6575,8.030833333333334,8.60375,8.440416666666666,10.340416666666666,5.2575,20.466666666666665,406.25,902.5,45.638749999999995,27.337500000000002,42.887499999999996,20.258333333333333,31.833333333333332,3.4762500000000003,-115.00666666666666,7.125,28.3861,3.6433,32.0295,100.0,0.0
2026-08-23,R5-006,R5-006_L800_S3,R5,L800,48.0,6200.0,99.30791666666666,2246.0,99.48366666666668,1903.0,98.79525000000001,98.08916666666666,0.0,0.508625,0.45770833333333333,98.2405,98.60775,96.150875,1.9979166666666668,20.736208333333334,5.89525,46.45916666666667,24.166666666666668,-98.70666666666666,-12.112499999999999,5.8625,8.385833333333332,8.425416666666667,7.789166666666667,5.733333333333333,21.65416666666667,368.8333333333333,819.2916666666666,45.10125,29.34375,42.897083333333335,25.900000000000002,39.958333333333336,7.303333333333334,-115.30125,6.729166666666667,20.6752,3.1366,23.8116,100.0,0.0
2026-08-23,R5-007,R5-007_L1800_S1,R5,L1800,49.0,1650.0,99.23304166666667,1443.0,99.46108333333332,1225.0,98.69854166666666,97.86958333333332,0.0,0.512125,0.461,98.38241666666666,98.7385,96.4445,2.075416666666667,19.395583333333335,6.422875,44.07125,23.316666666666666,-97.17333333333333,-10.240416666666667,7.324583333333333,8.532916666666667,8.181666666666667,9.827499999999999,4.759166666666666,21.9875,575.4583333333334,1278.7083333333333,45.91833333333333,27.525833333333335,40.714166666666664,15.654166666666667,25.458333333333332,3.8995833333333336,-115.61208333333333,7.333333333333333,14.0475,1.276,15.3239,100.0,0.0
2026-08-23,R5-007,R5-007_L1800_S2,R5,L1800,52.0,1650.0,99.265,951.0,99.472625,808.0,98.74179166666666,97.99916666666667,0.0,0.50225,0.45208333333333334,98.37466666666667,98.63600000000001,96.54775000000001,1.9625000000000001,25.780666666666665,5.559583333333333,60.35833333333333,24.120833333333334,-95.09750000000001,-11.734583333333333,6.242916666666666,8.424999999999999,8.2075,10.01125,5.084583333333334,20.783333333333335,408.2083333333333,907.0833333333334,43.553333333333335,27.547916666666666,42.13666666666666,10.225,15.958333333333334,1.74875,-115.30541666666666,7.145833333333333,8.8025,0.8383,9.6409,100.0,0.0
2026-08-23,R5-007,R5-007_L1800_S3,R5,L1800,54.0,1650.0,99.22579166666667,2064.0,99.48495833333334,1754.0,98.71483333333333,98.06666666666666,0.0,0.49745833333333334,0.44775000000000004,98.18570833333332,98.48825,96.17183333333332,1.8970833333333335,19.905125,4.515791666666667,46.34375,23.120833333333334,-101.605,-11.255,8.785,8.678749999999999,8.115833333333333,6.793333333333333,5.3429166666666665,21.3625,423.1666666666667,940.4583333333334,43.20375000000001,29.877499999999998,40.56458333333333,23.22083333333333,38.041666666666664,6.37125,-115.04208333333334,7.445833333333333,19.0765,2.4723,21.549,100.0,0.0
2026-08-23,R5-007,R5-007_L2100_S1,R5,L2100,50.0,300.0,99.270875,4536.0,99.44779166666666,3857.0,98.72275,97.81916666666666,0.0,0.47241666666666665,0.42524999999999996,98.33233333333334,98.64945833333333,96.31116666666667,1.9104166666666667,17.64795833333333,5.344458333333333,33.49791666666667,25.462500000000002,-93.09750000000001,-8.256666666666666,9.697916666666666,8.77,8.559166666666666,10.46375,5.197916666666667,21.125,554.2916666666666,1231.7083333333333,45.10208333333333,34.053333333333335,44.1875,34.90416666666667,55.833333333333336,8.020416666666668,-115.1825,6.495833333333334,43.795500000000004,3.5078,47.3036,100.0,0.0
2026-08-23,R5-007,R5-007_L2100_S2,R5,L2100,53.0,300.0,94.28379166666667,1170.0,95.51266666666668,994.0,90.05483333333332,92.07083333333333,0.0,0.4789583333333333,0.431125,98.36554166666667,98.668875,96.34345833333333,1.8683333333333334,12.087125,7.506958333333333,23.599999999999998,23.941666666666666,-94.64541666666666,-9.356666666666667,6.255416666666666,8.424999999999999,8.134583333333333,9.833333333333334,5.490416666666667,20.554166666666667,538.9166666666666,1197.5833333333333,45.79416666666666,33.04291666666666,68.09916666666668,11.120833333333332,18.416666666666668,2.9179166666666667,-115.0575,7.079166666666667,7.4815,0.6758,8.1576,100.0,0.0
2026-08-23,R5-007,R5-007_L2100_S3,R5,L2100,55.0,300.0,99.22479166666666,2080.0,99.48208333333334,1767.0,98.71083333333333,98.10083333333334,0.0,0.5182083333333333,0.4662916666666667,98.39083333333333,98.65558333333333,96.63900000000001,2.069166666666667,25.59875,7.311708333333333,47.774166666666666,23.858333333333334,-97.63791666666667,-9.92,7.922916666666667,8.592083333333333,8.274583333333334,9.670416666666666,5.454583333333333,21.758333333333336,329.5416666666667,732.25,45.26916666666667,35.99166666666667,43.16708333333333,14.75,25.583333333333332,3.2670833333333333,-115.10625,7.45,8.9742,0.9814,9.9556,100.0,0.0
2026-08-23,R5-007,R5-007_L800_S1,R5,L800,51.0,6200.0,99.18816666666667,1236.0,99.46979166666667,1052.0,98.66245833333333,98.17166666666667,0.0,0.5098333333333334,0.45870833333333333,98.36108333333334,98.59720833333334,96.31220833333333,2.032083333333333,16.825916666666668,3.4585416666666666,27.933333333333334,25.454166666666666,-98.50958333333334,-11.284583333333332,6.72125,8.472083333333334,8.600833333333334,10.26375,5.0512500000000005,21.34166666666667,417.5416666666667,927.7083333333334,46.71083333333333,34.72666666666667,43.282916666666665,11.258333333333333,18.625,2.71625,-115.43458333333332,7.383333333333333,15.8879,1.3053,17.1934,100.0,0.0
2026-08-23,R5-007,R5-007_L800_S3,R5,L800,56.0,6200.0,99.29595833333333,1056.0,99.52495833333334,894.0,98.82433333333334,98.10791666666667,0.0,0.5192916666666666,0.46729166666666666,98.28079166666667,98.55137500000001,96.32983333333334,2.2154166666666666,14.670458333333334,6.547166666666667,22.785,23.537499999999998,-96.16833333333334,-10.427916666666667,6.6025,8.459999999999999,8.130833333333333,7.63625,4.9575000000000005,21.308333333333334,553.1666666666666,1229.0416666666667,44.04624999999999,33.28791666666667,41.75958333333333,11.245833333333332,16.208333333333332,1.9533333333333334,-115.30458333333333,6.591666666666666,7.985,0.9794,8.9648,100.0,0.0
2026-08-23,R5-008,R5-008_L1800_S1,R5,L1800,57.0,1650.0,,0.0,,0.0,,97.89125,0.0,0.46858333333333335,0.42162499999999997,98.30783333333333,98.66133333333333,96.12795833333332,1.9141666666666666,0.0,0.0,0.0,24.59166666666667,-102.1675,-10.0575,5.884583333333333,8.387500000000001,8.076666666666666,8.163333333333334,5.1325,21.287499999999998,328.25,729.4583333333334,0.0,0.0,40.977916666666665,0.0,0.0,0.0,-115.24458333333332,6.8500000000000005,0.0,0.0,0.0,16.222958333333334,1206.3
2026-08-23,R5-008,R5-008_L1800_S2,R5,L1800,60.0,1650.0,99.29554166666667,2746.0,99.4235,2334.0,98.72316666666666,97.97833333333334,0.0,0.48774999999999996,0.439,98.392,98.62616666666666,96.37525,2.14875,17.782875,6.519208333333334,45.24208333333333,24.391666666666666,-96.69875,-12.446666666666667,7.391666666666667,8.539166666666667,7.8825,7.78625,5.148333333333333,21.233333333333334,331.5416666666667,736.8333333333334,45.61083333333334,33.358333333333334,43.87291666666667,17.179166666666667,29.458333333333332,3.375,-115.57666666666667,6.0874999999999995,10.7024,1.6353,12.3375,100.0,0.0
2026-08-23,R5-008,R5-008_L1800_S3,R5,L1800,62.0,1650.0,99.25620833333333,2711.0,99.44425,2304.0,98.70458333333333,97.97791666666666,0.0,0.519375,0.46729166666666666,98.33995833333334,98.58262500000001,96.2355,1.9841666666666666,22.103583333333333,5.485541666666666,49.79083333333333,24.395833333333332,-101.52499999999999,-10.01125,6.9679166666666665,8.496666666666668,8.230833333333333,8.956666666666667,5.2437499999999995,21.416666666666668,402.375,894.125,45.76333333333333,31.295,41.17333333333333,21.287499999999998,34.333333333333336,4.2612499999999995,-115.42583333333334,7.133333333333333,15.3632,1.9954,17.3586,100.0,0.0
2026-08-23,R5-008,R5-008_L2100_S1,R5,L2100,58.0,300.0,99.21820833333334,4346.0,99.46125,3695.0,98.68379166666666,97.93416666666667,0.0,0.48933333333333334,0.4404166666666667,98.29091666666666,98.52387499999999,96.18445833333334,1.9195833333333334,21.740458333333333,5.934333333333334,49.609583333333326,23.495833333333334,-93.47083333333335,-11.705416666666666,7.082083333333333,8.508750000000001,8.151666666666666,9.57625,5.484166666666667,21.099999999999998,378.4166666666667,840.75,45.34625,29.889166666666668,42.38791666666666,30.175,53.291666666666664,6.353750000000001,-115.52499999999999,6.970833333333334,43.8934,5.6779,49.5711,100.0,0.0
2026-08-23,R5-008,R5-008_L2100_S2,R5,L2100,61.0,300.0,99.152125,1719.0,99.4875,1463.0,98.644,97.97458333333333,0.0,0.49441666666666667,0.4449166666666667,98.30354166666666,98.58795833333333,96.21533333333333,2.0716666666666668,21.14375,7.593916666666666,38.0525,24.400000000000002,-93.79083333333334,-9.810416666666667,4.620833333333334,8.260833333333332,8.29125,9.857916666666666,5.33875,21.283333333333335,559.8333333333334,1244.0416666666667,45.25083333333333,34.88375,44.302083333333336,12.979166666666666,22.166666666666668,3.1595833333333334,-115.35541666666667,6.270833333333333,9.4107,0.9932,10.4037,100.0,0.0
2026-08-23,R5-008,R5-008_L2100_S3,R5,L2100,63.0,300.0,99.28145833333333,2657.0,99.42758333333335,2262.0,98.713375,98.09458333333333,0.0,0.5117083333333333,0.46049999999999996,98.1585,98.51970833333333,95.93512500000001,1.9958333333333333,24.391000000000002,6.098,45.875,24.47083333333333,-97.46708333333333,-9.430833333333334,8.9525,8.695416666666667,8.447083333333333,8.124583333333334,5.435,20.716666666666665,338.125,751.2083333333334,45.32208333333333,31.014583333333334,42.106249999999996,16.516666666666666,27.458333333333332,3.1758333333333333,-115.0675,6.483333333333333,12.6725,1.1457,13.8181,100.0,0.0
2026-08-23,R5-008,R5-008_L800_S1,R5,L800,59.0,6200.0,99.22691666666667,5087.0,99.46466666666667,4323.0,98.69574999999999,98.00041666666668,0.0,0.5107083333333333,0.45966666666666667,98.211125,98.52479166666666,96.26029166666666,1.9345833333333333,18.987916666666667,6.656166666666667,29.18041666666667,24.84583333333333,-98.04083333333334,-10.305833333333334,7.245833333333334,8.524583333333334,8.375,7.672499999999999,5.673750000000001,21.65833333333333,498.9166666666667,1108.5416666666667,46.298750000000005,36.884166666666665,43.48333333333333,35.175000000000004,57.333333333333336,10.15875,-115.17208333333333,7.629166666666666,48.6264,6.4838000000000005,55.1104,100.0,0.0
2026-08-23,R5-008,R5-008_L800_S3,R5,L800,64.0,6200.0,99.21733333333333,4845.0,99.4295,4118.0,98.65154166666667,98.1125,0.0,0.5208333333333334,0.4688333333333334,98.19520833333333,98.49570833333333,96.44904166666667,2.0825,16.987041666666666,6.696583333333333,29.01875,24.770833333333332,-97.62458333333335,-9.60375,9.547916666666667,8.755416666666667,7.9629166666666675,7.198333333333333,5.487916666666667,21.375,392.375,872.0416666666666,45.634166666666665,34.350833333333334,43.192499999999995,32.69166666666667,49.458333333333336,8.249166666666667,-115.08041666666666,6.633333333333333,47.4506,5.6066,53.0572,100.0,0.0
2026-08-23,R5-009,R5-009_L1800_S1,R5,L1800,65.0,1650.0,99.21729166666667,4193.0,99.38775,3564.0,98.60979166666668,97.84875,0.0,0.49737499999999996,0.447625,98.219,98.554125,96.14016666666667,2.095,24.41379166666667,6.606416666666667,50.02791666666667,25.204166666666666,-98.59666666666668,-11.054583333333333,10.460416666666667,8.8475,8.612916666666667,10.032083333333334,5.264583333333333,21.370833333333334,536.6666666666666,1192.6666666666667,44.91791666666666,32.81041666666667,43.51541666666666,26.900000000000002,38.0,4.545833333333333,-115.46583333333332,7.6625000000000005,29.854599999999998,2.7133000000000003,32.5678,100.0,0.0
2026-08-23,R5-009,R5-009_L1800_S2,R5,L1800,68.0,1650.0,99.22204166666667,3035.0,99.42545833333332,2581.0,98.65216666666667,98.04416666666667,0.0,0.5012916666666667,0.45125,98.30145833333334,98.54950000000001,96.47470833333334,2.1141666666666667,20.34625,4.132416666666667,39.86708333333333,23.866666666666664,-93.20916666666666,-10.416666666666666,5.585,8.358333333333333,8.181666666666667,7.66875,5.701250000000001,20.587500000000002,436.75,970.4583333333334,45.315416666666664,27.43041666666667,43.21791666666667,31.129166666666666,55.333333333333336,9.245,-115.51625,7.616666666666667,29.0841,4.4497,33.534,100.0,0.0
2026-08-23,R5-009,R5-009_L1800_S3,R5,L1800,70.0,1650.0,99.212125,2177.0,99.488375,1850.0,98.7045,98.07375,0.0,0.5277916666666667,0.47504166666666664,98.282375,98.60012499999999,96.27383333333334,1.9370833333333335,19.747625,4.748666666666667,41.24791666666667,24.5125,-93.31458333333335,-10.896666666666667,7.702083333333333,8.569166666666666,8.267083333333334,9.97125,5.507083333333333,20.695833333333333,388.7083333333333,863.6666666666666,45.74,26.450416666666666,43.25125,19.316666666666666,32.333333333333336,3.283333333333333,-115.0125,6.316666666666666,23.136400000000002,3.5834,26.7197,100.0,0.0
2026-08-23,R5-009,R5-009_L2100_S1,R5,L2100,66.0,300.0,99.29475000000001,1140.0,99.4305,966.0,98.72929166666667,98.12333333333333,0.0,0.4695833333333333,0.4226666666666667,98.25875,98.55520833333333,96.36945833333334,1.9795833333333333,12.086500000000001,5.491208333333333,35.900416666666665,23.729166666666668,-96.24833333333333,-9.959166666666667,5.4054166666666665,8.340416666666666,8.568333333333333,8.777083333333334,5.110833333333333,21.258333333333333,405.375,900.7083333333334,46.32083333333333,30.910833333333333,42.4275,12.304166666666667,17.166666666666668,2.1458333333333335,-114.67875,7.3374999999999995,11.9266,1.7643,13.6908,100.0,0.0
2026-08-23,R5-009,R5-009_L2100_S2,R5,L2100,69.0,300.0,99.23775,2101.0,99.40125,1786.0,98.64366666666666,98.02416666666666,0.0,0.5154166666666666,0.464,98.27866666666667,98.660625,96.35341666666666,1.9854166666666666,19.514666666666667,4.178333333333334,51.79750000000001,24.583333333333332,-94.665,-10.184166666666666,6.120833333333334,8.412083333333333,8.246666666666666,8.27875,5.422499999999999,20.587500000000002,556.25,1236.1666666666667,46.32,33.30041666666667,43.495,15.633333333333333,25.541666666666668,2.507916666666667,-114.88333333333333,7.6875,14.6889,1.532,16.2215,100.0,0.0
2026-08-23,R5-009,R5-009_L2100_S3,R5,L2100,71.0,300.0,99.18895833333333,1444.0,99.44154166666668,1230.0,98.63520833333332,97.90875,0.0,1.1585416666666666,1.0426666666666666,93.30058333333334,93.54241666666667,91.27562499999999,11.233333333333334,18.745791666666666,6.7471250000000005,45.66583333333333,23.724999999999998,-95.88875,-11.26,5.406666666666666,8.340833333333334,8.580833333333333,8.256666666666666,5.665416666666666,20.650000000000002,468.6666666666667,1041.5416666666667,47.0075,27.540833333333335,42.18,12.275,22.083333333333332,2.1958333333333333,-115.15416666666665,6.591666666666666,7.9452,1.2218,9.1668,100.0,0.0
2026-08-23,R5-009,R5-009_L800_S1,R5,L800,67.0,6200.0,99.28016666666667,3298.0,99.433875,2807.0,98.71829166666667,97.94625,0.0,0.49654166666666666,0.44687499999999997,98.36308333333334,98.62179166666665,96.26558333333332,1.9758333333333333,23.939166666666665,3.736166666666667,70.24458333333332,24.6875,-92.90125,-9.962916666666667,6.242916666666667,8.425416666666667,8.18875,7.59625,5.105416666666667,21.3,337.7916666666667,750.5416666666666,45.232499999999995,32.412083333333335,44.98333333333333,22.633333333333336,34.75,5.911666666666666,-115.37791666666668,7.2375,32.711,4.8772,37.5879,100.0,0.0
2026-08-23,R5-009,R5-009_L800_S3,R5,L800,72.0,6200.0,99.25866666666667,1816.0,99.41216666666666,1543.0,98.67537499999999,97.96041666666667,0.0,0.51775,0.46599999999999997,98.34241666666667,98.58766666666666,96.35579166666666,2.03875,13.875250000000001,3.9723333333333333,28.996666666666666,23.420833333333334,-100.14791666666667,-9.455,7.5495833333333335,8.555833333333334,8.237499999999999,10.2675,5.391249999999999,20.854166666666668,432.0416666666667,960.0833333333334,46.009166666666665,26.925,43.85833333333333,21.004166666666666,35.583333333333336,3.220833333333333,-115.02583333333332,7.120833333333334,27.5802,3.0138,30.5944,100.0,0.0
2026-08-23,R5-010,R5-010_L1800_S1,R5,L1800,73.0,1650.0,99.24912499999999,2375.0,99.42595833333333,2021.0,98.67929166666666,97.96791666666667,0.0,0.5233333333333333,0.47095833333333337,98.22458333333333,98.59345833333333,96.23358333333333,1.9754166666666666,20.051375,5.317541666666666,53.513749999999995,25.02916666666667,-91.58833333333332,-9.680833333333334,7.842083333333334,8.584999999999999,8.63125,9.088333333333333,5.097916666666666,20.645833333333332,558.6666666666666,1241.625,46.946666666666665,26.925833333333333,43.40708333333333,15.020833333333334,24.666666666666668,2.879583333333333,-115.12374999999999,6.7250000000000005,11.4637,1.1999,12.6638,100.0,0.0
2026-08-23,R5-010,R5-010_L1800_S2,R5,L1800,76.0,1650.0,99.22933333333333,1412.0,99.49054166666667,1199.0,98.72404166666666,97.99125,0.0,0.47479166666666667,0.4274166666666666,98.265625,98.57741666666668,96.13824999999999,2.0412500000000002,26.23329166666667,7.084875,70.2075,24.766666666666666,-94.21208333333334,-12.106666666666667,6.417083333333333,8.441666666666666,8.152916666666666,10.374583333333334,5.1025,21.416666666666668,403.75,897.1666666666666,46.028333333333336,25.96666666666667,40.920833333333334,10.766666666666666,14.625,2.0833333333333335,-115.40666666666668,7.091666666666666,9.8932,1.5813,11.4743,100.0,0.0
2026-08-23,R5-010,R5-010_L1800_S3,R5,L1800,78.0,1650.0,99.28654166666666,1584.0,99.45091666666667,1346.0,98.74166666666667,97.97833333333334,0.0,0.49774999999999997,0.44808333333333333,98.26820833333333,98.61329166666667,96.43733333333334,1.9195833333333334,13.060125,3.8640416666666666,36.07125,24.670833333333334,-98.81333333333333,-9.437916666666666,8.008333333333333,8.60125,8.361666666666666,10.282916666666667,5.06375,20.8125,550.25,1222.625,47.760416666666664,27.114583333333332,41.84583333333333,16.212500000000002,21.291666666666668,4.798333333333333,-115.33916666666666,6.8625,24.09,2.7284,26.818,100.0,0.0
2026-08-23,R5-010,R5-010_L2100_S1,R5,L2100,74.0,300.0,99.25366666666667,2126.0,99.44841666666667,1805.0,98.706125,97.99874999999999,0.0,0.4891666666666667,0.44016666666666665,98.27295833333334,98.59283333333333,96.45620833333334,1.8770833333333332,20.578625,4.3795,59.77666666666667,24.304166666666664,-97.56791666666668,-12.317083333333334,6.504583333333334,8.450416666666667,8.391666666666667,8.51125,4.9875,21.162499999999998,363.125,806.875,45.23166666666666,31.618750000000002,43.77916666666667,14.549999999999999,22.333333333333332,2.68875,-115.15499999999999,7.0125,13.7107,1.6965,15.4076,100.0,0.0
2026-08-23,R5-010,R5-010_L2100_S2,R5,L2100,77.0,300.0,99.25683333333332,3013.0,99.43408333333333,2560.0,98.69529166666666,97.88291666666667,0.0,0.51625,0.4645416666666667,98.33941666666668,98.6845,96.35204166666666,1.9291666666666665,26.274916666666666,7.355666666666667,66.85125000000001,24.4875,-97.03333333333335,-10.098333333333333,7.484583333333333,8.5475,8.289166666666667,8.714583333333334,5.162916666666667,21.474999999999998,570.9583333333334,1268.8333333333333,45.44583333333333,28.381249999999998,42.86875,33.266666666666666,56.791666666666664,6.197083333333333,-115.46916666666668,6.754166666666666,26.2029,2.8947,29.0978,100.0,0.0
2026-08-23,R5-010,R5-010_L2100_S3,R5,L2100,79.0,300.0,99.25158333333333,1875.0,99.43704166666667,1595.0,98.69304166666666,97.93541666666665,0.0,0.523375,0.4709583333333333,98.358875,98.70679166666667,96.29337500000001,2.0233333333333334,21.78125,4.954791666666667,49.5875,23.27916666666667,-103.14541666666666,-11.293750000000001,7.3125,8.53125,8.34375,10.2775,5.519583333333333,20.525000000000002,606.0416666666666,1346.875,46.27125,26.548333333333332,43.330000000000005,14.125,19.291666666666668,3.841666666666667,-115.05541666666666,6.995833333333334,16.8354,2.4638,19.2991,100.0,0.0
2026-08-23,R5-010,R5-010_L800_S1,R5,L800,75.0,6200.0,99.25533333333334,4454.0,99.46545833333333,3786.0,98.72483333333334,97.96375,0.0,0.5219166666666667,0.46970833333333334,98.30795833333333,98.67891666666667,96.25066666666667,2.0383333333333336,26.583541666666665,7.477625,52.72708333333333,24.175,-95.31708333333334,-9.937083333333334,8.542083333333332,8.654583333333333,8.291666666666666,7.07,4.793333333333334,20.454166666666666,581.8333333333334,1292.8333333333333,44.71875,31.334999999999997,41.312083333333334,27.0625,48.458333333333336,6.736666666666667,-115.62166666666667,6.737500000000001,39.0653,4.0846,43.1505,100.0,0.0
2026-08-23,R5-010,R5-010_L800_S3,R5,L800,80.0,6200.0,99.25470833333333,1787.0,99.43933333333332,1522.0,98.69824999999999,97.98916666666666,0.0,0.504,0.4535416666666667,98.294,98.60924999999999,96.35341666666666,2.0245833333333336,25.115291666666668,4.884333333333333,69.23791666666666,24.958333333333332,-97.84666666666668,-11.1975,6.892916666666667,8.489583333333334,8.640416666666667,7.2075,4.904583333333334,21.091666666666665,574.0833333333334,1275.875,46.14458333333334,30.472916666666666,43.67041666666666,12.512500000000001,16.791666666666668,2.1508333333333334,-115.09541666666667,7.141666666666667,18.249200000000002,2.3327999999999998,20.5815,100.0,0.0
2026-08-24,R5-001,R5-001_L1800_S1,R5,L1800,1.0,1650.0,99.28770833333333,3500.0,99.49679166666665,2973.0,98.78833333333334,97.83375000000001,0.0,0.5018333333333334,0.4515833333333333,98.30787500000001,98.63445833333333,96.13583333333334,1.91875,17.469291666666667,4.602041666666667,39.160833333333336,22.6375,-99.27625,-10.8125,8.340416666666666,8.633333333333333,8.283333333333333,6.756666666666667,5.398333333333333,21.454166666666666,439.8333333333333,977.375,44.134166666666665,34.11833333333333,39.44416666666667,30.558333333333334,44.375,5.01,-115.30583333333334,6.820833333333333,35.0599,3.8601,38.9198,100.0,0.0
2026-08-24,R5-001,R5-001_L1800_S2,R5,L1800,4.0,1650.0,99.21745833333334,3012.0,99.471625,2562.0,98.69333333333333,97.97416666666668,0.0,0.4632083333333334,0.41700000000000004,98.30958333333332,98.62858333333332,96.11770833333333,2.02875,17.49775,5.133166666666667,31.324583333333333,24.504166666666666,-95.72166666666668,-9.4675,7.2316666666666665,8.522916666666667,7.839166666666666,7.652916666666667,5.371666666666667,20.55,447.9166666666667,995.375,44.80291666666667,35.08833333333333,43.7575,21.954166666666666,37.291666666666664,5.415833333333333,-115.21208333333334,6.491666666666667,27.4269,4.1902,31.6171,100.0,0.0
2026-08-24,R5-001,R5-001_L1800_S3,R5,L1800,6.0,1650.0,99.25579166666667,2079.0,99.45820833333333,1765.0,98.71825,98.01166666666667,0.0,0.50825,0.45741666666666664,98.272125,98.61254166666667,96.28333333333335,2.067083333333333,17.745208333333334,6.424541666666666,49.534166666666664,25.020833333333332,-103.25416666666666,-11.607083333333334,8.258750000000001,8.62625,8.49,9.84875,4.801666666666667,20.941666666666666,472.9583333333333,1050.6666666666667,45.30833333333334,30.672083333333333,41.946666666666665,24.037499999999998,40.916666666666664,5.347916666666666,-115.48333333333333,6.779166666666666,20.2624,2.3216,22.5833,100.0,0.0
2026-08-24,R5-001,R5-001_L2100_S1,R5,L2100,2.0,300.0,99.312,1758.0,99.45683333333334,1494.0,98.77270833333334,97.93458333333332,0.0,1.1471666666666667,1.0325416666666667,98.2815,98.58270833333334,96.373875,1.9508333333333334,22.748708333333337,5.86025,50.70291666666666,24.9875,-87.59249999999999,-15.112499999999999,0.7195833333333334,6.072916666666667,8.353333333333333,8.765416666666667,5.091666666666667,37.483333333333334,3152.0,6303.958333333333,44.99208333333333,31.47875,43.65083333333333,17.733333333333334,29.5,3.0395833333333333,-114.93624999999999,25.974999999999998,21.056,3.1277,24.1838,100.0,0.0
2026-08-24,R5-001,R5-001_L2100_S2,R5,L2100,5.0,300.0,99.24241666666667,2487.0,99.48441666666668,2115.0,98.73075,97.92416666666666,0.0,0.4872916666666667,0.43854166666666666,98.21862499999999,98.52187500000001,96.14520833333334,1.9466666666666665,24.03379166666667,5.698,47.626666666666665,23.008333333333336,-95.28083333333332,-9.600833333333332,8.884583333333333,8.688333333333334,8.029166666666667,8.2225,5.3475,21.662499999999998,551.1666666666666,1224.625,45.61041666666667,29.72083333333333,42.47666666666667,24.1125,40.208333333333336,3.8066666666666666,-115.42208333333333,6.9750000000000005,20.3154,3.2459,23.5618,100.0,0.0
2026-08-24,R5-001,R5-001_L2100_S3,R5,L2100,7.0,300.0,99.26575000000001,2606.0,99.50012500000001,2217.0,98.76970833333333,97.93458333333332,0.0,0.5065000000000001,0.4558333333333333,98.37783333333333,98.68604166666667,96.45204166666667,2.0816666666666666,21.539,7.103208333333334,41.235,24.545833333333334,-95.7925,-10.56,8.019583333333333,8.602083333333333,8.44875,7.534583333333333,5.364999999999999,21.087500000000002,594.8333333333334,1321.875,44.57125,28.745416666666667,42.224583333333335,27.316666666666666,46.083333333333336,6.15125,-114.64916666666666,7.458333333333333,39.534,6.0153,45.5492,100.0,0.0
2026-08-24,R5-001,R5-001_L800_S1,R5,L800,3.0,6200.0,99.24904166666666,5268.0,99.44879166666668,4473.0,98.70216666666666,98.00333333333333,0.0,0.47491666666666665,0.42733333333333334,98.41541666666666,98.69029166666667,96.306625,1.9808333333333332,25.8075,3.4538333333333333,59.35,23.604166666666668,-95.84833333333334,-9.935,8.009583333333333,8.60125,7.916250000000001,8.36125,5.327083333333333,21.71666666666667,427.625,950.3333333333334,44.845,25.161666666666665,42.36958333333333,32.362500000000004,50.416666666666664,6.902916666666666,-115.78583333333334,6.608333333333333,36.0566,5.6134,41.6703,100.0,0.0
2026-08-24,R5-001,R5-001_L800_S3,R5,L800,8.0,6200.0,99.26908333333334,4063.0,99.45241666666668,3453.0,98.72566666666667,97.89416666666666,0.0,0.4860416666666667,0.4374166666666666,98.37866666666667,98.64175,96.17433333333334,2.0479166666666666,23.19004166666667,6.935291666666667,51.30375,23.7375,-97.12166666666667,-10.85125,7.069166666666667,8.505833333333333,7.8425,7.709166666666667,5.327916666666667,21.462500000000002,376.5833333333333,836.8333333333334,44.99666666666667,25.182083333333335,41.44625,30.758333333333336,53.583333333333336,8.2225,-115.30291666666666,6.829166666666667,43.5517,4.8484,48.4003,100.0,0.0
2026-08-24,R5-002,R5-002_L1800_S1,R5,L1800,9.0,1650.0,99.23633333333333,4258.0,99.42483333333332,3621.0,98.66566666666667,98.00083333333333,0.0,0.48362499999999997,0.43520833333333336,98.29333333333334,98.6105,96.37891666666667,1.9158333333333333,8.603833333333332,4.8545,18.217499999999998,23.933333333333334,-99.03875,-9.942083333333334,10.14125,8.81375,8.541666666666666,10.0675,5.01375,20.633333333333333,509.4166666666667,1132.0833333333333,71.09541666666667,45.94166666666666,41.97625,58.63333333333333,86.75,14.35875,-114.95916666666666,6.9125000000000005,49.129,3.3861,52.5148,100.0,0.0
2026-08-24,R5-002,R5-002_L1800_S2,R5,L1800,12.0,1650.0,99.22441666666667,1858.0,99.46758333333334,1579.0,98.69620833333333,97.99541666666666,0.0,0.49574999999999997,0.4462083333333333,98.23208333333334,98.53775,96.234625,2.040833333333333,18.267583333333334,4.719458333333333,49.4325,24.175,-96.14916666666666,-8.425833333333333,8.074166666666667,8.606250000000001,8.33625,9.792916666666667,5.965416666666666,20.970833333333335,487.4583333333333,1083.1666666666667,45.82041666666667,26.989583333333332,42.36375,21.270833333333332,28.625,6.0325,-115.63916666666667,7.029166666666666,14.2425,1.7381,15.9807,100.0,0.0
2026-08-24,R5-002,R5-002_L1800_S3,R5,L1800,14.0,1650.0,99.25920833333333,4276.0,99.43275,3635.0,98.69625,98.08666666666666,0.0,0.5056666666666666,0.455,98.28870833333333,98.53254166666666,96.29491666666667,2.025,22.313333333333333,3.4903750000000002,38.544583333333335,25.016666666666666,-95.65500000000002,-9.897499999999999,8.619583333333333,8.662083333333333,8.506666666666666,10.219166666666666,5.367083333333333,21.208333333333332,611.1666666666666,1358.0833333333333,44.25625,32.59666666666667,42.1975,27.2,44.25,6.507916666666667,-115.06458333333335,6.8875,23.2765,2.7859,26.0628,100.0,0.0
2026-08-24,R5-002,R5-002_L2100_S1,R5,L2100,10.0,300.0,99.22375,4284.0,99.44145833333333,3640.0,98.66979166666665,98.10125,0.0,0.4816666666666667,0.43354166666666666,98.25041666666668,98.56962499999999,96.20579166666666,1.8858333333333333,12.685583333333334,3.635291666666667,21.366666666666664,25.445833333333336,-97.41041666666666,-10.137083333333333,9.395416666666668,8.74,8.125833333333334,8.66125,5.370833333333334,22.229166666666668,355.9583333333333,791.2083333333334,47.61166666666667,31.225416666666664,43.838750000000005,25.5,42.541666666666664,4.350833333333333,-115.59166666666665,7.108333333333333,30.6982,3.8318,34.5303,100.0,0.0
2026-08-24,R5-002,R5-002_L2100_S2,R5,L2100,13.0,300.0,99.27974999999999,4682.0,99.42883333333333,3979.0,98.71283333333334,98.07958333333333,0.0,0.47741666666666666,0.429625,98.16820833333333,98.449,96.107375,1.9974999999999998,21.490708333333334,3.8092083333333338,60.98458333333334,24.375,-98.40375,-9.603333333333333,8.62,8.662083333333333,7.87375,9.65625,4.942083333333334,22.295833333333334,328.75,730.7083333333334,46.5075,29.132499999999997,43.55416666666667,29.233333333333334,42.416666666666664,8.676666666666668,-114.88583333333334,7.170833333333333,27.0226,3.4227,30.4455,100.0,0.0
2026-08-24,R5-002,R5-002_L2100_S3,R5,L2100,15.0,300.0,99.24429166666665,1951.0,99.442625,1655.0,98.69104166666666,98.11125,0.0,0.4829583333333333,0.43462500000000004,98.2595,98.54291666666667,96.27816666666666,1.89875,13.764166666666666,6.937124999999999,21.728333333333335,23.650000000000002,-102.39625000000001,-9.606666666666667,6.945833333333333,8.494166666666667,8.215416666666668,8.37625,5.329583333333333,21.229166666666668,387.4583333333333,860.9583333333334,45.83708333333334,28.415833333333335,41.385416666666664,22.525000000000002,37.291666666666664,6.0,-115.35125,7.033333333333334,31.9388,4.9431,36.882,100.0,0.0
2026-08-24,R5-002,R5-002_L800_S1,R5,L800,11.0,6200.0,99.27183333333333,1274.0,99.43316666666668,1082.0,98.70925,98.02875,0.0,0.49441666666666667,0.445,98.213375,98.46604166666667,96.05670833333333,1.9566666666666668,23.3275,6.151791666666667,62.14791666666667,24.275000000000002,-94.16541666666666,-8.884583333333333,6.699166666666667,8.469166666666666,8.4425,9.122083333333334,5.266666666666667,21.329166666666666,611.4583333333334,1358.6666666666667,45.65208333333334,31.469583333333333,42.4325,14.783333333333333,22.041666666666668,2.3666666666666667,-115.36,6.995833333333334,19.3354,2.5392,21.8747,100.0,0.0
2026-08-24,R5-002,R5-002_L800_S3,R5,L800,16.0,6200.0,99.27545833333333,4853.0,99.44391666666667,4128.0,98.72358333333334,97.97000000000001,0.0,0.48304166666666665,0.43474999999999997,98.29341666666666,98.57883333333332,96.16845833333333,1.9349999999999998,25.551125,7.3585416666666665,65.89458333333333,24.27916666666667,-96.76708333333333,-11.85375,7.654583333333334,8.56625,8.1425,7.415833333333333,5.068333333333333,20.245833333333334,321.2083333333333,713.8333333333334,43.55708333333333,24.154583333333335,41.2975,32.46666666666667,49.875,5.620833333333334,-115.4575,6.433333333333334,47.6722,4.6453,52.3174,100.0,0.0
2026-08-24,R5-003,R5-003_L1800_S1,R5,L1800,17.0,1650.0,99.29,3280.0,99.47383333333333,2787.0,98.76754166666666,98.10541666666667,0.0,0.4920833333333334,0.44275,98.31604166666666,98.628375,96.268125,1.8679166666666667,22.30225,5.363125,66.35041666666667,24.004166666666666,-98.73416666666667,-8.998333333333333,6.7941666666666665,8.479166666666666,8.49,10.124583333333334,5.179166666666666,20.895833333333332,467.5,1038.9166666666667,44.51708333333334,34.915,42.52833333333333,27.670833333333334,40.541666666666664,6.6241666666666665,-115.29958333333333,7.2749999999999995,32.2784,2.8384,35.1167,100.0,0.0
2026-08-24,R5-003,R5-003_L1800_S2,R5,L1800,20.0,1650.0,96.64675,4955.0,99.47791666666666,4214.0,96.14254166666666,97.94875,0.0,1.782375,1.6040416666666666,98.29945833333333,98.62825,96.36241666666666,1.945,4.209833333333333,4.218666666666667,12.29625,25.150000000000002,-114.23125,-10.072083333333333,1.1325,5.612916666666667,8.665416666666667,11.2425,35.437916666666666,45.104166666666664,358.3333333333333,796.3333333333334,47.24458333333333,33.63708333333333,43.37166666666667,31.7625,54.708333333333336,6.335416666666667,-115.23875,6.675,28.478,2.4721,30.9499,100.0,0.0
2026-08-24,R5-003,R5-003_L1800_S3,R5,L1800,22.0,1650.0,99.18808333333334,3054.0,99.43066666666665,2595.0,98.62341666666667,98.07333333333332,0.0,0.5198333333333334,0.467625,98.21325,98.52412500000001,96.42695833333333,2.0575,13.389875000000002,3.6629166666666664,22.60166666666667,24.504166666666666,-93.875,-10.730416666666668,8.068333333333333,8.6075,7.871666666666667,6.682083333333334,5.074166666666667,21.258333333333333,613.7083333333334,1364.2083333333333,47.49041666666667,29.0675,42.41125,19.099999999999998,25.125,4.3687499999999995,-115.40333333333332,6.829166666666667,21.5882,3.2569,24.8452,100.0,0.0
2026-08-24,R5-003,R5-003_L2100_S1,R5,L2100,18.0,300.0,99.23908333333333,1362.0,99.46191666666668,1157.0,98.705125,98.04416666666667,0.0,0.5329583333333333,0.4795833333333333,98.29270833333334,98.55895833333334,96.37383333333334,1.9566666666666668,22.437583333333333,3.701083333333333,57.430416666666666,23.8625,-97.99666666666667,-11.300833333333332,8.622083333333334,8.662083333333333,8.109166666666667,7.608333333333333,5.229166666666667,21.59583333333333,503.25,1118.5416666666667,45.998333333333335,31.58583333333333,43.07916666666667,12.620833333333332,20.083333333333332,2.0775,-115.99291666666666,6.554166666666667,10.2495,0.8683,11.1179,100.0,0.0
2026-08-24,R5-003,R5-003_L2100_S2,R5,L2100,21.0,300.0,99.25841666666668,3131.0,99.41608333333333,2660.0,98.67899999999999,97.9425,0.0,0.47858333333333336,0.43074999999999997,98.3275,98.64662500000001,96.26774999999999,1.9854166666666666,12.543750000000001,3.622333333333333,19.84208333333333,24.570833333333336,-96.75833333333333,-10.425833333333333,7.634166666666666,8.562916666666666,7.810833333333334,7.547916666666667,5.2,20.979166666666668,468.6666666666667,1041.5,46.255833333333335,36.67625,44.465833333333336,22.27916666666667,38.291666666666664,3.53375,-115.18875000000001,7.333333333333333,14.0885,2.2459,16.3347,100.0,0.0
2026-08-24,R5-003,R5-003_L2100_S3,R5,L2100,23.0,300.0,99.2205,3484.0,99.45333333333333,2962.0,98.67808333333333,97.96458333333334,0.0,0.483875,0.43554166666666666,98.30866666666667,98.59041666666667,96.25154166666665,1.93,20.781916666666667,5.502541666666667,56.40375,25.441666666666666,-98.94708333333334,-10.409166666666666,10.4125,8.8425,8.396666666666667,10.079166666666667,5.286666666666666,21.329166666666666,318.5,708.0,46.84,27.652083333333334,42.614583333333336,29.891666666666666,42.666666666666664,8.889166666666666,-115.40333333333332,6.795833333333333,30.3258,4.3221,34.6479,100.0,0.0
2026-08-24,R5-003,R5-003_L800_S1,R5,L800,19.0,6200.0,99.243875,3971.0,99.46787499999999,3372.0,98.71575,97.93166666666667,0.0,0.5062083333333333,0.455625,98.31491666666666,98.62987500000001,96.334,2.1258333333333335,12.581458333333332,5.460333333333334,32.86,23.629166666666666,-91.97416666666668,-9.891666666666667,8.684166666666666,8.668333333333333,7.980416666666667,10.300416666666667,5.226666666666667,21.0,323.3333333333333,718.25,45.625416666666666,36.143750000000004,43.252916666666664,27.52916666666667,46.375,4.379166666666666,-114.96708333333333,6.683333333333334,35.1957,5.179,40.3748,100.0,0.0
2026-08-24,R5-003,R5-003_L800_S3,R5,L800,24.0,6200.0,99.27499999999999,2804.0,99.47379166666667,2380.0,98.752875,98.0225,0.0,0.49904166666666666,0.44908333333333333,98.17879166666667,98.48795833333332,96.10733333333333,2.16,21.791083333333333,6.274708333333333,33.53125,24.525000000000002,-93.47208333333333,-9.480833333333333,6.587916666666666,8.459166666666667,7.7375,8.977083333333333,5.1345833333333335,19.845833333333335,494.7083333333333,1099.1666666666667,44.62375,31.81958333333333,42.193333333333335,17.445833333333333,24.666666666666668,3.9458333333333333,-115.315,6.641666666666667,20.729,2.0244,22.7537,100.0,0.0
2026-08-24,R5-004,R5-004_L1800_S1,R5,L1800,25.0,1650.0,99.22075,4496.0,99.443375,3825.0,98.66858333333333,98.16583333333334,0.0,0.47658333333333336,0.429,98.346,98.700875,96.21766666666667,1.9233333333333331,23.25583333333333,6.28325,35.63375,23.333333333333332,-100.16833333333334,-10.387083333333333,9.509166666666667,8.750833333333334,8.156666666666666,6.9125000000000005,5.1258333333333335,20.358333333333334,334.25,742.9166666666666,44.48916666666667,25.880416666666665,39.39,31.325,52.208333333333336,4.89625,-115.04583333333333,7.320833333333333,20.6576,2.5811,23.2388,100.0,0.0
2026-08-24,R5-004,R5-004_L1800_S2,R5,L1800,28.0,1650.0,99.25495833333333,2763.0,99.43608333333333,2346.0,98.695375,98.07125,0.0,1.5747499999999999,1.4173333333333333,98.23975,98.65875,96.37066666666668,2.0795833333333333,13.767041666666666,7.515583333333333,36.19958333333333,23.825,-105.65708333333333,-11.123750000000001,5.26625,8.5925,8.6175,7.893750000000001,19.99083333333333,21.045833333333334,322.625,716.875,45.1025,27.277083333333334,44.22416666666667,16.849999999999998,26.125,3.92625,-115.1175,7.304166666666667,13.2382,1.3221,14.56,100.0,0.0
2026-08-24,R5-004,R5-004_L1800_S3,R5,L1800,30.0,1650.0,99.28316666666666,2912.0,99.46945833333332,2476.0,98.75654166666668,98.05708333333332,0.0,0.49370833333333336,0.4442916666666667,98.34645833333333,98.62966666666667,96.359125,2.0158333333333336,21.017541666666666,7.2687083333333335,55.4,23.741666666666664,-101.96458333333334,-9.248333333333333,4.919583333333334,8.291666666666666,8.44,8.294583333333334,5.3374999999999995,21.308333333333334,513.125,1140.25,44.54083333333333,34.06791666666667,40.7175,34.145833333333336,61.166666666666664,9.61875,-115.56958333333334,7.095833333333334,20.5894,2.5489,23.1384,100.0,0.0
2026-08-24,R5-004,R5-004_L2100_S1,R5,L2100,26.0,300.0,99.25933333333334,3166.0,99.48858333333334,2693.0,98.751875,98.045,0.0,0.511875,0.4606666666666666,98.251125,98.596875,96.1635,1.8525,15.373875,7.339958333333333,44.03958333333333,23.641666666666666,-95.39875,-8.741666666666667,9.3225,8.732916666666666,7.913333333333333,9.11875,5.450833333333333,19.933333333333334,525.75,1168.4166666666667,46.39791666666667,31.676666666666666,42.845416666666665,27.554166666666664,46.541666666666664,4.8475,-115.10083333333334,7.404166666666666,34.1999,5.3199,39.5195,100.0,0.0
2026-08-24,R5-004,R5-004_L2100_S2,R5,L2100,29.0,300.0,99.23045833333333,3696.0,99.41941666666666,3141.0,98.654375,98.0575,0.0,0.4867916666666667,0.43825000000000003,98.24004166666667,98.52008333333333,96.32708333333333,2.0437499999999997,16.55125,4.768958333333333,26.915833333333335,24.96666666666667,-101.87625000000001,-10.02,7.9745833333333325,8.5975,8.602916666666667,11.003333333333332,5.38375,22.354166666666668,550.5,1223.1666666666667,46.00875,28.194166666666664,42.92166666666666,24.925,38.25,6.9679166666666665,-115.15499999999999,6.7124999999999995,32.2203,5.1201,37.3405,100.0,0.0
2026-08-24,R5-004,R5-004_L2100_S3,R5,L2100,31.0,300.0,99.25025,3933.0,99.46575,3343.0,98.72025000000001,98.00875,0.0,0.49395833333333333,0.44450000000000006,98.33691666666665,98.59266666666667,96.239875,2.0108333333333333,25.242833333333333,7.251833333333334,74.6525,24.433333333333334,-96.07833333333333,-8.2025,7.2370833333333335,8.522916666666665,8.564166666666667,9.365833333333333,5.1175,22.162499999999998,327.125,726.9166666666666,44.37583333333333,29.95,40.64,25.27916666666667,34.25,4.55875,-114.89541666666666,6.816666666666666,36.493,5.2594,41.7524,100.0,0.0
2026-08-24,R5-004,R5-004_L800_S1,R5,L800,27.0,6200.0,99.20741666666667,3747.0,99.48191666666666,3185.0,98.69366666666667,97.90583333333332,0.0,0.49066666666666664,0.4417083333333333,98.364125,98.64437500000001,96.46050000000001,1.9979166666666668,23.80179166666667,4.837416666666667,51.0,23.40833333333333,-99.1125,-10.302083333333334,5.8,8.38,8.319166666666666,10.762916666666667,5.15875,21.616666666666664,591.2083333333334,1313.9166666666667,44.62416666666667,31.818749999999998,42.92458333333334,30.920833333333334,44.666666666666664,7.302083333333333,-115.09249999999999,6.658333333333334,43.4347,6.7664,50.2006,100.0,0.0
2026-08-24,R5-004,R5-004_L800_S3,R5,L800,32.0,6200.0,99.236125,3098.0,99.42104166666667,2634.0,98.66166666666668,97.96416666666666,0.0,0.49058333333333337,0.4415,98.27554166666665,98.53704166666667,96.35233333333333,1.9858333333333331,20.936125,5.377416666666666,59.94916666666666,24.8125,-96.13125000000001,-11.352083333333333,6.716666666666666,8.470833333333333,8.122083333333334,7.75,4.867083333333333,20.48333333333333,397.0,882.0416666666666,48.423750000000005,32.29958333333334,44.709583333333335,26.46666666666667,40.541666666666664,7.0683333333333325,-115.01625,6.541666666666667,19.9065,2.4362,22.3432,100.0,0.0
2026-08-24,R5-005,R5-005_L1800_S1,R5,L1800,33.0,1650.0,97.683125,2975.0,99.46691666666668,2532.0,97.16250000000001,88.30291666666666,0.0,1.4819166666666668,1.3337916666666667,98.24341666666668,98.54950000000001,96.07683333333334,1.8841666666666665,24.122208333333333,2.07225,70.105,23.916666666666668,-91.34166666666665,-9.2675,8.451666666666666,8.645,8.1975,6.585833333333333,5.109583333333333,21.045833333333334,345.0,766.625,46.00833333333333,34.62708333333333,41.553333333333335,24.97083333333333,38.0,4.37875,-100.48708333333333,39.925000000000004,19.9327,2.2228,22.1551,100.0,0.0
2026-08-24,R5-005,R5-005_L1800_S2,R5,L1800,36.0,1650.0,99.29516666666666,4343.0,99.43108333333333,3691.0,98.73033333333332,98.08166666666666,0.0,0.5015833333333334,0.45145833333333335,98.33970833333332,98.67625,96.37283333333333,1.9991666666666665,16.110666666666667,6.766958333333334,37.65875,23.729166666666668,-96.23833333333334,-11.307916666666666,8.65,8.667083333333332,8.090833333333334,7.4025,5.399583333333333,21.504166666666666,562.2916666666666,1249.4166666666667,46.01208333333333,26.58583333333333,42.57041666666667,27.995833333333334,36.916666666666664,6.591666666666666,-114.83166666666666,6.854166666666667,18.5854,2.8437,21.4291,100.0,0.0
2026-08-24,R5-005,R5-005_L1800_S3,R5,L1800,38.0,1650.0,99.24841666666667,3404.0,99.415125,2892.0,98.66812499999999,98.00541666666668,0.0,0.5047916666666666,0.454375,98.28454166666667,98.61183333333334,96.05675000000001,2.1191666666666666,16.708916666666667,4.9725,27.480833333333333,23.625,-95.22541666666666,-10.971666666666666,5.584583333333334,8.358333333333333,8.169583333333334,9.627916666666666,5.37375,19.8625,440.25,978.3333333333334,45.83833333333333,33.29291666666666,40.275416666666665,31.583333333333332,47.0,7.217083333333334,-115.06,6.779166666666666,21.9515,2.8301,24.7814,100.0,0.0
2026-08-24,R5-005,R5-005_L2100_S1,R5,L2100,34.0,300.0,99.21033333333332,5367.0,99.42954166666668,4561.0,98.64454166666667,98.1025,0.0,0.48570833333333335,0.4370416666666666,98.276125,98.58420833333334,96.278125,1.9749999999999999,24.994625,4.165958333333333,57.91291666666667,22.883333333333336,-96.47833333333334,-10.7325,6.859583333333333,8.486666666666666,7.9875,8.41625,5.1154166666666665,21.266666666666666,561.5833333333334,1247.75,45.5975,30.615,40.400416666666665,33.21666666666667,49.416666666666664,7.3975,-115.395,7.483333333333333,31.1533,3.1418999999999997,34.2951,100.0,0.0
2026-08-24,R5-005,R5-005_L2100_S2,R5,L2100,37.0,300.0,99.2395,2103.0,99.45395833333333,1786.0,98.69766666666668,98.04208333333334,0.0,0.46458333333333335,0.41825,98.30062500000001,98.58924999999999,96.509125,1.9041666666666668,19.247708333333332,3.66675,35.95708333333334,24.116666666666664,-94.19208333333334,-10.255,8.4475,8.644166666666667,8.39,7.39125,5.445,21.745833333333334,367.0,815.5833333333334,46.56916666666667,31.535,43.73041666666666,19.979166666666668,34.708333333333336,3.625,-115.10458333333332,6.570833333333333,22.2224,2.7351,24.9574,100.0,0.0
2026-08-24,R5-005,R5-005_L2100_S3,R5,L2100,39.0,300.0,99.29412500000001,1312.0,99.41362500000001,1113.0,98.71191666666665,98.02125000000001,0.0,0.522,0.46975000000000006,98.33958333333334,98.676125,96.659375,1.9845833333333334,20.9885,3.9457083333333336,34.61333333333334,23.920833333333334,-97.77083333333333,-10.167916666666667,9.265416666666667,8.727083333333333,8.159583333333332,8.08875,4.977083333333334,22.77916666666667,415.2916666666667,923.125,46.95375000000001,29.235416666666666,41.80916666666667,12.112499999999999,20.0,3.315,-115.42541666666666,7.4125000000000005,13.150500000000001,1.7145,14.8654,100.0,0.0
2026-08-24,R5-005,R5-005_L800_S1,R5,L800,35.0,6200.0,99.243125,1152.0,99.50529166666666,979.0,98.75233333333334,97.94708333333334,0.0,0.528,0.47529166666666667,98.33591666666666,98.64779166666666,96.336875,2.0633333333333335,18.293958333333332,4.3109166666666665,53.01,23.175,-96.28458333333333,-9.575833333333334,6.673749999999999,8.467916666666666,7.995416666666667,8.007916666666667,5.2299999999999995,21.429166666666664,504.2083333333333,1120.4583333333333,46.9975,31.970833333333335,41.83541666666667,12.65,18.083333333333332,2.067083333333333,-115.30333333333334,7.2,15.2377,1.8574,17.0951,100.0,0.0
2026-08-24,R5-005,R5-005_L800_S3,R5,L800,40.0,6200.0,99.2355,2288.0,99.39129166666667,1945.0,98.63166666666666,98.08083333333333,0.0,0.5120833333333333,0.46091666666666664,98.27999999999999,98.54508333333332,96.16216666666666,2.0320833333333335,17.579125,5.512041666666666,49.17291666666667,24.179166666666664,-93.77666666666666,-8.471666666666666,6.6675,8.46625,8.65875,11.104999999999999,5.347916666666666,20.495833333333334,416.3333333333333,925.0833333333334,47.44333333333333,31.4375,42.951249999999995,15.308333333333332,24.0,4.505,-114.91875,6.804166666666667,18.5866,2.591,21.1777,100.0,0.0
2026-08-24,R5-006,R5-006_L1800_S1,R5,L1800,41.0,1650.0,99.23254166666668,2664.0,99.44720833333334,2263.0,98.68404166666666,98.06875000000001,0.0,0.5034583333333333,0.45316666666666666,98.28133333333334,98.57362499999999,96.21395833333334,2.06,23.927375,4.480208333333334,67.57000000000001,24.183333333333334,-100.94,-9.731250000000001,6.7275,8.472083333333334,7.873333333333334,6.83875,5.375,20.366666666666667,325.375,723.0416666666666,45.18,26.449583333333333,42.937083333333334,24.974999999999998,34.791666666666664,5.756666666666667,-115.515,6.670833333333333,19.7893,2.9338,22.7229,100.0,0.0
2026-08-24,R5-006,R5-006_L1800_S2,R5,L1800,44.0,1650.0,99.27191666666666,3336.0,99.47308333333332,2834.0,98.748875,98.03875,0.0,0.4995833333333333,0.4495833333333333,98.32054166666666,98.65695833333332,96.39070833333334,1.9216666666666666,24.0,7.082,67.05499999999999,22.78333333333333,-96.87708333333332,-9.005416666666667,5.803333333333334,8.380416666666667,8.547916666666667,10.596666666666666,5.18,20.645833333333332,388.2916666666667,862.7916666666666,46.61166666666667,34.22416666666667,42.91083333333333,31.6125,51.25,7.564166666666666,-115.13208333333334,7.120833333333334,35.5496,4.8717,40.4212,100.0,0.0
2026-08-24,R5-006,R5-006_L1800_S3,R5,L1800,46.0,1650.0,99.26066666666667,4689.0,99.19620833333333,3989.0,98.46279166666666,98.0175,20.0,0.5340416666666666,0.48070833333333335,98.239875,98.474,96.35449999999999,1.8733333333333333,7.479208333333333,4.7636666666666665,18.00166666666667,22.983333333333334,-95.74083333333334,-10.831249999999999,8.1275,8.613333333333333,8.44125,10.64125,5.114166666666667,21.59583333333333,519.7916666666666,1155.2916666666667,75.63458333333334,51.40083333333333,74.94166666666666,70.85000000000001,125.625,19.548333333333332,-115.31083333333333,6.8500000000000005,107.1698,6.8957999999999995,114.0656,100.0,0.0
2026-08-24,R5-006,R5-006_L2100_S1,R5,L2100,42.0,300.0,99.24475,5702.0,99.42754166666667,4847.0,98.67666666666666,98.05083333333333,0.0,0.503875,0.45345833333333335,98.22366666666666,98.55291666666666,96.105,1.9633333333333332,22.694625000000002,6.834791666666667,64.48583333333333,24.366666666666664,-96.27875,-11.375416666666666,8.1425,8.61375,8.463333333333333,10.064583333333333,5.523333333333333,21.933333333333334,388.9166666666667,864.375,44.880833333333335,30.864166666666666,43.580000000000005,34.016666666666666,54.708333333333336,6.026666666666667,-115.08749999999999,6.304166666666667,45.7543,6.3558,52.1101,100.0,0.0
2026-08-24,R5-006,R5-006_L2100_S2,R5,L2100,45.0,300.0,99.25970833333334,3459.0,99.45354166666668,2936.0,98.71733333333333,97.84833333333334,0.0,0.4925833333333334,0.443375,98.32833333333333,98.58141666666667,96.45808333333333,1.9616666666666667,17.274874999999998,5.991625,42.07,22.933333333333334,-96.65958333333333,-9.32875,8.704166666666667,8.670833333333333,8.27,8.323333333333332,5.175833333333333,21.004166666666666,457.2083333333333,1015.7916666666666,47.49166666666667,32.62625,40.57333333333333,28.245833333333334,45.916666666666664,6.68875,-115.14833333333333,7.308333333333334,33.7531,4.9565,38.7095,100.0,0.0
2026-08-24,R5-006,R5-006_L2100_S3,R5,L2100,47.0,300.0,99.294625,1668.0,99.40566666666666,1414.0,98.70462500000001,98.0625,0.0,0.49304166666666666,0.4438333333333333,98.38133333333333,98.69316666666667,96.53191666666667,2.05625,20.364208333333334,4.5175,36.74375,24.204166666666666,-93.88041666666668,-10.719583333333333,10.306666666666667,8.83,7.920833333333333,9.436666666666666,5.0062500000000005,21.033333333333335,390.0833333333333,866.8333333333334,46.60166666666667,34.78916666666667,41.30041666666667,13.987499999999999,19.958333333333332,4.1325,-115.31041666666665,7.7124999999999995,19.5397,2.5945,22.1339,100.0,0.0
2026-08-24,R5-006,R5-006_L800_S1,R5,L800,43.0,6200.0,99.24516666666666,2513.0,99.44324999999999,2133.0,98.692625,97.93541666666665,0.0,0.49774999999999997,0.4479583333333333,98.23054166666667,98.48229166666665,96.34083333333332,2.0283333333333333,18.179291666666668,5.908916666666666,28.199166666666667,23.516666666666666,-93.69791666666667,-8.447916666666666,7.8525,8.584999999999999,7.923749999999999,9.709583333333333,5.415416666666666,20.804166666666667,402.875,895.3333333333334,44.786249999999995,26.82625,44.199999999999996,21.34166666666667,33.583333333333336,3.6637500000000003,-115.10625,6.783333333333334,30.5029,3.9148,34.4173,100.0,0.0
2026-08-24,R5-006,R5-006_L800_S3,R5,L800,48.0,6200.0,99.23916666666668,2143.0,99.50208333333335,1820.0,98.745,97.96541666666667,0.0,0.49145833333333333,0.4423333333333333,98.35374999999999,98.613625,96.30020833333333,1.9845833333333334,20.89529166666667,5.776416666666666,46.817083333333336,24.204166666666666,-98.66041666666666,-12.279583333333333,5.944166666666667,8.393749999999999,7.899166666666666,7.302916666666667,4.64125,20.583333333333332,368.25,818.4166666666666,44.69416666666667,29.078333333333333,43.46083333333333,24.787499999999998,38.25,6.992916666666667,-115.52208333333334,6.895833333333333,19.7626,2.9982,22.7607,100.0,0.0
2026-08-24,R5-007,R5-007_L1800_S1,R5,L1800,49.0,1650.0,99.27516666666666,1519.0,99.4375,1292.0,98.71662500000001,97.92041666666667,0.0,0.5112083333333334,0.46012499999999995,98.40125,98.7435,96.49741666666667,2.0341666666666667,19.199416666666668,6.584666666666667,43.62375,22.59166666666667,-97.42291666666667,-10.132916666666667,7.6725,8.567916666666667,8.37125,10.056666666666667,5.31,20.633333333333333,574.5,1276.7916666666667,45.15416666666667,27.067916666666665,42.42583333333334,16.2,26.375,4.034166666666667,-115.06124999999999,6.670833333333333,14.685599999999999,1.334,16.0195,100.0,0.0
2026-08-24,R5-007,R5-007_L1800_S2,R5,L1800,52.0,1650.0,99.239875,982.0,99.43775,831.0,98.68204166666668,98.11291666666666,0.0,0.5134166666666666,0.46208333333333335,98.32566666666666,98.61233333333332,96.3055,1.9770833333333335,26.140708333333333,5.32975,61.201249999999995,23.945833333333336,-95.185,-11.70375,6.479583333333333,8.448333333333332,8.599583333333333,10.490833333333333,5.10875,20.320833333333333,402.8333333333333,894.9166666666666,43.29125,27.38,42.37416666666667,10.466666666666667,16.291666666666668,1.7891666666666666,-115.42208333333333,7.179166666666666,9.042300000000001,0.8611,9.9034,100.0,0.0
2026-08-24,R5-007,R5-007_L1800_S3,R5,L1800,54.0,1650.0,99.249375,2198.0,99.443375,1868.0,98.69704166666666,98.19375000000001,0.0,0.52175,0.4695833333333333,98.367375,98.6225,96.46024999999999,2.0779166666666664,19.351875,4.502541666666667,45.055416666666666,24.400000000000002,-101.69333333333333,-11.050833333333332,8.195416666666667,8.619166666666667,8.225833333333332,6.885000000000001,5.236666666666667,20.954166666666666,410.8333333333333,912.7916666666666,45.23374999999999,31.281666666666666,43.150416666666665,24.5125,40.125,6.72625,-115.26708333333333,6.683333333333334,20.2357,2.6225,22.8583,100.0,0.0
2026-08-24,R5-007,R5-007_L2100_S1,R5,L2100,50.0,300.0,99.24175000000001,4086.0,99.43745833333332,3472.0,98.68358333333333,98.08999999999999,0.0,0.4879583333333333,0.43916666666666665,98.13720833333333,98.53966666666666,96.02416666666666,1.8495833333333334,18.688041666666667,5.529083333333333,35.473333333333336,23.712500000000002,-92.92541666666666,-8.2525,10.509166666666667,8.85125,8.194583333333334,10.0175,5.00125,20.141666666666666,554.4166666666666,1232.0416666666667,44.88458333333333,33.889583333333334,40.99041666666667,32.69166666666667,52.375,7.51125,-115.31083333333333,6.729166666666667,40.1154,3.213,43.3283,100.0,0.0
2026-08-24,R5-007,R5-007_L2100_S2,R5,L2100,53.0,300.0,94.32158333333332,1138.0,95.53866666666666,968.0,90.11408333333333,91.45208333333333,0.0,0.49783333333333335,0.448,98.26212500000001,98.60220833333334,96.0895,2.0279166666666666,12.908583333333333,7.368958333333333,25.205,23.825,-94.43708333333332,-9.45375,6.575833333333333,8.457083333333333,8.009166666666667,9.680833333333334,5.0320833333333335,21.26666666666667,533.2916666666666,1185.2916666666667,47.630833333333335,34.36875,67.81583333333333,10.970833333333333,18.166666666666668,2.8820833333333336,-114.78875,7.545833333333333,7.3326,0.6622,7.9951,100.0,0.0
2026-08-24,R5-007,R5-007_L2100_S3,R5,L2100,55.0,300.0,99.20083333333334,2207.0,99.50675,1876.0,98.71158333333334,97.8075,0.0,0.502125,0.4519583333333333,98.242,98.52445833333333,96.17399999999999,2.098333333333333,25.090041666666668,7.216583333333333,46.824999999999996,25.333333333333332,-98.3325,-10.1,7.465,8.54625,8.94875,10.457083333333333,5.050416666666666,20.570833333333333,323.5,719.0,46.992916666666666,37.362500000000004,43.21666666666667,15.320833333333333,26.416666666666668,3.395,-115.18875000000001,7.183333333333334,9.4408,1.0321,10.473,100.0,0.0
2026-08-24,R5-007,R5-007_L800_S1,R5,L800,51.0,6200.0,99.25462499999999,1123.0,99.45762500000001,957.0,98.71641666666666,98.055,0.0,0.4939166666666666,0.4442916666666667,98.31783333333334,98.66916666666667,96.32408333333335,1.9895833333333333,17.019666666666666,3.4130000000000003,28.25583333333333,23.579166666666666,-98.25208333333335,-11.272083333333333,6.784583333333334,8.479166666666666,8.497916666666667,10.1425,5.347083333333334,21.175,416.625,926.0833333333334,44.553333333333335,33.1225,43.75625,10.512500000000001,17.416666666666668,2.53875,-114.93166666666667,7.083333333333333,14.6218,1.2014,15.8231,100.0,0.0
2026-08-24,R5-007,R5-007_L800_S3,R5,L800,56.0,6200.0,99.28795833333334,1076.0,99.46787499999999,916.0,98.75966666666666,98.11708333333333,0.0,0.519625,0.467625,98.39337499999999,98.71791666666667,96.49354166666666,1.9366666666666665,15.028041666666667,6.6020416666666675,23.340416666666666,24.133333333333336,-96.36958333333332,-10.449583333333333,6.377083333333334,8.437083333333334,8.215416666666666,7.71375,5.175833333333333,21.40833333333333,561.5833333333334,1247.5833333333333,45.536249999999995,34.413333333333334,43.177083333333336,11.325000000000001,16.375,1.9662499999999998,-115.1675,7.045833333333333,8.1084,0.9946,9.1033,100.0,0.0
2026-08-24,R5-008,R5-008_L1800_S1,R5,L1800,57.0,1650.0,99.25445454545455,1564.0,99.46236363636363,1327.0,98.72077272727273,98.12166666666667,0.0,0.5092916666666667,0.45825,98.3125,98.64883333333334,96.41970833333333,2.049166666666667,14.114083333333333,5.368458333333333,32.03375,23.47083333333333,-102.10083333333334,-9.957916666666668,6.13,8.413333333333332,8.508333333333333,8.600416666666666,5.346666666666667,20.870833333333334,320.875,713.0833333333334,43.36166666666667,28.296666666666667,44.24583333333334,16.170833333333334,25.083333333333332,4.3133333333333335,-114.96499999999999,7.1000000000000005,23.4265,1.9828000000000001,25.4092,93.23866666666667,97.3
2026-08-24,R5-008,R5-008_L1800_S2,R5,L1800,60.0,1650.0,99.25520833333333,2818.0,99.45283333333333,2396.0,98.712,97.99166666666667,0.0,0.49004166666666665,0.4410416666666667,98.26466666666666,98.54412500000001,96.38983333333334,2.0708333333333333,17.69695833333333,6.335041666666666,45.025,23.462500000000002,-96.34125,-12.640833333333333,7.3429166666666665,8.53375,8.1175,8.0175,5.123333333333334,20.820833333333333,333.0,740.0416666666666,44.73791666666667,32.718333333333334,41.527499999999996,17.404166666666665,29.916666666666668,3.419166666666667,-115.15541666666667,7.7124999999999995,10.919,1.6687,12.5878,100.0,0.0
2026-08-24,R5-008,R5-008_L1800_S3,R5,L1800,62.0,1650.0,99.27550000000001,2755.0,99.399,2343.0,98.67891666666667,97.95541666666666,0.0,0.4799166666666667,0.4319583333333334,98.28325,98.58774999999999,96.43570833333332,1.955,22.490875,5.152958333333333,50.662083333333335,23.895833333333332,-101.69749999999999,-9.977916666666667,7.050416666666667,8.505833333333333,7.9383333333333335,8.637916666666667,5.55125,20.9875,395.9583333333333,879.9166666666666,45.7525,31.287499999999998,41.899166666666666,21.445833333333336,34.583333333333336,4.291666666666667,-115.11416666666666,6.879166666666666,15.551,2.0195,17.5706,100.0,0.0
2026-08-24,R5-008,R5-008_L2100_S1,R5,L2100,58.0,300.0,99.24166666666667,4360.0,99.46183333333333,3705.0,98.70783333333333,98.02416666666666,0.0,0.5169166666666667,0.46529166666666666,98.36220833333334,98.67420833333334,96.45112499999999,2.145,21.725083333333334,5.8457083333333335,49.57208333333333,24.8875,-93.21583333333332,-11.521666666666667,7.196666666666666,8.520833333333334,8.405416666666666,9.874583333333334,5.0874999999999995,21.104166666666668,382.375,849.875,44.635416666666664,29.421666666666667,43.209583333333335,30.241666666666664,53.291666666666664,6.36625,-115.27749999999999,6.3999999999999995,43.9985,5.6916,49.6897,100.0,0.0
2026-08-24,R5-008,R5-008_L2100_S2,R5,L2100,61.0,300.0,99.27662500000001,1717.0,99.46383333333334,1459.0,98.74433333333333,98.08541666666667,0.0,0.5136666666666666,0.46216666666666667,98.312875,98.585125,96.31645833333333,2.02875,21.10654166666667,7.263125,37.986250000000005,25.245833333333334,-93.67125,-9.8825,4.7995833333333335,8.279166666666667,8.481250000000001,10.085416666666667,5.139583333333333,20.683333333333334,548.0,1217.625,45.458333333333336,35.0425,42.456250000000004,12.987499999999999,22.083333333333332,3.1641666666666666,-115.31916666666666,6.916666666666667,9.4067,0.9926,10.3993,100.0,0.0
2026-08-24,R5-008,R5-008_L2100_S3,R5,L2100,63.0,300.0,99.25195833333333,2723.0,99.44479166666667,2313.0,98.70095833333333,98.19875,0.0,0.5497083333333334,0.4947083333333333,98.32724999999999,98.67770833333333,96.33575,2.0770833333333334,23.989541666666668,5.709125,45.12166666666667,23.8125,-97.85958333333333,-9.635,8.610833333333334,8.661666666666667,8.147499999999999,7.836666666666666,5.419583333333333,21.087500000000002,340.1666666666667,755.7916666666666,45.96875,31.457083333333333,43.59125,16.958333333333332,28.083333333333332,3.26,-115.21666666666665,7.233333333333333,12.9899,1.1745,14.164,100.0,0.0
2026-08-24,R5-008,R5-008_L800_S1,R5,L800,59.0,6200.0,99.25170833333334,4938.0,99.44691666666667,4196.0,98.70279166666667,98.10625,0.0,0.5032916666666667,0.453,98.28820833333333,98.68083333333334,96.22858333333333,2.1395833333333334,20.048375,6.7564166666666665,30.809583333333332,23.816666666666666,-97.52041666666666,-9.9475,7.701250000000001,8.570833333333333,8.396666666666667,7.692916666666666,5.4054166666666665,21.491666666666664,496.8333333333333,1104.1666666666667,46.020833333333336,36.662083333333335,42.236666666666665,34.166666666666664,55.833333333333336,9.866249999999999,-115.34458333333333,7.425,47.2106,6.2948,53.5058,100.0,0.0
2026-08-24,R5-008,R5-008_L800_S3,R5,L800,64.0,6200.0,99.23054166666667,4500.0,99.43779166666667,3823.0,98.67275000000001,97.98958333333333,0.0,0.4837916666666667,0.43545833333333334,98.382,98.72395833333333,96.43225,2.1266666666666665,17.379916666666666,6.438,29.689166666666665,22.979166666666668,-97.62333333333333,-9.676666666666668,9.641666666666667,8.764166666666666,7.97,7.207083333333333,5.12375,20.6125,391.0,868.875,44.904583333333335,33.80375,42.129583333333336,30.90833333333333,46.833333333333336,7.795000000000001,-115.16875,6.766666666666667,44.3978,5.2461,49.6434,100.0,0.0
2026-08-24,R5-009,R5-009_L1800_S1,R5,L1800,65.0,1650.0,99.229375,3967.0,99.486125,3375.0,98.71970833333334,97.92083333333333,0.0,0.483125,0.43483333333333335,98.20966666666668,98.44154166666665,96.09220833333335,1.92125,24.949291666666667,6.594124999999999,51.12583333333333,25.170833333333334,-98.63666666666667,-10.939583333333333,10.625833333333334,8.862499999999999,8.01875,9.337916666666667,5.390000000000001,20.695833333333333,529.2916666666666,1176.2083333333333,45.48374999999999,33.224583333333335,42.812916666666666,26.020833333333332,36.708333333333336,4.3950000000000005,-115.11500000000001,6.5249999999999995,28.525,2.5924,31.1179,100.0,0.0
2026-08-24,R5-009,R5-009_L1800_S2,R5,L1800,68.0,1650.0,99.210375,3133.0,99.43066666666665,2662.0,98.645625,97.9325,0.0,0.49395833333333333,0.44458333333333333,98.1925,98.44775,96.24916666666667,1.9495833333333332,20.439375000000002,3.908,40.05041666666667,25.479166666666668,-93.19458333333334,-10.381666666666666,5.884583333333333,8.387916666666667,8.309583333333334,7.788333333333333,5.14625,20.254166666666666,433.875,964.1666666666666,47.01208333333333,28.45625,43.50625,31.650000000000002,56.333333333333336,9.4,-115.19333333333333,7.570833333333333,29.8136,4.562,34.3754,100.0,0.0
2026-08-24,R5-009,R5-009_L1800_S3,R5,L1800,70.0,1650.0,99.25008333333334,2207.0,99.43929166666668,1876.0,98.69387499999999,98.01833333333333,0.0,0.5003333333333333,0.4503333333333333,98.260625,98.57579166666666,96.26158333333335,2.197083333333333,19.597416666666668,4.87525,40.934583333333336,23.53333333333333,-93.11166666666666,-10.61875,7.834166666666667,8.583333333333334,8.500416666666666,10.25125,4.882083333333333,21.929166666666664,385.3333333333333,856.25,45.65208333333334,26.40041666666667,43.58875,19.3625,32.458333333333336,3.2920833333333337,-115.03083333333332,6.258333333333334,23.3477,3.6162,26.9637,100.0,0.0
2026-08-24,R5-009,R5-009_L2100_S1,R5,L2100,66.0,300.0,99.22829166666666,1163.0,99.47458333333333,988.0,98.70708333333333,97.9975,0.0,0.5045000000000001,0.4542083333333333,98.268875,98.57616666666667,96.316875,1.9087500000000002,12.492708333333333,5.518583333333333,37.10666666666666,23.558333333333334,-95.72083333333335,-10.0425,5.314166666666667,8.331666666666667,8.178749999999999,8.377916666666666,5.155,20.8,409.8333333333333,910.9583333333334,45.53458333333333,30.38625,42.160833333333336,12.458333333333334,17.291666666666668,2.1704166666666667,-115.25458333333334,6.9125000000000005,12.1378,1.7953999999999999,13.9334,100.0,0.0
2026-08-24,R5-009,R5-009_L2100_S2,R5,L2100,69.0,300.0,99.23841666666665,1990.0,99.43016666666666,1691.0,98.67329166666667,97.91416666666667,0.0,0.52325,0.47104166666666664,98.40925,98.74795833333333,96.43737499999999,2.0191666666666666,20.019000000000002,4.318875,53.13583333333333,24.229166666666668,-94.90875,-9.834583333333333,6.409166666666667,8.44,8.31625,8.34875,5.275416666666667,20.162499999999998,548.7083333333334,1219.3333333333333,45.209583333333335,32.50208333333333,43.48291666666666,15.075000000000001,24.75,2.419166666666667,-115.20375,6.9875,14.0284,1.4637,15.492,100.0,0.0
2026-08-24,R5-009,R5-009_L2100_S3,R5,L2100,71.0,300.0,99.27458333333334,1349.0,99.4305,1147.0,98.70933333333333,98.13125000000001,0.0,1.1465416666666666,1.0319583333333333,93.30183333333333,93.59995833333333,91.28204166666666,11.02125,18.480125,6.6940833333333325,45.01958333333334,22.870833333333334,-96.20375,-11.285833333333334,5.02625,8.3025,8.177083333333334,7.8675,5.19,20.908333333333335,460.9166666666667,1024.25,44.35833333333333,25.988333333333333,42.18208333333333,11.691666666666668,21.0,2.095,-115.11541666666666,6.691666666666666,7.4854,1.1512,8.6365,100.0,0.0
2026-08-24,R5-009,R5-009_L800_S1,R5,L800,67.0,6200.0,99.24404166666666,3515.0,99.46729166666667,2991.0,98.71545833333333,98.055,0.0,0.5085833333333333,0.457625,98.16508333333333,98.48966666666666,96.31320833333332,1.92,23.891791666666666,3.5239166666666666,70.10416666666667,23.479166666666668,-93.31416666666667,-9.987083333333333,6.12125,8.412083333333333,8.590416666666666,7.968333333333334,5.408333333333334,22.266666666666666,351.1666666666667,780.1666666666666,46.95333333333334,33.64458333333334,42.05583333333333,23.65833333333333,36.375,6.183333333333334,-115.36166666666666,7.05,34.5645,5.1533,39.7178,100.0,0.0
2026-08-24,R5-009,R5-009_L800_S3,R5,L800,72.0,6200.0,99.264,1792.0,99.43408333333333,1523.0,98.70245833333333,98.1425,0.0,0.5057916666666668,0.455125,98.15275000000001,98.520375,96.28779166666668,2.0429166666666667,14.205958333333333,4.094458333333333,29.687083333333334,24.3125,-100.48166666666667,-9.380833333333333,7.429166666666667,8.542916666666667,8.45375,10.535,5.212916666666667,20.275000000000002,428.9583333333333,953.1666666666666,46.317499999999995,27.10666666666667,42.59666666666667,20.691666666666666,35.166666666666664,3.1733333333333333,-115.45708333333333,6.379166666666666,27.1952,2.9718,30.1669,100.0,0.0
2026-08-24,R5-010,R5-010_L1800_S1,R5,L1800,73.0,1650.0,99.22675,2380.0,99.43604166666667,2023.0,98.66729166666666,97.88958333333333,0.0,0.5148333333333334,0.4633333333333333,98.29870833333332,98.64912500000001,96.38083333333333,1.91625,20.517125,5.451958333333334,54.754999999999995,23.0625,-91.73083333333334,-9.757083333333332,7.640000000000001,8.563333333333334,8.307916666666667,8.748333333333333,5.26375,21.412499999999998,566.8333333333334,1259.5416666666667,46.8825,26.88875,42.857499999999995,14.995833333333332,24.541666666666668,2.872916666666667,-115.3525,5.7749999999999995,11.4635,1.2,12.6637,100.0,0.0
2026-08-24,R5-010,R5-010_L1800_S2,R5,L1800,76.0,1650.0,99.26325000000001,1326.0,99.43025,1130.0,98.698,98.07041666666667,0.0,0.5225416666666667,0.47025,98.273375,98.47558333333332,96.47233333333332,1.9570833333333333,26.294833333333333,6.846541666666667,70.37291666666667,23.8625,-94.19,-12.104999999999999,6.77,8.476666666666667,8.2475,10.495,5.0175,21.041666666666668,408.1666666666667,906.9583333333334,45.35375,25.586250000000003,39.68,10.408333333333333,14.25,2.012916666666667,-115.13416666666666,7.016666666666667,9.4018,1.5025,10.9046,100.0,0.0
2026-08-24,R5-010,R5-010_L1800_S3,R5,L1800,78.0,1650.0,99.20587499999999,1629.0,99.43045833333333,1385.0,98.64083333333333,97.96916666666668,0.0,0.5014166666666667,0.45129166666666665,98.28191666666667,98.612375,96.28008333333332,2.060416666666667,13.478041666666668,3.786583333333333,37.224583333333335,23.941666666666666,-98.7075,-9.621666666666666,8.000833333333334,8.600416666666666,8.542916666666667,10.505,5.505416666666666,22.53333333333333,543.7083333333334,1208.0833333333333,47.117916666666666,26.75,42.25958333333333,16.579166666666666,21.833333333333332,4.9054166666666665,-115.38166666666666,6.895833333333333,24.7224,2.7999,27.5217,100.0,0.0
2026-08-24,R5-010,R5-010_L2100_S1,R5,L2100,74.0,300.0,99.26937500000001,2179.0,99.44279166666666,1848.0,98.71645833333334,97.95,0.0,0.49137499999999995,0.44216666666666665,98.19591666666666,98.51566666666668,96.34925,1.9229166666666666,20.594625,4.276458333333333,59.82416666666666,24.141666666666666,-97.3825,-12.136249999999999,6.674166666666667,8.468333333333334,8.201666666666666,8.31875,4.955416666666667,20.558333333333334,357.8333333333333,795.125,44.95583333333334,31.425833333333333,41.47125,14.816666666666668,22.833333333333332,2.74,-115.16166666666668,7.320833333333333,14.0096,1.7334,15.743,100.0,0.0
2026-08-24,R5-010,R5-010_L2100_S2,R5,L2100,77.0,300.0,99.22458333333333,3115.0,99.452375,2650.0,98.68141666666666,97.93583333333333,0.0,0.49979166666666663,0.44975000000000004,98.2745,98.51416666666667,96.46479166666667,1.9820833333333334,26.247125,7.243125,66.78041666666667,23.974999999999998,-97.50625000000001,-10.050416666666667,7.455000000000001,8.545,8.589583333333334,9.029166666666667,5.039583333333334,22.754166666666666,577.7916666666666,1284.0,45.718333333333334,28.551666666666666,42.709583333333335,33.87083333333333,57.833333333333336,6.307083333333334,-114.99874999999999,7.179166666666667,26.9122,2.9732000000000003,29.8855,100.0,0.0
2026-08-24,R5-010,R5-010_L2100_S3,R5,L2100,79.0,300.0,99.265625,1970.0,99.51004166666667,1676.0,98.77945833333332,98.0625,0.0,0.5162083333333333,0.46449999999999997,98.24920833333333,98.55129166666666,96.14470833333333,1.9533333333333331,21.458875000000003,4.535958333333333,48.8525,24.495833333333334,-103.16166666666668,-11.413333333333334,7.510833333333333,8.550833333333333,8.194166666666666,10.093333333333334,5.3500000000000005,21.229166666666668,612.2916666666666,1360.875,46.27333333333333,26.549166666666665,41.4775,14.704166666666666,20.041666666666668,4.00125,-115.23708333333333,7.2625,17.6279,2.5795,20.2074,100.0,0.0
2026-08-24,R5-010,R5-010_L800_S1,R5,L800,75.0,6200.0,99.24129166666667,4326.0,99.45729166666666,3673.0,98.70258333333334,98.11874999999999,0.0,0.48625,0.4375833333333334,98.439125,98.698125,96.54991666666666,2.0500000000000003,26.343791666666664,7.1767916666666665,52.251666666666665,23.429166666666664,-95.58208333333333,-10.105833333333333,8.500833333333334,8.650416666666667,8.364166666666668,7.134166666666666,5.485416666666667,19.204166666666666,578.75,1286.0833333333333,44.50958333333333,31.187916666666666,43.62375,26.583333333333332,47.583333333333336,6.616666666666667,-115.32875,6.470833333333334,38.1136,3.9854,42.0991,100.0,0.0
2026-08-24,R5-010,R5-010_L800_S3,R5,L800,80.0,6200.0,99.23525000000001,1726.0,99.45441666666666,1465.0,98.69379166666666,98.05208333333333,0.0,0.502625,0.45237499999999997,98.282625,98.61908333333334,96.20729166666666,2.0391666666666666,25.962166666666665,4.935791666666667,71.57208333333334,24.3,-97.63833333333334,-11.183750000000002,7.005,8.50125,7.817916666666666,6.521249999999999,5.541250000000001,20.270833333333332,575.0416666666666,1277.9166666666667,46.12875,30.46166666666667,43.58083333333334,12.208333333333334,16.208333333333332,2.098333333333333,-115.0025,7.175,17.6873,2.261,19.9482,100.0,0.0
2026-08-25,R5-001,R5-001_L1800_S1,R5,L1800,1.0,1650.0,99.24325,3585.0,99.48162500000001,3050.0,98.728875,98.0425,0.0,0.496,0.44645833333333335,98.22616666666666,98.515,96.19462499999999,1.89,17.427041666666668,4.676916666666666,39.06541666666667,23.604166666666668,-99.72083333333335,-11.1075,8.291666666666666,8.629166666666666,8.50125,6.934583333333333,5.2749999999999995,20.570833333333333,438.5833333333333,974.6666666666666,46.30625,35.797916666666666,42.2925,30.833333333333332,44.833333333333336,5.055,-115.16333333333334,7.0625,35.6909,3.9295999999999998,39.620400000000004,100.0,0.0
2026-08-25,R5-001,R5-001_L1800_S2,R5,L1800,4.0,1650.0,99.25816666666667,3028.0,99.47104166666666,2573.0,98.73325,97.96291666666667,0.0,0.533625,0.48020833333333335,98.43583333333333,98.73125,96.71995833333334,1.95625,17.637208333333334,5.404916666666666,31.575,24.53333333333333,-95.84208333333333,-9.422083333333333,7.271666666666667,8.527083333333334,8.203333333333333,8.007916666666667,5.229166666666667,21.291666666666668,449.875,999.8333333333334,45.998333333333335,36.02458333333333,42.629583333333336,22.104166666666668,37.583333333333336,5.452500000000001,-114.97833333333334,7.6125,27.5804,4.2135,31.794,100.0,0.0
2026-08-25,R5-001,R5-001_L1800_S3,R5,L1800,6.0,1650.0,99.21795833333333,1909.0,99.49183333333333,1623.0,98.71391666666666,98.00666666666666,0.0,0.4862916666666666,0.43766666666666665,98.36445833333333,98.677,96.36308333333334,1.9045833333333333,17.945041666666665,6.249708333333333,50.090833333333336,23.545833333333334,-103.17666666666666,-11.714583333333332,8.512916666666667,8.650416666666667,8.10375,9.399166666666668,5.225833333333333,21.1875,469.5833333333333,1043.5833333333333,44.55833333333334,30.16416666666667,42.135416666666664,22.733333333333334,38.75,5.059583333333333,-114.94791666666667,7.425000000000001,18.8509,2.1598,21.0105,100.0,0.0
2026-08-25,R5-001,R5-001_L2100_S1,R5,L2100,2.0,300.0,99.247125,1770.0,99.40533333333333,1505.0,98.65708333333333,98.05624999999999,0.0,1.1922083333333333,1.0729166666666667,98.30170833333334,98.53037499999999,96.19270833333333,1.9820833333333334,22.708333333333332,5.803999999999999,50.61208333333334,23.258333333333336,-87.795,-14.879583333333334,1.3404166666666668,6.133333333333333,8.37375,8.787083333333333,5.16,37.5375,3118.7083333333335,6237.5,46.22208333333333,32.339166666666664,43.41416666666667,17.8625,29.666666666666668,3.060833333333333,-115.19416666666666,26.0125,21.2158,3.1517,24.3676,100.0,0.0
2026-08-25,R5-001,R5-001_L2100_S2,R5,L2100,5.0,300.0,99.32933333333334,2515.0,99.45279166666667,2137.0,98.78587499999999,98.03875,0.0,0.49900000000000005,0.44895833333333335,98.34145833333334,98.6175,96.43395833333334,1.9754166666666666,24.087208333333333,5.651541666666667,47.73333333333333,24.383333333333336,-95.89375,-9.582916666666668,8.737499999999999,8.67375,7.83125,8.0175,5.395833333333333,20.691666666666666,548.75,1219.5,45.07375,29.369583333333335,42.19833333333333,24.358333333333334,40.666666666666664,3.845833333333333,-115.5775,7.266666666666667,20.5247,3.2797,23.8039,100.0,0.0
2026-08-25,R5-001,R5-001_L2100_S3,R5,L2100,7.0,300.0,99.22616666666666,2688.0,99.49470833333334,2285.0,98.72491666666667,98.15458333333333,0.0,0.5015833333333334,0.45133333333333336,98.242125,98.50191666666666,96.33745833333334,2.0791666666666666,21.693916666666667,6.922208333333334,41.531666666666666,25.366666666666664,-95.31875000000001,-10.304583333333333,8.015833333333333,8.602083333333333,8.21375,7.3254166666666665,5.308333333333334,22.054166666666664,596.1666666666666,1324.8333333333333,44.810833333333335,28.900833333333335,41.4975,27.691666666666666,46.875,6.237916666666667,-115.44208333333334,6.858333333333333,40.4542,6.1552,46.6093,100.0,0.0
2026-08-25,R5-001,R5-001_L800_S1,R5,L800,3.0,6200.0,99.21300000000001,5392.0,99.46208333333334,4583.0,98.67941666666667,97.97083333333335,0.0,0.48170833333333335,0.4335833333333334,98.31766666666665,98.62333333333333,96.49695833333334,1.9233333333333331,25.90816666666667,3.48075,59.58041666666667,24.516666666666666,-95.51333333333334,-10.057916666666666,8.107083333333334,8.61125,8.339166666666667,8.807083333333333,5.048333333333333,21.370833333333334,428.0416666666667,951.0416666666666,46.38375,26.025833333333335,43.90375,32.78333333333333,51.083333333333336,6.99125,-114.7575,6.5249999999999995,36.747,5.7207,42.468,100.0,0.0
2026-08-25,R5-001,R5-001_L800_S3,R5,L800,8.0,6200.0,99.2885,4347.0,99.41825,3698.0,98.71095833333334,97.89625000000001,0.0,0.5344166666666667,0.48091666666666666,98.280125,98.54775000000001,96.16225000000001,2.06125,22.799833333333336,7.340583333333334,50.44125,24.1875,-97.31333333333333,-11.222083333333332,6.715,8.47125,7.81,7.67625,5.138333333333334,20.845833333333335,377.75,839.4166666666666,45.74,25.597916666666666,42.291666666666664,32.35,56.5,8.649583333333334,-114.82666666666667,7.2124999999999995,46.2655,5.1504,51.4165,100.0,0.0
2026-08-25,R5-002,R5-002_L1800_S1,R5,L1800,9.0,1650.0,99.21887500000001,4099.0,99.45416666666667,3485.0,98.677375,98.04041666666666,0.0,0.4916666666666667,0.4423333333333333,98.26474999999999,98.52308333333333,96.17941666666667,2.0187500000000003,8.663666666666666,4.8312083333333335,18.344583333333333,23.391666666666666,-98.91791666666667,-9.85875,10.63125,8.862916666666667,8.519583333333333,10.041666666666666,4.8933333333333335,20.925,514.875,1144.0833333333333,70.74916666666667,45.717083333333335,43.354166666666664,57.949999999999996,85.79166666666667,14.18625,-114.96625,7.233333333333333,47.841300000000004,3.2971,51.1384,100.0,0.0
2026-08-25,R5-002,R5-002_L1800_S2,R5,L1800,12.0,1650.0,99.26245833333333,1872.0,99.44116666666667,1589.0,98.70804166666666,98.1425,0.0,0.5042916666666667,0.4538333333333333,98.21,98.455375,96.50195833333333,2.0383333333333336,18.384166666666665,4.6455416666666665,49.74916666666667,23.329166666666666,-95.96499999999999,-8.61,7.752083333333334,8.575000000000001,8.546249999999999,10.039583333333333,5.46875,20.45,475.125,1055.9583333333333,45.3425,26.708333333333332,43.66958333333333,21.325,28.791666666666668,6.047083333333333,-114.82375,7.125,14.2972,1.7454,16.0425,100.0,0.0
2026-08-25,R5-002,R5-002_L1800_S3,R5,L1800,14.0,1650.0,99.27541666666667,4383.0,99.42466666666667,3724.0,98.70445833333333,97.97666666666667,0.0,0.4691666666666667,0.4222083333333333,98.32212499999999,98.61033333333334,96.35108333333334,2.17875,21.769499999999997,3.6290416666666663,37.605,23.941666666666666,-95.6425,-9.8125,8.53375,8.65375,8.015833333333333,9.630833333333333,5.364583333333333,21.666666666666668,593.9583333333334,1319.75,46.42333333333334,34.191250000000004,42.178333333333335,27.5625,44.958333333333336,6.5925,-114.66958333333334,7.145833333333333,23.7301,2.8406000000000002,26.5705,100.0,0.0
2026-08-25,R5-002,R5-002_L2100_S1,R5,L2100,10.0,300.0,99.28704166666667,3997.0,99.425125,3397.0,98.71620833333333,98.00583333333333,0.0,0.47875,0.43083333333333335,98.29837500000001,98.608875,96.38754166666666,1.96125,12.551541666666667,3.6478333333333333,21.139583333333334,23.191666666666666,-96.94041666666668,-10.185833333333333,9.738333333333333,8.77375,8.155833333333334,8.69125,5.2975,21.075,354.375,787.5,45.24166666666667,29.672083333333333,42.88375,24.304166666666664,40.416666666666664,4.148333333333333,-115.28375,7.0625,28.8994,3.6074,32.5069,100.0,0.0
2026-08-25,R5-002,R5-002_L2100_S2,R5,L2100,13.0,300.0,99.18179166666665,4628.0,99.438,3936.0,98.62454166666667,98.12333333333333,0.0,0.5127083333333333,0.4613333333333333,98.41858333333333,98.76016666666668,96.27241666666667,1.9991666666666665,20.819625,3.8339583333333334,59.081250000000004,24.820833333333336,-98.315,-9.613333333333333,8.544583333333334,8.654166666666667,8.269583333333333,10.139583333333333,5.347083333333333,22.004166666666666,325.0,722.25,46.46208333333333,29.103333333333335,44.357499999999995,29.445833333333336,42.541666666666664,8.739583333333334,-115.11166666666666,6.916666666666667,26.9422,3.4126,30.3545,100.0,0.0
2026-08-25,R5-002,R5-002_L2100_S3,R5,L2100,15.0,300.0,99.2445,2031.0,99.484,1724.0,98.73237499999999,98.11874999999999,0.0,0.5267499999999999,0.47412499999999996,98.26695833333333,98.58883333333334,96.22420833333332,1.9391666666666667,12.735166666666666,6.8975,20.104166666666668,24.316666666666666,-102.46,-9.5175,6.756666666666667,8.475,8.064583333333333,8.225,5.5616666666666665,21.479166666666668,378.5833333333333,841.375,45.317499999999995,28.094583333333333,43.02041666666667,23.175,38.375,6.175833333333333,-114.87458333333332,6.908333333333334,33.0877,5.1209,38.209,100.0,0.0
2026-08-25,R5-002,R5-002_L800_S1,R5,L800,11.0,6200.0,99.31262500000001,1176.0,99.47683333333333,998.0,98.79337500000001,97.91833333333334,0.0,0.5098333333333334,0.458875,98.22291666666666,98.48866666666667,96.422125,2.0775,24.376833333333334,6.320416666666667,64.94333333333334,23.420833333333334,-94.32083333333333,-8.446666666666667,6.795416666666667,8.48,8.592083333333333,9.284166666666666,5.3220833333333335,20.8125,620.5416666666666,1379.0,44.10583333333333,30.404166666666665,43.00375,13.970833333333333,20.833333333333332,2.236666666666667,-115.65083333333332,7.195833333333333,18.0234,2.3669000000000002,20.3902,100.0,0.0
2026-08-25,R5-002,R5-002_L800_S3,R5,L800,16.0,6200.0,99.24904166666666,5211.0,99.40570833333334,4430.0,98.659375,97.98458333333333,0.0,0.5062083333333333,0.4555833333333334,98.32354166666666,98.64016666666667,96.39,2.0008333333333335,26.087833333333332,7.342666666666666,67.27875,23.995833333333334,-96.75208333333335,-11.592916666666667,7.7124999999999995,8.572083333333333,8.144166666666667,7.416666666666667,5.8825,22.008333333333336,321.2083333333333,713.75,45.587916666666665,25.280833333333334,42.020833333333336,34.454166666666666,53.041666666666664,5.963333333333334,-115.22583333333334,6.5249999999999995,50.9163,4.9614,55.8781,100.0,0.0
2026-08-25,R5-003,R5-003_L1800_S1,R5,L1800,17.0,1650.0,99.24849999999999,3280.0,99.43133333333333,2789.0,98.68425,97.94791666666667,0.0,0.48533333333333334,0.4366666666666667,98.29320833333333,98.51579166666666,96.257625,2.0412500000000002,22.057333333333332,5.503458333333334,65.62041666666667,24.079166666666666,-98.49125,-8.995833333333334,7.041250000000001,8.50375,8.584166666666667,10.237499999999999,5.163333333333333,21.195833333333333,470.625,1045.9583333333333,45.684583333333336,35.83208333333334,40.774166666666666,27.891666666666666,40.75,6.677916666666667,-115.56124999999999,6.8374999999999995,32.3896,2.8483,35.2378,100.0,0.0
2026-08-25,R5-003,R5-003_L1800_S2,R5,L1800,20.0,1650.0,96.85116666666666,4853.0,99.43908333333333,4125.0,96.30825,97.97208333333333,0.0,1.8261666666666667,1.6435833333333332,98.24062500000001,98.57370833333334,96.27595833333334,2.0316666666666667,4.51925,4.372708333333334,13.199583333333335,23.7,-114.91166666666668,-10.1075,1.64125,5.663333333333333,8.463333333333333,10.981666666666667,35.9075,44.958333333333336,364.9583333333333,810.75,44.562083333333334,31.72791666666667,42.16041666666667,31.145833333333332,53.625,6.211666666666667,-115.27416666666666,6.891666666666667,27.9054,2.4225,30.3277,100.0,0.0
2026-08-25,R5-003,R5-003_L1800_S3,R5,L1800,22.0,1650.0,99.27204166666667,2910.0,99.44095833333334,2473.0,98.717125,97.96166666666666,0.0,0.49491666666666667,0.44554166666666667,98.34362499999999,98.63729166666667,96.15162500000001,2.0125,14.156500000000001,3.6055833333333336,23.89625,24.458333333333332,-93.15625,-10.78375,7.815,8.582083333333333,8.0875,6.865416666666667,5.364583333333333,20.004166666666666,617.75,1372.8333333333333,44.93833333333333,27.504583333333333,43.48666666666667,18.329166666666666,24.125,4.190416666666667,-115.82875,8.054166666666665,20.6382,3.1137,23.7517,100.0,0.0
2026-08-25,R5-003,R5-003_L2100_S1,R5,L2100,18.0,300.0,99.21595833333333,1365.0,99.49583333333334,1159.0,98.71579166666668,97.86583333333334,0.0,0.5488333333333334,0.493875,98.41654166666666,98.72441666666667,96.34004166666666,2.095,21.970041666666663,3.4609166666666664,56.23541666666667,23.741666666666664,-98.41624999999999,-11.22125,8.739166666666668,8.67375,8.559166666666668,8.028333333333334,5.18,21.537499999999998,498.75,1108.375,45.979166666666664,31.5725,42.472500000000004,12.5,19.791666666666668,2.05625,-115.16208333333333,7.533333333333334,10.2129,0.8651,11.078,100.0,0.0
2026-08-25,R5-003,R5-003_L2100_S2,R5,L2100,21.0,300.0,99.23241666666667,2967.0,99.44845833333333,2524.0,98.68533333333333,98.09125,0.0,0.5057083333333333,0.4552083333333334,98.265875,98.582375,96.13216666666666,2.0466666666666664,12.227958333333333,3.6483749999999997,19.34375,23.712500000000002,-97.55708333333332,-10.4225,7.734166666666667,8.573333333333332,7.87,7.6066666666666665,5.128333333333333,21.495833333333334,479.1666666666667,1064.625,44.13666666666666,34.9975,43.21958333333333,21.40416666666667,36.708333333333336,3.3966666666666665,-114.86125,7.016666666666667,13.4266,2.1402,15.566600000000001,100.0,0.0
2026-08-25,R5-003,R5-003_L2100_S3,R5,L2100,23.0,300.0,99.1785,3311.0,99.51533333333333,2818.0,98.69791666666667,97.91250000000001,0.0,0.5280833333333333,0.47529166666666667,98.29341666666666,98.57237500000001,96.17870833333335,1.9920833333333334,21.0125,5.588541666666667,57.029583333333335,23.920833333333334,-98.30708333333332,-10.25,10.599166666666667,8.859583333333333,7.959583333333334,9.553333333333333,5.2924999999999995,20.908333333333335,320.625,712.75,44.52791666666667,26.28625,44.39166666666667,28.804166666666664,41.083333333333336,8.5675,-115.3,7.708333333333333,28.997799999999998,4.1329,33.1308,100.0,0.0
2026-08-25,R5-003,R5-003_L800_S1,R5,L800,19.0,6200.0,99.22995833333334,4010.0,99.44604166666666,3409.0,98.68037500000001,97.93124999999999,0.0,0.507,0.4562916666666667,98.340625,98.59445833333332,96.27791666666667,1.8879166666666667,13.125583333333333,5.415041666666667,34.28125,23.633333333333336,-92.51375,-9.778333333333334,8.5175,8.6525,8.334999999999999,10.7575,5.7179166666666665,21.275000000000002,322.5833333333333,716.5833333333334,45.05791666666667,35.69291666666667,42.30083333333334,27.633333333333336,46.708333333333336,4.399583333333333,-114.97874999999999,7.4375,35.4731,5.2198,40.6926,100.0,0.0
2026-08-25,R5-003,R5-003_L800_S3,R5,L800,24.0,6200.0,99.21629166666666,3059.0,99.41041666666666,2602.0,98.6315,97.91708333333332,0.0,0.5127083333333333,0.46141666666666664,98.347125,98.58170833333334,96.43670833333334,2.044583333333333,22.038583333333335,6.288250000000001,33.91166666666667,24.479166666666668,-93.48708333333333,-9.517083333333334,5.9383333333333335,8.392916666666666,8.36125,9.7025,5.266666666666667,21.204166666666666,490.375,1089.5833333333333,45.5825,32.503750000000004,44.593333333333334,18.595833333333335,26.125,4.2075000000000005,-115.34833333333334,7.020833333333333,22.3998,2.1874000000000002,24.587600000000002,100.0,0.0
2026-08-25,R5-004,R5-004_L1800_S1,R5,L1800,25.0,1650.0,99.22766666666666,4798.0,99.45358333333333,4078.0,98.68554166666667,98.03875,0.0,0.516,0.4643333333333333,98.37670833333334,98.67420833333334,96.38629166666668,2.075833333333333,22.655,6.019708333333334,34.71333333333333,25.224999999999998,-99.94583333333333,-10.360416666666667,9.1975,8.720416666666667,8.371666666666666,7.09375,4.883333333333334,21.375,334.5416666666667,743.4166666666666,44.29666666666666,25.7675,40.99125,32.5875,54.291666666666664,5.0945833333333335,-115.55,7.479166666666667,21.8013,2.7239,24.5255,100.0,0.0
2026-08-25,R5-004,R5-004_L1800_S2,R5,L1800,28.0,1650.0,99.318375,2729.0,99.45016666666668,2321.0,98.77241666666667,98.065,0.0,1.711,1.5398333333333334,98.24333333333334,98.558375,96.28474999999999,2.052916666666667,12.470666666666666,7.34425,32.79125,23.758333333333336,-105.56166666666667,-11.10375,4.69625,8.581666666666667,8.417499999999999,7.71,22.361666666666665,20.8,328.8333333333333,731.0,45.500416666666666,27.5175,41.858333333333334,16.516666666666666,25.666666666666668,3.8508333333333336,-115.15416666666665,6.941666666666666,13.0394,1.302,14.3417,100.0,0.0
2026-08-25,R5-004,R5-004_L1800_S3,R5,L1800,30.0,1650.0,99.23408333333333,3095.0,99.45104166666665,2629.0,98.68941666666666,97.9875,0.0,0.5115,0.4603333333333333,98.36866666666667,98.63520833333332,96.35454166666666,2.0166666666666666,20.711208333333335,7.4083749999999995,54.59375,23.925,-101.85541666666666,-9.329583333333334,4.5125,8.25125,8.362916666666667,8.22125,5.42625,22.104166666666668,523.1666666666666,1162.8333333333333,47.63291666666667,36.43333333333333,41.33166666666667,35.46666666666667,63.5,9.989166666666668,-115.18083333333334,7.425,21.6654,2.6825,24.3477,100.0,0.0
2026-08-25,R5-004,R5-004_L2100_S1,R5,L2100,26.0,300.0,99.27004166666667,3244.0,99.43758333333334,2757.0,98.71154166666666,98.26166666666667,0.0,0.496875,0.4472083333333334,98.34791666666666,98.56962499999999,96.36287499999999,2.0233333333333334,15.578375,6.8620833333333335,44.62583333333333,23.1125,-95.81291666666668,-9.09375,9.512500000000001,8.751666666666667,7.986249999999999,9.199166666666667,5.120416666666666,21.179166666666667,529.5833333333334,1176.8333333333333,46.82208333333333,31.9675,44.23416666666666,28.208333333333332,47.625,4.965416666666667,-115.59458333333333,7.783333333333334,35.041,5.4506,40.4919,100.0,0.0
2026-08-25,R5-004,R5-004_L2100_S2,R5,L2100,29.0,300.0,99.22070833333333,3583.0,99.448875,3044.0,98.67424999999999,98.00875,0.0,0.519125,0.4672083333333333,98.323,98.58916666666666,96.20191666666666,1.8933333333333333,17.233166666666666,4.897583333333333,28.022916666666664,23.2375,-102.34041666666667,-10.092083333333333,8.0625,8.606250000000001,8.167083333333332,10.445416666666667,5.4437500000000005,21.791666666666668,539.125,1198.0416666666667,47.26625000000001,28.965416666666666,43.68875,24.27916666666667,37.25,6.790416666666666,-115.62875000000001,6.745833333333334,31.3053,4.975,36.2803,100.0,0.0
2026-08-25,R5-004,R5-004_L2100_S3,R5,L2100,31.0,300.0,99.25179166666668,3993.0,99.49374999999999,3395.0,98.74954166666667,97.93541666666665,0.0,0.46895833333333337,0.42216666666666663,98.33779166666666,98.60070833333333,96.33912500000001,1.9079166666666667,24.658958333333334,7.199416666666667,72.92583333333333,24.412499999999998,-96.03708333333333,-8.247083333333334,7.228333333333333,8.523333333333333,7.7316666666666665,8.455833333333333,5.224166666666666,21.53333333333333,322.5833333333333,716.8333333333334,46.552083333333336,31.417916666666667,44.190416666666664,25.308333333333334,34.208333333333336,4.5625,-115.24708333333332,7.091666666666666,36.8435,5.3099,42.1535,100.0,0.0
2026-08-25,R5-004,R5-004_L800_S1,R5,L800,27.0,6200.0,99.22108333333334,3774.0,99.49791666666665,3206.0,98.723,98.11541666666666,0.0,0.5098333333333334,0.4586666666666667,98.18670833333334,98.47604166666667,96.262,1.8558333333333332,23.750958333333333,4.951666666666667,50.89166666666667,25.266666666666666,-99.77166666666666,-10.417083333333332,5.911666666666666,8.390833333333333,8.584166666666667,11.1075,5.425,22.041666666666668,579.5416666666666,1287.8333333333333,44.93625,32.0425,43.67625,31.224999999999998,44.958333333333336,7.37125,-115.03958333333333,6.633333333333333,43.7701,6.8185,50.5884,100.0,0.0
2026-08-25,R5-004,R5-004_L800_S3,R5,L800,32.0,6200.0,99.29945833333333,3005.0,99.46300000000001,2556.0,98.76625,98.11375,0.0,0.4922916666666666,0.443,98.24066666666666,98.48191666666666,96.07745833333333,2.0241666666666664,21.363208333333333,5.298041666666667,61.17249999999999,23.82083333333333,-96.00166666666667,-11.4475,7.135833333333333,8.513333333333334,8.106666666666667,7.736249999999999,5.1745833333333335,21.375,387.0416666666667,860.3333333333334,45.312083333333334,30.223333333333333,43.00083333333333,25.662499999999998,39.25,6.8525,-115.17791666666666,6.766666666666667,19.307100000000002,2.363,21.6703,100.0,0.0
2026-08-25,R5-005,R5-005_L1800_S1,R5,L1800,33.0,1650.0,97.80416666666667,3047.0,99.47141666666666,2589.0,97.28729166666666,88.66041666666666,0.0,1.4461666666666666,1.3016666666666665,98.42354166666667,98.73229166666665,96.3095,2.0470833333333336,24.129833333333334,2.0608333333333335,70.12791666666666,24.204166666666666,-91.55833333333334,-9.1975,8.4275,8.642916666666666,7.90125,6.347916666666666,5.697916666666667,20.608333333333334,338.125,751.4583333333334,44.51458333333333,33.50333333333333,43.8675,25.445833333333336,38.708333333333336,4.462916666666667,-100.10291666666666,40.02916666666666,20.3649,2.271,22.6357,100.0,0.0
2026-08-25,R5-005,R5-005_L1800_S2,R5,L1800,36.0,1650.0,99.28116666666666,4272.0,99.44579166666666,3633.0,98.731,97.97208333333333,0.0,0.4859166666666667,0.4374166666666666,98.30066666666666,98.57633333333332,96.19020833333333,2.0429166666666667,15.446708333333333,6.567041666666667,36.10583333333333,23.929166666666664,-96.27583333333332,-11.32,8.450000000000001,8.644166666666667,8.557083333333333,7.829166666666667,4.8187500000000005,20.641666666666666,577.0416666666666,1282.3333333333333,46.12166666666667,26.648750000000003,41.942083333333336,27.666666666666668,36.458333333333336,6.517499999999999,-114.92333333333333,6.733333333333333,18.3284,2.8042,21.1325,100.0,0.0
2026-08-25,R5-005,R5-005_L1800_S3,R5,L1800,38.0,1650.0,99.23979166666668,3608.0,99.437875,3070.0,98.68208333333332,97.84916666666668,0.0,0.5057083333333333,0.45516666666666666,98.23883333333333,98.583125,96.06675,1.9716666666666667,17.925124999999998,4.809875,29.48125,24.608333333333334,-95.57291666666667,-11.02125,5.715416666666666,8.37125,7.71875,9.097916666666666,5.43875,21.091666666666665,443.2916666666667,985.2083333333334,44.90833333333333,32.615833333333335,42.68875,32.675000000000004,48.5,7.464583333333334,-115.79791666666667,6.241666666666667,23.0284,2.969,25.997799999999998,100.0,0.0
2026-08-25,R5-005,R5-005_L2100_S1,R5,L2100,34.0,300.0,99.25304166666666,5379.0,99.45283333333333,4571.0,98.71004166666667,98.10208333333333,0.0,0.5115,0.4603333333333333,98.21158333333334,98.53758333333333,96.22741666666667,2.021666666666667,24.408,4.037166666666667,56.55375,24.8125,-96.45875000000001,-10.65125,6.999583333333334,8.500833333333334,8.630833333333333,9.094583333333334,5.293333333333334,21.6375,570.9583333333334,1268.6666666666667,43.22125,29.018333333333334,41.85125,33.199999999999996,49.5,7.392916666666667,-115.15333333333332,7.029166666666666,31.1756,3.1444,34.3195,100.0,0.0
2026-08-25,R5-005,R5-005_L2100_S2,R5,L2100,37.0,300.0,99.20495833333332,2053.0,99.47629166666667,1747.0,98.68566666666668,97.91416666666667,0.0,0.48875,0.439875,98.39225,98.76333333333334,96.445125,2.1366666666666667,18.982,3.502916666666667,35.46041666666667,24.75,-93.9325,-10.1825,8.333333333333334,8.633750000000001,8.676666666666668,7.644583333333333,5.513333333333333,19.945833333333333,367.125,815.9583333333334,46.115,31.225416666666664,44.33083333333334,19.7,34.208333333333336,3.5716666666666668,-115.56625000000001,6.608333333333333,21.7797,2.6807,24.4603,100.0,0.0
2026-08-25,R5-005,R5-005_L2100_S3,R5,L2100,39.0,300.0,99.22233333333334,1331.0,99.42895833333334,1132.0,98.65575,98.04041666666666,0.0,0.50575,0.45516666666666666,98.26554166666666,98.58912500000001,96.24533333333333,2.0054166666666666,20.712125,3.8350416666666667,34.157916666666665,24.15833333333333,-98.10708333333334,-10.166666666666666,9.001666666666667,8.700833333333334,8.013333333333334,7.942916666666666,4.8475,21.462500000000002,424.5416666666667,943.5416666666666,44.30833333333334,27.58791666666667,40.55125,12.299999999999999,20.333333333333332,3.365,-115.24041666666666,7.395833333333333,13.3638,1.7423,15.1061,100.0,0.0
2026-08-25,R5-005,R5-005_L800_S1,R5,L800,35.0,6200.0,99.26608333333333,1255.0,99.43808333333334,1065.0,98.7085,97.91416666666667,0.0,0.5046666666666667,0.4542083333333333,98.32966666666665,98.63133333333333,96.4575,1.9283333333333335,17.888749999999998,4.044208333333334,51.83583333333333,24.558333333333334,-95.78666666666668,-10.054583333333333,6.119166666666666,8.412083333333333,8.213333333333333,8.225833333333332,5.036666666666666,20.741666666666667,508.6666666666667,1130.5416666666667,45.46958333333333,30.930833333333336,41.82458333333333,13.358333333333334,18.958333333333332,2.18625,-114.89999999999999,6.320833333333333,16.3682,1.9953,18.3633,100.0,0.0
2026-08-25,R5-005,R5-005_L800_S3,R5,L800,40.0,6200.0,99.26970833333333,2313.0,99.42675000000001,1967.0,98.70070833333334,97.93041666666666,0.0,0.5099166666666667,0.45883333333333337,98.31220833333333,98.60566666666666,96.56695833333333,1.8708333333333333,18.146208333333334,5.520875,50.75791666666667,23.412499999999998,-93.75375000000001,-8.237916666666667,6.715,8.47125,8.588333333333333,11.015,5.329166666666667,20.358333333333334,423.125,940.2083333333334,46.27333333333333,30.662499999999998,42.360416666666666,15.220833333333333,23.791666666666668,4.47875,-115.03916666666667,6.4750000000000005,18.638,2.5985,21.2362,100.0,0.0
2026-08-25,R5-006,R5-006_L1800_S1,R5,L1800,41.0,1650.0,99.29991666666666,2570.0,99.44783333333334,2185.0,98.75175,98.04708333333333,0.0,0.4716666666666667,0.42450000000000004,98.34425,98.63120833333333,96.51774999999999,2.0195833333333333,23.893375000000002,4.408375,67.47500000000001,22.670833333333334,-101.21833333333332,-9.855416666666667,6.8625,8.48625,8.28625,7.196666666666666,5.288333333333333,20.583333333333332,319.125,709.1666666666666,45.47125,26.62,41.92041666666667,24.320833333333336,33.666666666666664,5.605,-115.45083333333334,7.575,19.1712,2.8423,22.0135,100.0,0.0
2026-08-25,R5-006,R5-006_L1800_S2,R5,L1800,44.0,1650.0,99.24166666666667,3352.0,99.465625,2849.0,98.71158333333334,98.07041666666667,0.0,0.48995833333333333,0.44095833333333334,98.28266666666667,98.56029166666667,96.27633333333334,1.93875,24.142625,7.403833333333334,67.4525,24.258333333333336,-96.91791666666666,-9.149166666666668,5.642083333333333,8.364166666666666,8.445416666666667,10.467916666666667,5.368333333333333,20.454166666666666,398.8333333333333,886.2916666666666,46.814166666666665,34.37375,41.48291666666667,31.712500000000002,51.458333333333336,7.59375,-115.16791666666667,7.220833333333332,35.7135,4.8942,40.6082,100.0,0.0
2026-08-25,R5-006,R5-006_L1800_S3,R5,L1800,46.0,1650.0,99.21962500000001,4759.0,99.24433333333333,4044.0,98.469875,98.10166666666667,15.0,0.564125,0.5078333333333334,98.36408333333333,98.69504166666667,96.16199999999999,2.05125,6.704249999999999,4.865583333333333,16.137916666666666,23.3625,-95.65208333333334,-10.655833333333334,7.9383333333333335,8.592916666666666,8.592083333333333,10.830833333333333,5.1691666666666665,21.212500000000002,525.3333333333334,1167.2083333333333,75.8025,51.51416666666666,75.15166666666666,71.60416666666667,127.0,19.755,-115.17208333333333,7.333333333333333,108.5108,6.9817,115.4927,100.0,0.0
2026-08-25,R5-006,R5-006_L2100_S1,R5,L2100,42.0,300.0,99.25458333333334,5568.0,99.4325,4733.0,98.69154166666668,97.9825,0.0,0.5169583333333333,0.4653333333333334,98.24404166666666,98.56695833333333,96.19029166666667,2.004583333333333,23.163375000000002,7.064291666666667,65.81833333333333,24.079166666666666,-97.07833333333333,-11.5025,8.242916666666666,8.624583333333334,8.292916666666667,9.86375,5.09375,20.404166666666665,380.2916666666667,845.1666666666666,45.21625,31.096249999999998,42.904583333333335,33.675000000000004,54.166666666666664,5.9624999999999995,-115.32416666666667,6.8,44.9438,6.2431,51.187,100.0,0.0
2026-08-25,R5-006,R5-006_L2100_S2,R5,L2100,45.0,300.0,99.29516666666666,3474.0,99.47112499999999,2954.0,98.77029166666667,97.90875,0.0,0.49462500000000004,0.44525,98.32504166666666,98.65554166666668,96.29129166666667,2.1195833333333334,17.570916666666665,5.897916666666667,42.790416666666665,23.820833333333336,-97.79666666666667,-9.505833333333333,8.50625,8.651666666666667,8.262916666666667,8.316666666666666,5.502083333333334,21.858333333333334,458.375,1018.7916666666666,45.7875,31.454583333333332,42.70416666666667,28.858333333333334,46.791666666666664,6.834166666666667,-114.93874999999998,7.179166666666667,34.168,5.0175,39.1854,100.0,0.0
2026-08-25,R5-006,R5-006_L2100_S3,R5,L2100,47.0,300.0,99.293875,1667.0,99.41908333333333,1419.0,98.71724999999999,98.00458333333334,0.0,0.5112916666666667,0.460375,98.22870833333333,98.53591666666667,96.39383333333332,2.1266666666666665,20.220833333333335,4.471416666666666,36.48625,24.3875,-93.60458333333334,-10.822083333333333,9.99875,8.799583333333333,8.577916666666667,10.219583333333334,5.397083333333334,20.729166666666668,388.0,862.0833333333334,46.745000000000005,34.89875,41.527499999999996,13.804166666666667,19.791666666666668,4.08375,-115.08083333333333,6.208333333333333,19.4392,2.5811,22.0206,100.0,0.0
2026-08-25,R5-006,R5-006_L800_S1,R5,L800,43.0,6200.0,99.24695833333334,2442.0,99.44095833333334,2076.0,98.69229166666666,98.05375,0.0,0.496,0.44650000000000006,98.217125,98.51804166666666,96.287375,1.9733333333333334,18.095041666666667,5.9666250000000005,28.068749999999998,24.24166666666667,-94.46249999999999,-8.382916666666667,7.67625,8.567916666666667,8.11875,9.945416666666667,5.505,20.95,400.3333333333333,889.625,47.17416666666667,28.25708333333333,42.13791666666666,21.179166666666667,33.375,3.637916666666667,-115.62083333333334,7.25,29.9251,3.841,33.7658,100.0,0.0
2026-08-25,R5-006,R5-006_L800_S3,R5,L800,48.0,6200.0,99.22125,2203.0,99.45829166666665,1873.0,98.683875,98.03750000000001,0.0,0.522375,0.47025,98.33695833333333,98.68704166666667,96.526125,2.0258333333333334,21.249875,5.891125,47.61166666666667,23.891666666666666,-98.6675,-12.128333333333332,5.9191666666666665,8.391666666666667,8.21375,7.591666666666666,5.308333333333334,21.020833333333332,370.625,823.8333333333334,44.427083333333336,28.904583333333335,41.775,25.433333333333334,39.333333333333336,7.176666666666667,-115.17666666666666,6.816666666666666,20.3134,3.0817,23.3952,100.0,0.0
2026-08-25,R5-007,R5-007_L1800_S1,R5,L1800,49.0,1650.0,99.23804166666667,1487.0,99.45925,1266.0,98.701375,97.92916666666667,0.0,0.4968333333333333,0.447125,98.259125,98.612375,96.13233333333334,2.0524999999999998,19.903791666666667,6.24575,45.225,23.724999999999998,-97.02083333333333,-10.264583333333333,7.728333333333333,8.572916666666666,8.110416666666667,9.742083333333333,5.154583333333334,21.866666666666664,578.0,1284.3333333333333,45.16958333333333,27.076666666666668,43.51583333333334,16.079166666666666,26.25,4.004166666666666,-115.15541666666667,6.683333333333334,14.4584,1.3131,15.7722,100.0,0.0
2026-08-25,R5-007,R5-007_L1800_S2,R5,L1800,52.0,1650.0,99.26441666666666,973.0,99.47483333333334,827.0,98.74333333333334,97.9575,0.0,0.4999166666666666,0.4499166666666667,98.28295833333334,98.58233333333334,96.23483333333333,2.0916666666666663,25.990750000000002,5.317125,60.85041666666667,23.650000000000002,-95.24041666666666,-11.737499999999999,6.55375,8.454583333333334,8.324583333333333,10.153333333333334,5.488333333333333,22.03333333333333,406.5416666666667,903.4583333333334,45.403333333333336,28.716250000000002,41.219166666666666,10.429166666666667,16.291666666666668,1.7833333333333332,-115.59291666666667,7.658333333333334,8.9954,0.8568,9.8522,100.0,0.0
2026-08-25,R5-007,R5-007_L1800_S3,R5,L1800,54.0,1650.0,99.25466666666667,2217.0,99.46033333333332,1887.0,98.71920833333333,98.08291666666666,0.0,0.464875,0.41850000000000004,98.38437499999999,98.72004166666666,96.18479166666667,2.0020833333333337,19.439,4.557916666666666,45.25875,23.412499999999998,-101.56375000000001,-11.172083333333333,8.450000000000001,8.644583333333333,7.793333333333333,6.52375,5.279166666666667,20.916666666666668,433.7916666666667,964.125,45.20083333333333,31.260833333333334,43.14416666666667,24.508333333333336,40.208333333333336,6.724583333333334,-115.27916666666665,7.279166666666666,20.339,2.6359,22.974899999999998,100.0,0.0
2026-08-25,R5-007,R5-007_L2100_S1,R5,L2100,50.0,300.0,99.22833333333334,4184.0,99.458375,3555.0,98.69108333333334,97.94458333333334,0.0,0.512375,0.46108333333333335,98.28212500000001,98.66241666666667,96.211125,1.9154166666666665,18.510416666666668,5.547916666666667,35.135,23.808333333333334,-92.74166666666667,-8.19,10.0975,8.811666666666666,8.482083333333334,10.369583333333333,5.034166666666667,22.349999999999998,561.2083333333334,1247.1666666666667,44.705000000000005,33.75208333333333,42.32791666666667,33.30833333333333,53.333333333333336,7.654166666666666,-115.55874999999999,7.408333333333334,40.9888,3.2831,44.2714,100.0,0.0
2026-08-25,R5-007,R5-007_L2100_S2,R5,L2100,53.0,300.0,94.29191666666667,1153.0,95.486875,979.0,90.03891666666668,91.65125,0.0,0.48854166666666665,0.439625,98.35204166666666,98.65866666666666,96.3415,1.9616666666666667,12.252125,7.230833333333333,23.923333333333332,23.354166666666668,-94.33958333333334,-9.421666666666667,6.323333333333333,8.432916666666666,8.639166666666666,10.44125,5.633333333333333,19.854166666666668,526.0833333333334,1169.0416666666667,46.416666666666664,33.49125,67.8525,11.0,18.083333333333332,2.887916666666667,-115.41875,6.795833333333333,7.3845,0.6673,8.0517,100.0,0.0
2026-08-25,R5-007,R5-007_L2100_S3,R5,L2100,55.0,300.0,99.30466666666666,2050.0,99.42329166666667,1744.0,98.73200000000001,98.07041666666667,0.0,0.488875,0.4399583333333333,98.30304166666667,98.55649999999999,96.2275,2.0500000000000003,25.576916666666666,7.198083333333333,47.732499999999995,24.145833333333332,-98.01708333333333,-9.929583333333333,7.919583333333333,8.591666666666667,7.867916666666666,9.194166666666666,4.7612499999999995,21.008333333333333,333.8333333333333,741.9166666666666,46.31875,36.82583333333333,42.788333333333334,14.6625,25.333333333333332,3.2458333333333336,-115.40958333333333,6.175,8.8816,0.9712000000000001,9.8528,100.0,0.0
2026-08-25,R5-007,R5-007_L800_S1,R5,L800,51.0,6200.0,99.20720833333333,1174.0,99.45687500000001,1000.0,98.66841666666666,98.09875,0.0,0.5127916666666666,0.4615,98.22154166666667,98.54275,96.21379166666667,1.9654166666666668,17.109624999999998,3.4862083333333334,28.404583333333335,22.579166666666666,-98.59375,-11.097916666666668,7.027916666666666,8.503333333333332,7.765833333333333,9.269583333333333,5.181666666666667,21.370833333333334,400.2083333333333,889.375,46.4,34.49458333333333,42.214166666666664,10.8125,17.708333333333332,2.6075,-115.02625,6.420833333333333,15.1547,1.2454,16.3999,100.0,0.0
2026-08-25,R5-007,R5-007_L800_S3,R5,L800,56.0,6200.0,99.23825,1089.0,99.44220833333333,927.0,98.68491666666667,97.925,0.0,0.49512500000000004,0.445625,98.32754166666666,98.63491666666665,96.38933333333334,1.9770833333333335,15.196708333333333,6.562458333333333,23.60166666666667,24.683333333333334,-95.87833333333333,-10.333333333333334,6.784166666666667,8.479166666666666,8.056666666666667,7.565,5.3116666666666665,20.7375,560.2916666666666,1245.0416666666667,45.982499999999995,34.75125,42.237500000000004,11.354166666666666,16.333333333333332,1.9720833333333332,-114.94791666666667,7.4750000000000005,8.1805,1.0036,9.184,100.0,0.0
2026-08-25,R5-008,R5-008_L1800_S1,R5,L1800,57.0,1650.0,99.27054545454544,1495.0,99.45700000000001,1269.0,98.73172727272727,98.05333333333334,0.0,0.5097916666666666,0.45879166666666665,98.31854166666666,98.60770833333333,96.13104166666666,1.9891666666666667,14.539083333333332,5.446208333333334,32.9975,24.125,-102.38333333333333,-10.027083333333334,6.129166666666666,8.412916666666666,7.914166666666667,7.9991666666666665,5.551666666666667,21.366666666666664,325.75,723.9166666666666,42.67458333333334,27.84583333333333,41.31041666666667,15.645833333333334,24.291666666666668,4.1745833333333335,-115.3875,6.5249999999999995,22.5358,1.9071,24.4429,92.70258333333334,105.1
2026-08-25,R5-008,R5-008_L1800_S2,R5,L1800,60.0,1650.0,99.24291666666666,2805.0,99.42741666666666,2385.0,98.67491666666666,97.95791666666666,0.0,0.5143749999999999,0.463,98.14141666666666,98.38074999999999,96.175875,1.8879166666666667,17.507791666666666,6.435666666666666,44.54333333333333,24.116666666666664,-96.45833333333333,-12.447083333333333,7.478750000000001,8.547916666666667,8.110833333333334,8.013333333333334,4.927083333333333,21.458333333333332,336.2916666666667,747.2083333333334,45.51458333333333,33.287083333333335,42.86875,17.458333333333332,30.041666666666668,3.4299999999999997,-114.87,7.333333333333333,10.91,1.667,12.5772,100.0,0.0
2026-08-25,R5-008,R5-008_L1800_S3,R5,L1800,62.0,1650.0,99.23258333333332,2609.0,99.46404166666667,2218.0,98.70070833333334,98.02749999999999,0.0,0.4895833333333333,0.4407083333333333,98.17975,98.428875,96.02745833333334,1.9704166666666667,22.47575,5.394458333333333,50.62875,23.679166666666664,-101.61583333333334,-9.9925,7.207916666666667,8.52,8.502916666666666,9.251666666666667,5.30375,20.958333333333332,391.8333333333333,870.625,44.602916666666665,30.50125,42.34875,20.520833333333332,33.083333333333336,4.1066666666666665,-115.02208333333333,7.120833333333334,14.7969,1.9218,16.718799999999998,100.0,0.0
2026-08-25,R5-008,R5-008_L2100_S1,R5,L2100,58.0,300.0,99.20008333333334,4634.0,99.39912500000001,3940.0,98.60408333333334,97.92541666666666,0.0,0.5017083333333333,0.4515833333333334,98.32129166666665,98.61141666666667,96.074125,2.1,21.378125,6.098624999999999,48.78041666666667,24.445833333333336,-92.85125,-11.785416666666668,7.069166666666667,8.507083333333332,8.264166666666666,9.708333333333334,5.340416666666666,21.041666666666668,381.6666666666667,848.25,45.162083333333335,29.76875,43.88458333333333,31.629166666666666,55.75,6.657916666666666,-115.02958333333333,6.9875,46.4682,6.0108999999999995,52.4792,100.0,0.0
2026-08-25,R5-008,R5-008_L2100_S2,R5,L2100,61.0,300.0,99.230125,1723.0,99.42679166666666,1466.0,98.66154166666666,97.96499999999999,0.0,0.4915833333333333,0.44245833333333334,98.37008333333334,98.676125,96.42241666666666,1.8191666666666668,20.927208333333333,7.499583333333334,37.66291666666667,23.516666666666666,-93.47083333333335,-9.80625,4.511666666666667,8.250833333333334,8.348333333333334,9.9275,5.065,22.145833333333332,559.3333333333334,1242.875,44.215,34.085,42.0425,12.866666666666667,21.833333333333332,3.13125,-115.60125,6.8,9.3801,0.99,10.3697,100.0,0.0
2026-08-25,R5-008,R5-008_L2100_S3,R5,L2100,63.0,300.0,99.2795,2717.0,99.445375,2311.0,98.72908333333334,97.98208333333334,0.0,0.5113333333333333,0.46025,98.31058333333334,98.544875,96.36395833333334,2.0025,24.070999999999998,5.849833333333334,45.27375,24.458333333333332,-97.65333333333332,-9.527083333333334,8.737916666666667,8.67375,8.283333333333333,7.966666666666666,5.135416666666667,21.0125,343.5416666666667,763.3333333333334,45.32208333333333,31.01375,42.315000000000005,16.845833333333335,27.958333333333332,3.2375000000000003,-115.31875000000001,7.175,12.9387,1.1698,14.108600000000001,100.0,0.0
2026-08-25,R5-008,R5-008_L800_S1,R5,L800,59.0,6200.0,99.28020833333333,4657.0,99.46741666666667,3958.0,98.75166666666667,97.87458333333332,0.0,0.4852083333333333,0.43662500000000004,98.33020833333335,98.61166666666666,96.34041666666667,2.0945833333333335,19.642041666666668,6.973541666666667,30.18541666666667,23.712500000000002,-97.42875,-10.204166666666667,7.202083333333333,8.52,8.03625,7.3625,5.37875,20.595833333333335,511.9583333333333,1137.4166666666667,44.75958333333333,35.65875,41.205000000000005,32.94166666666667,53.666666666666664,9.510833333333332,-115.51416666666667,7.341666666666666,44.958,5.9948,50.952600000000004,100.0,0.0
2026-08-25,R5-008,R5-008_L800_S3,R5,L800,64.0,6200.0,99.26925,4779.0,99.45575000000001,4062.0,98.72908333333334,97.96375,0.0,0.49924999999999997,0.44933333333333336,98.300125,98.57766666666667,96.09204166666666,2.0070833333333336,16.879375,6.556208333333333,28.83375,23.53333333333333,-97.90666666666668,-9.66125,9.2075,8.72,8.375833333333334,7.572083333333333,5.3308333333333335,21.275000000000002,391.875,870.7916666666666,47.510416666666664,35.76541666666667,42.498333333333335,32.324999999999996,49.083333333333336,8.154166666666667,-114.88499999999999,7.208333333333333,46.8373,5.5342,52.3713,100.0,0.0
2026-08-25,R5-009,R5-009_L1800_S1,R5,L1800,65.0,1650.0,99.22220833333334,3921.0,99.45504166666666,3336.0,98.68149999999999,98.05291666666666,0.0,0.5070416666666667,0.45625,98.292625,98.52454166666666,96.285375,1.9887499999999998,24.726625,6.907958333333333,50.67083333333333,24.445833333333336,-98.76375,-11.114583333333334,10.582083333333333,8.858333333333333,8.22375,9.5775,5.7475,20.6875,528.75,1175.375,46.00833333333333,33.608333333333334,42.17458333333333,25.65416666666667,36.208333333333336,4.332916666666667,-115.00541666666668,7.445833333333333,28.1637,2.5598,30.723200000000002,100.0,0.0
2026-08-25,R5-009,R5-009_L1800_S2,R5,L1800,68.0,1650.0,99.235,2956.0,99.44904166666667,2512.0,98.68825,98.06208333333332,0.0,0.497625,0.447875,98.21387499999999,98.46816666666666,96.02958333333333,2.0212499999999998,20.493916666666667,4.612875,40.156666666666666,24.545833333333334,-92.96999999999998,-10.4025,5.408333333333334,8.340833333333334,8.400833333333333,7.8741666666666665,5.545416666666667,21.395833333333332,438.4583333333333,974.5,44.75625,27.0925,42.848749999999995,30.3125,53.875,9.000833333333334,-114.91291666666666,6.854166666666667,28.3121,4.332,32.6442,100.0,0.0
2026-08-25,R5-009,R5-009_L1800_S3,R5,L1800,70.0,1650.0,99.24729166666667,2188.0,99.44666666666666,1861.0,98.698125,97.87958333333334,0.0,0.50175,0.451625,98.25533333333334,98.535375,96.37454166666667,1.8908333333333334,19.373541666666664,4.731875,40.4675,23.266666666666666,-92.89916666666666,-11.027916666666668,8.0525,8.604999999999999,8.382916666666667,10.110833333333334,5.109583333333333,22.22083333333333,392.4583333333333,872.125,45.14416666666667,26.10666666666667,42.6325,19.337500000000002,32.291666666666664,3.2870833333333334,-115.22874999999999,6.558333333333334,23.2209,3.5966,26.8172,100.0,0.0
2026-08-25,R5-009,R5-009_L2100_S1,R5,L2100,66.0,300.0,99.256625,1142.0,99.42325,969.0,98.68425,98.13291666666667,0.0,0.5247499999999999,0.47220833333333334,98.41775,98.68725,96.32283333333334,1.9704166666666667,12.406291666666668,5.343416666666666,36.85041666666667,23.620833333333334,-95.57666666666667,-9.92,5.0841666666666665,8.308333333333334,8.4025,8.606250000000001,5.2820833333333335,21.379166666666666,397.75,883.6666666666666,45.187083333333334,30.15416666666667,42.18875,12.387500000000001,17.25,2.158333333333333,-115.28291666666667,7.2,11.9971,1.7746,13.771700000000001,100.0,0.0
2026-08-25,R5-009,R5-009_L2100_S2,R5,L2100,69.0,300.0,99.24650000000001,1989.0,99.48887500000001,1691.0,98.73929166666666,97.93458333333332,0.0,0.4892916666666667,0.440375,98.2495,98.56733333333334,96.32908333333334,1.8883333333333334,19.951625,4.215458333333333,52.95791666666667,23.8875,-94.93583333333333,-10.034166666666666,6.374583333333334,8.437083333333334,7.870416666666666,7.899583333333333,5.185,20.304166666666667,550.5416666666666,1223.7083333333333,44.20041666666666,31.7775,42.41583333333333,15.008333333333333,24.583333333333332,2.407083333333333,-115.47000000000001,7.233333333333333,14.0028,1.4608999999999999,15.4636,100.0,0.0
2026-08-25,R5-009,R5-009_L2100_S3,R5,L2100,71.0,300.0,99.23095833333333,1318.0,99.49925,1123.0,98.734,97.99458333333332,0.0,1.1439583333333334,1.0297083333333334,93.23654166666667,93.50091666666667,91.24208333333333,11.110833333333332,18.912458333333333,6.736666666666667,46.07208333333333,23.5,-95.85125,-11.076666666666666,5.435833333333334,8.344166666666666,8.090833333333334,7.784166666666667,5.6745833333333335,21.3875,465.125,1033.375,44.38583333333333,26.00375,42.306666666666665,11.5875,20.666666666666668,2.0733333333333333,-115.50875,6.3500000000000005,7.3567,1.1313,8.4879,100.0,0.0
2026-08-25,R5-009,R5-009_L800_S1,R5,L800,67.0,6200.0,99.21608333333334,3551.0,99.40304166666665,3017.0,98.62400000000001,97.96333333333332,0.0,0.4997916666666667,0.4499583333333333,98.38120833333333,98.76308333333333,96.313625,2.0016666666666665,23.400583333333334,3.83075,68.66375000000001,24.916666666666668,-92.95375,-10.14875,5.74125,8.375833333333333,8.665833333333333,8.036666666666667,5.724166666666666,20.925,352.9166666666667,784.2083333333334,47.345,33.92458333333333,43.775,23.733333333333334,36.5,6.201666666666667,-114.99708333333332,7.616666666666667,34.8047,5.1894,39.9935,100.0,0.0
2026-08-25,R5-009,R5-009_L800_S3,R5,L800,72.0,6200.0,99.221625,1796.0,99.42645833333334,1529.0,98.65266666666666,98.005,0.0,0.501125,0.451,98.37483333333334,98.60945833333334,96.38954166666667,2.018333333333333,14.44975,4.027458333333334,30.197083333333335,23.491666666666664,-100.65083333333332,-9.367083333333333,7.497916666666666,8.549999999999999,8.408333333333333,10.48,5.2175,21.72083333333333,424.0416666666667,942.375,46.07708333333333,26.964166666666667,41.89958333333333,20.904166666666665,35.5,3.2062500000000003,-115.14375,7.554166666666667,27.3901,2.9932,30.383499999999998,100.0,0.0
2026-08-25,R5-010,R5-010_L1800_S1,R5,L1800,73.0,1650.0,99.24783333333333,2475.0,99.43466666666666,2103.0,98.68675,97.91166666666668,0.0,0.5078333333333334,0.45683333333333337,98.28854166666667,98.64370833333334,96.295,2.0416666666666665,20.44783333333333,5.157208333333333,54.57208333333333,23.620833333333334,-91.71041666666667,-9.518749999999999,7.759166666666666,8.575833333333334,8.459583333333333,8.906666666666666,5.369583333333334,20.729166666666668,554.2083333333334,1231.8333333333333,45.946666666666665,26.352500000000003,42.69625,15.270833333333334,24.958333333333332,2.9266666666666663,-114.93624999999999,7.9125000000000005,11.820400000000001,1.2374,13.0578,100.0,0.0
2026-08-25,R5-010,R5-010_L1800_S2,R5,L1800,76.0,1650.0,99.20041666666667,1345.0,99.46716666666667,1144.0,98.67204166666666,97.93791666666668,0.0,0.4632083333333333,0.41687500000000005,98.25320833333332,98.48533333333334,96.26191666666666,2.0154166666666664,25.47075,6.889291666666666,68.16791666666667,24.8,-94.565,-11.9975,6.592083333333334,8.4575,8.822916666666666,11.225416666666666,5.079166666666667,21.170833333333334,406.2083333333333,902.625,45.25083333333333,25.527916666666666,42.52166666666667,10.450000000000001,14.208333333333334,2.02,-115.07166666666667,7.0625,9.4925,1.5175,11.0096,100.0,0.0
2026-08-25,R5-010,R5-010_L1800_S3,R5,L1800,78.0,1650.0,99.21966666666667,1622.0,99.45429166666666,1380.0,98.6785,98.1275,0.0,0.50625,0.45575000000000004,98.26704166666667,98.57345833333333,96.44558333333333,1.9308333333333332,13.299666666666667,3.8949583333333333,36.733333333333334,23.962500000000002,-98.72541666666666,-9.522916666666667,8.49,8.647916666666667,8.100833333333332,9.964166666666666,5.209583333333334,21.9875,539.125,1197.875,46.469166666666666,26.380416666666665,43.37625,16.383333333333333,21.583333333333332,4.848333333333334,-115.24333333333334,6.5,24.5425,2.7793,27.3219,100.0,0.0
2026-08-25,R5-010,R5-010_L2100_S1,R5,L2100,74.0,300.0,99.278375,2160.0,99.445125,1838.0,98.72775,98.19208333333334,0.0,0.510375,0.4594583333333333,98.21916666666668,98.60012499999999,95.98383333333334,1.83875,20.190833333333334,4.250916666666667,58.650416666666665,23.941666666666666,-97.92,-12.071666666666667,6.432083333333334,8.4425,8.08875,8.206666666666667,5.090833333333333,22.2,362.4583333333333,805.4166666666666,45.290416666666665,31.66125,42.245,14.770833333333334,22.666666666666668,2.7304166666666667,-115.32375,6.020833333333333,13.9321,1.7238,15.6558,100.0,0.0
2026-08-25,R5-010,R5-010_L2100_S2,R5,L2100,77.0,300.0,99.22000000000001,3153.0,99.44862499999999,2680.0,98.67304166666666,98.17208333333333,0.0,0.46325,0.41683333333333333,98.22558333333335,98.51145833333334,96.35708333333334,1.9529166666666666,26.076999999999998,7.223541666666667,66.34708333333333,23.791666666666668,-97.78500000000001,-10.235833333333334,7.455416666666667,8.545,8.295,8.72,5.17875,21.65416666666667,578.625,1285.5833333333333,46.58958333333334,29.097916666666666,43.64791666666667,34.458333333333336,58.791666666666664,6.416250000000001,-115.36208333333333,7.229166666666667,27.2963,3.0158,30.3121,100.0,0.0
2026-08-25,R5-010,R5-010_L2100_S3,R5,L2100,79.0,300.0,99.18900000000001,1983.0,99.443,1687.0,98.63641666666666,97.88208333333334,0.0,0.5200833333333333,0.46808333333333335,98.36433333333333,98.67816666666666,96.29479166666665,2.0404166666666668,22.095375,4.497166666666667,50.30166666666667,23.733333333333334,-102.58291666666666,-11.362499999999999,7.756666666666667,8.575833333333334,8.231250000000001,10.140416666666667,5.34875,20.779166666666665,607.0,1348.625,46.71666666666667,26.803749999999997,44.06708333333333,14.8125,20.208333333333332,4.0304166666666665,-115.50291666666668,7.258333333333333,17.7377,2.5956,20.3334,100.0,0.0
2026-08-25,R5-010,R5-010_L800_S1,R5,L800,75.0,6200.0,99.22745833333333,4933.0,99.43008333333334,4191.0,98.66187500000001,97.96416666666666,0.0,0.5065416666666667,0.45587500000000003,98.264875,98.63616666666667,96.38804166666667,2.2025,26.244125,7.201375,52.05458333333333,24.704166666666666,-95.41291666666666,-10.205,8.155416666666666,8.615,8.02625,6.8445833333333335,5.577500000000001,22.245833333333334,589.0,1308.7916666666667,46.50208333333333,32.58375,42.65,29.162499999999998,52.25,7.256666666666667,-115.05250000000001,6.829166666666667,42.7389,4.4691,47.208,100.0,0.0
2026-08-25,R5-010,R5-010_L800_S3,R5,L800,80.0,6200.0,99.22558333333335,1761.0,99.42179166666666,1495.0,98.65174999999999,98.07916666666667,0.0,0.4663333333333333,0.41970833333333335,98.36670833333334,98.67554166666667,96.43970833333333,1.9979166666666668,25.659541666666666,4.7616249999999996,70.73916666666666,23.8875,-97.88833333333334,-11.155000000000001,6.747916666666666,8.474583333333333,8.250833333333334,6.883333333333333,5.17125,23.1875,574.1666666666666,1275.9166666666667,43.75375,28.89375,42.59916666666667,12.387500000000001,16.541666666666668,2.1316666666666664,-115.08,7.1125,18.0171,2.303,20.3203,100.0,0.0
2026-08-26,R5-001,R5-001_L1800_S1,R5,L1800,1.0,1650.0,99.21875,3465.0,99.43704166666667,2946.0,98.66029166666668,98.02083333333333,0.0,0.5117916666666666,0.46058333333333334,98.26287500000001,98.5605,96.1685,1.9295833333333334,17.014416666666666,4.627791666666667,38.14208333333333,23.016666666666666,-99.88916666666667,-10.746666666666668,8.245416666666666,8.624166666666666,8.200833333333334,6.689166666666666,5.3500000000000005,21.4875,439.625,976.9166666666666,45.72291666666666,35.347500000000004,42.79208333333333,30.349999999999998,44.125,4.9750000000000005,-115.17791666666666,7.825,34.765,3.8273,38.5925,100.0,0.0
2026-08-26,R5-001,R5-001_L1800_S2,R5,L1800,4.0,1650.0,99.231,2938.0,99.43341666666667,2495.0,98.66883333333334,97.95083333333334,0.0,0.5112083333333334,0.46008333333333334,98.37070833333333,98.63891666666666,96.31891666666667,2.127083333333333,17.776500000000002,5.499375000000001,31.825,23.2,-96.00375000000001,-9.5325,7.236249999999999,8.524166666666666,8.421666666666667,8.220833333333333,5.024583333333333,20.329166666666666,452.9583333333333,1006.625,45.79416666666666,35.86666666666667,42.25541666666667,21.545833333333334,36.666666666666664,5.314166666666667,-115.45916666666666,6.708333333333333,26.8089,4.0956,30.9048,100.0,0.0
2026-08-26,R5-001,R5-001_L1800_S3,R5,L1800,6.0,1650.0,99.303375,2069.0,99.48691666666667,1758.0,98.794,97.98958333333333,0.0,0.5375833333333333,0.4837916666666667,98.32683333333334,98.62970833333333,96.42812500000001,2.013333333333333,17.117166666666666,6.44025,47.78,24.825,-103.05083333333333,-11.57,8.481250000000001,8.647916666666667,8.32625,9.657916666666667,5.483750000000001,21.025000000000002,459.7083333333333,1021.625,43.68375,29.572916666666668,44.09375,23.9875,40.958333333333336,5.3374999999999995,-115.25416666666666,6.404166666666666,20.183,2.3122,22.4949,100.0,0.0
2026-08-26,R5-001,R5-001_L2100_S1,R5,L2100,2.0,300.0,99.24820833333332,1826.0,99.46308333333333,1551.0,98.71533333333333,97.85333333333334,0.0,1.1417916666666665,1.0277083333333332,98.27075,98.64033333333333,96.294375,2.03125,22.739666666666665,5.96225,50.682500000000005,24.066666666666666,-88.45666666666666,-15.3575,0.7741666666666668,6.077500000000001,8.285,8.691666666666666,5.2595833333333335,37.670833333333334,3162.4583333333335,6325.083333333333,46.590833333333336,32.596666666666664,42.979166666666664,18.195833333333333,30.25,3.1195833333333334,-115.02625,26.09583333333333,21.7515,3.2315,24.9828,100.0,0.0
2026-08-26,R5-001,R5-001_L2100_S2,R5,L2100,5.0,300.0,99.24104166666666,2608.0,99.44220833333333,2218.0,98.68766666666666,98.08416666666666,0.0,0.5013333333333333,0.4512083333333334,98.36445833333333,98.60004166666666,96.39466666666668,1.9583333333333333,24.855791666666665,5.7740833333333335,49.257083333333334,24.5125,-95.71375,-9.819583333333334,8.804583333333333,8.68,8.125833333333334,8.320416666666667,5.038333333333333,21.0125,550.4166666666666,1223.0416666666667,46.75125,30.463333333333335,44.199999999999996,24.808333333333334,41.25,3.91625,-115.09875,6.854166666666667,21.122,3.3748,24.4971,100.0,0.0
2026-08-26,R5-001,R5-001_L2100_S3,R5,L2100,7.0,300.0,99.2115,2686.0,99.4205,2285.0,98.63654166666667,98.17750000000001,0.0,0.49341666666666667,0.44408333333333333,98.39870833333333,98.63916666666667,96.113625,1.8654166666666667,21.818541666666665,7.1535,41.768750000000004,24.65416666666667,-95.64999999999999,-10.490416666666667,7.66875,8.56625,8.210416666666667,7.322500000000001,5.148333333333333,20.783333333333335,603.7083333333334,1341.5,45.39875,29.279583333333335,42.033750000000005,27.641666666666666,46.791666666666664,6.2275,-115.10708333333334,7.208333333333333,40.44,6.1531,46.5934,100.0,0.0
2026-08-26,R5-001,R5-001_L800_S1,R5,L800,3.0,6200.0,99.24845833333335,5478.0,99.43425,4656.0,98.68704166666667,97.90749999999998,0.0,0.5248333333333334,0.47254166666666664,98.39008333333334,98.73916666666666,96.24149999999999,2.0429166666666667,26.09545833333333,3.827458333333334,60.01125,24.979166666666668,-95.58833333333332,-10.135416666666666,7.900833333333334,8.589583333333334,8.465833333333334,8.9425,5.235,21.058333333333334,426.0,946.8333333333334,45.225833333333334,25.37625,41.8225,33.416666666666664,52.0,7.126666666666666,-115.19749999999999,6.820833333333333,37.384,5.8201,43.2041,100.0,0.0
2026-08-26,R5-001,R5-001_L800_S3,R5,L800,8.0,6200.0,99.28341666666667,4176.0,99.42916666666667,3551.0,98.71691666666668,97.95625,0.0,0.5030833333333333,0.45283333333333337,98.27820833333334,98.572625,96.21333333333332,2.0608333333333335,23.360375,7.028708333333333,51.68125,23.695833333333336,-97.30624999999999,-11.0625,6.674166666666667,8.467083333333333,8.602500000000001,8.455416666666666,4.972916666666666,20.925,379.5416666666667,843.5416666666666,46.517500000000005,26.0325,42.27458333333333,31.354166666666668,54.833333333333336,8.387083333333333,-114.96166666666666,6.254166666666666,44.6143,4.9668,49.581,100.0,0.0
2026-08-26,R5-002,R5-002_L1800_S1,R5,L1800,9.0,1650.0,99.23579166666667,4012.0,99.44870833333334,3409.0,98.68879166666666,97.99541666666666,0.0,0.4842916666666666,0.435875,98.24966666666667,98.52941666666668,96.37141666666666,1.9649999999999999,8.753124999999999,4.942916666666666,18.534166666666668,23.883333333333336,-98.54958333333333,-9.963333333333333,10.327083333333333,8.832083333333333,8.345416666666667,9.834999999999999,5.121666666666667,20.366666666666667,510.5833333333333,1134.75,70.57166666666667,45.60333333333333,41.000416666666666,56.89166666666667,84.25,13.929166666666667,-115.49166666666667,7.158333333333334,46.8799,3.2309,50.1107,100.0,0.0
2026-08-26,R5-002,R5-002_L1800_S2,R5,L1800,12.0,1650.0,99.29779166666667,1865.0,99.41770833333334,1584.0,98.71970833333334,98.08791666666667,0.0,0.48925,0.4404166666666667,98.28008333333332,98.58216666666668,96.343125,1.9933333333333334,18.641000000000002,4.482583333333333,50.44416666666667,24.025000000000002,-96.05458333333333,-8.35875,8.148333333333333,8.615416666666667,8.242916666666666,9.682916666666666,5.132916666666667,20.870833333333334,491.125,1091.0416666666667,46.85,27.59583333333333,43.218333333333334,21.316666666666666,28.75,6.045416666666667,-114.94375000000001,7.0375000000000005,14.2724,1.7423,16.0149,100.0,0.0
2026-08-26,R5-002,R5-002_L1800_S3,R5,L1800,14.0,1650.0,99.18733333333334,4408.0,99.43208333333332,3747.0,98.62408333333333,98.00916666666666,0.0,0.4882916666666666,0.4395833333333334,98.324875,98.65058333333333,96.38229166666667,1.9024999999999999,21.899375000000003,3.6177916666666667,37.82875,24.616666666666664,-96.0825,-9.866249999999999,8.102916666666667,8.610416666666667,7.984999999999999,9.591666666666667,5.32875,21.091666666666665,596.0416666666666,1324.4166666666667,47.185,34.75416666666667,43.53666666666666,27.72083333333333,45.208333333333336,6.6325,-115.37833333333333,6.820833333333333,23.8701,2.8571,26.7275,100.0,0.0
2026-08-26,R5-002,R5-002_L2100_S1,R5,L2100,10.0,300.0,99.26933333333334,4039.0,99.40141666666666,3435.0,98.675125,98.02166666666666,0.0,0.5087083333333333,0.45779166666666665,98.34754166666666,98.69433333333335,96.37579166666666,1.9124999999999999,12.212125,3.60525,20.569583333333334,24.47083333333333,-97.35000000000001,-10.03,9.54875,8.754166666666666,8.41375,8.9675,4.871666666666667,21.670833333333334,362.9166666666667,806.5833333333334,44.290416666666665,29.048333333333332,42.44166666666667,24.337500000000002,40.5,4.150416666666667,-115.63083333333333,7.2875000000000005,29.0831,3.6303,32.7136,100.0,0.0
2026-08-26,R5-002,R5-002_L2100_S2,R5,L2100,13.0,300.0,99.26400000000001,4901.0,99.45570833333333,4167.0,98.72370833333333,97.94416666666666,0.0,0.5249583333333333,0.47245833333333337,98.33625,98.63212499999999,96.25033333333333,1.9679166666666665,20.752583333333334,3.6502083333333335,58.88958333333333,24.587500000000002,-98.07833333333333,-9.898333333333333,8.165000000000001,8.615416666666667,8.54875,10.482083333333334,5.281666666666667,22.212500000000002,329.75,732.9583333333334,47.76083333333333,29.918333333333333,45.52458333333333,30.370833333333334,44.083333333333336,9.01375,-115.52999999999999,7.104166666666667,28.1983,3.5718,31.7699,100.0,0.0
2026-08-26,R5-002,R5-002_L2100_S3,R5,L2100,15.0,300.0,99.29645833333332,1885.0,99.479125,1601.0,98.77945833333332,98.04,0.0,0.4822916666666666,0.43404166666666666,98.28379166666667,98.57716666666666,96.183375,1.9933333333333332,13.494166666666667,7.126708333333333,21.30333333333333,22.400000000000002,-102.14041666666667,-9.40375,6.765416666666667,8.477083333333333,7.75875,7.914583333333333,5.155833333333333,20.479166666666668,388.0,862.25,44.60958333333334,27.65625,41.39791666666667,22.041666666666668,36.583333333333336,5.872083333333333,-115.35625,7.183333333333334,31.0505,4.8055,35.8562,100.0,0.0
2026-08-26,R5-002,R5-002_L800_S1,R5,L800,11.0,6200.0,99.26470833333333,1184.0,99.47216666666667,1007.0,98.74062500000001,98.12458333333335,0.0,0.50725,0.45645833333333335,98.34133333333334,98.61816666666665,96.27779166666666,1.9679166666666665,23.592583333333334,6.077583333333333,62.852916666666665,23.400000000000002,-93.86916666666667,-8.78,6.9245833333333335,8.492916666666668,8.085416666666667,8.73625,5.1075,20.495833333333334,633.2083333333334,1407.0833333333333,44.79541666666666,30.87875,42.40833333333333,14.1875,21.166666666666668,2.2708333333333335,-115.00916666666666,7.033333333333334,18.2374,2.3948,20.6323,100.0,0.0
2026-08-26,R5-002,R5-002_L800_S3,R5,L800,16.0,6200.0,99.27120833333333,4838.0,99.45658333333334,4112.0,98.73179166666667,97.99958333333332,0.0,0.5056666666666666,0.45529166666666665,98.30149999999999,98.57916666666667,96.41254166666666,2.0008333333333335,25.979583333333334,7.201416666666667,66.99958333333333,23.3125,-96.46625,-11.601666666666667,7.765,8.577083333333333,7.904166666666666,7.197500000000001,4.9437500000000005,20.504166666666666,321.8333333333333,715.1666666666666,44.0075,24.405,42.71458333333334,32.78333333333333,50.375,5.674166666666667,-115.55,7.270833333333333,47.7853,4.6564,52.4416,100.0,0.0
2026-08-26,R5-003,R5-003_L1800_S1,R5,L1800,17.0,1650.0,99.23954166666665,3387.0,99.42420833333334,2881.0,98.66829166666668,98.01291666666667,0.0,0.4768333333333333,0.4291666666666667,98.369875,98.73616666666668,96.34016666666668,2.018333333333333,21.27775,5.315791666666667,63.30083333333334,25.0625,-98.53666666666668,-8.745833333333334,6.861249999999999,8.485833333333334,8.074166666666667,9.629166666666666,5.142083333333333,21.0375,467.75,1039.25,43.91833333333333,34.446666666666665,42.915,28.641666666666666,41.833333333333336,6.857500000000001,-115.34083333333332,7.5874999999999995,33.3708,2.9347,36.3053,100.0,0.0
2026-08-26,R5-003,R5-003_L1800_S2,R5,L1800,20.0,1650.0,96.72095833333333,5097.0,99.44545833333332,4335.0,96.18475000000001,97.94333333333333,0.0,1.8440833333333335,1.6596666666666666,98.30616666666667,98.621375,96.35370833333333,1.9708333333333332,4.193125,4.193583333333334,12.246666666666668,24.0625,-115.23041666666666,-10.25625,1.235,5.623333333333334,8.22625,10.674999999999999,36.35541666666666,45.270833333333336,361.5416666666667,803.5,45.82916666666667,32.63041666666667,44.04,32.55833333333333,56.041666666666664,6.495,-115.25083333333333,6.929166666666667,29.2482,2.5392,31.7878,100.0,0.0
2026-08-26,R5-003,R5-003_L1800_S3,R5,L1800,22.0,1650.0,99.30308333333333,2851.0,99.46683333333334,2422.0,98.77370833333333,97.94458333333334,0.0,0.49666666666666665,0.4470416666666666,98.39887499999999,98.683875,96.44312500000001,1.8041666666666665,14.239083333333333,3.6694583333333335,24.035416666666666,23.6125,-93.54124999999999,-10.7525,8.189583333333333,8.617916666666668,8.333333333333334,7.072500000000001,5.2283333333333335,21.07916666666667,620.625,1379.0,45.084583333333335,27.595,41.40125,18.0125,23.791666666666668,4.120833333333334,-115.14375,6.825,20.2453,3.0541,23.2995,100.0,0.0
2026-08-26,R5-003,R5-003_L2100_S1,R5,L2100,18.0,300.0,99.26979166666666,1364.0,99.44670833333333,1163.0,98.720625,98.07916666666667,0.0,0.508,0.457125,98.31470833333333,98.54779166666667,96.38633333333333,2.0904166666666666,21.90433333333333,3.452958333333333,56.0675,23.804166666666664,-98.1275,-11.0475,8.646666666666667,8.664583333333333,8.202499999999999,7.694583333333333,5.34625,20.775000000000002,505.5833333333333,1123.375,45.57916666666667,31.29875,42.21875,12.625,19.958333333333332,2.0770833333333334,-115.32166666666666,6.845833333333334,10.2678,0.8698,11.1379,100.0,0.0
2026-08-26,R5-003,R5-003_L2100_S2,R5,L2100,21.0,300.0,99.30129166666666,3146.0,99.42854166666666,2674.0,98.73404166666667,98.07541666666667,0.0,0.5192916666666666,0.4674583333333333,98.23133333333334,98.52191666666666,96.23895833333334,2.0079166666666666,12.951916666666667,3.573625,20.49,24.733333333333334,-96.77583333333332,-10.474166666666667,7.680416666666666,8.568333333333333,8.084166666666667,7.812916666666666,5.035416666666666,20.629166666666666,468.3333333333333,1040.7083333333333,45.98416666666666,36.4625,42.00208333333333,22.537499999999998,38.625,3.5745833333333334,-115.32916666666667,7.083333333333333,14.2009,2.2636,16.4647,100.0,0.0
2026-08-26,R5-003,R5-003_L2100_S3,R5,L2100,23.0,300.0,99.209,3364.0,99.45354166666668,2862.0,98.666875,97.90666666666665,0.0,0.47612499999999996,0.4287083333333333,98.26116666666667,98.56716666666667,96.386625,1.9466666666666665,21.130125,5.634708333333333,57.34833333333333,23.883333333333336,-98.41791666666667,-10.454583333333334,10.317083333333334,8.8325,8.395833333333334,10.078333333333333,5.634583333333333,20.391666666666666,321.9583333333333,715.5,45.622083333333336,26.931250000000002,40.21083333333333,28.916666666666668,41.208333333333336,8.602500000000001,-115.31416666666667,6.845833333333334,29.3223,4.1795,33.5019,100.0,0.0
2026-08-26,R5-003,R5-003_L800_S1,R5,L800,19.0,6200.0,99.246875,3941.0,99.42404166666667,3348.0,98.67537499999999,98.18708333333332,0.0,0.5031666666666667,0.45287499999999997,98.277,98.5705,96.25254166666667,1.9758333333333333,13.482166666666666,5.565083333333334,35.21125,24.129166666666666,-92.08833333333332,-9.825000000000001,8.6775,8.66875,8.388333333333334,10.825833333333334,5.0183333333333335,20.220833333333335,341.2916666666667,758.1666666666666,45.15208333333334,35.76916666666667,42.69916666666666,27.15833333333333,45.916666666666664,4.3225,-115.5125,6.366666666666666,34.8402,5.127,39.9669,100.0,0.0
2026-08-26,R5-003,R5-003_L800_S3,R5,L800,24.0,6200.0,99.25816666666667,2993.0,99.45995833333332,2544.0,98.72216666666667,98.16958333333334,0.0,0.4835416666666667,0.435125,98.33929166666667,98.585875,96.29170833333335,1.9654166666666668,21.660541666666663,6.118625000000001,33.33,25.195833333333336,-93.47708333333333,-9.50125,6.289166666666667,8.429583333333333,8.200000000000001,9.51375,5.1575,20.545833333333334,488.5,1085.3333333333333,46.845,33.404583333333335,43.15833333333333,18.216666666666665,25.583333333333332,4.120833333333334,-115.54708333333333,7.845833333333334,21.9237,2.141,24.0651,100.0,0.0
2026-08-26,R5-004,R5-004_L1800_S1,R5,L1800,25.0,1650.0,99.2645,4597.0,99.45829166666665,3906.0,98.72691666666667,98.06708333333334,0.0,0.50025,0.4502916666666667,98.33183333333334,98.62508333333334,96.19416666666666,1.9437499999999999,22.151333333333337,6.26325,33.94166666666667,24.412499999999998,-100.29166666666667,-10.15,9.429583333333333,8.740833333333333,8.652916666666666,7.334583333333334,5.472083333333334,20.708333333333332,330.9583333333333,735.375,45.89125000000001,26.695000000000004,43.61916666666667,31.920833333333334,53.208333333333336,4.9904166666666665,-115.42291666666667,7.195833333333333,21.088,2.6352,23.7226,100.0,0.0
2026-08-26,R5-004,R5-004_L1800_S2,R5,L1800,28.0,1650.0,99.23899999999999,2840.0,99.43891666666667,2412.0,98.682375,98.02458333333334,0.0,1.9447083333333335,1.7501666666666666,98.22933333333333,98.509125,95.99979166666667,2.0779166666666664,11.441083333333333,7.592666666666666,30.084999999999997,23.425,-106.54708333333333,-10.902500000000002,4.173333333333333,8.573333333333332,8.564166666666667,7.845416666666666,24.706666666666667,21.40833333333333,337.8333333333333,750.5416666666666,46.274166666666666,27.98625,42.50875,17.125,26.5,3.9908333333333332,-115.375,6.508333333333333,13.5439,1.3526,14.8964,100.0,0.0
2026-08-26,R5-004,R5-004_L1800_S3,R5,L1800,30.0,1650.0,99.255125,2995.0,99.46604166666667,2547.0,98.72533333333332,98.06208333333332,0.0,0.5095,0.4586666666666667,98.30895833333334,98.5785,96.18066666666665,1.9225,21.561291666666666,7.2592083333333335,56.835,24.704166666666666,-101.60541666666667,-9.145,4.7004166666666665,8.268749999999999,8.562916666666666,8.417916666666667,5.222083333333333,20.666666666666668,518.5833333333334,1152.2916666666667,44.362500000000004,33.9325,42.10583333333333,34.5,61.875,9.718333333333334,-115.16125,7.0625,21.015,2.6021,23.6166,100.0,0.0
2026-08-26,R5-004,R5-004_L2100_S1,R5,L2100,26.0,300.0,99.265,3316.0,99.44904166666667,2818.0,98.71825,98.11333333333333,0.0,0.5117916666666666,0.46058333333333334,98.26545833333334,98.49575,96.174375,1.9175000000000002,15.062750000000001,7.0326249999999995,43.14791666666667,24.275000000000002,-96.07291666666667,-9.12375,9.67375,8.766666666666667,7.8308333333333335,9.023333333333333,5.302499999999999,22.491666666666664,529.9583333333334,1177.6666666666667,48.23375000000001,32.93125,42.443333333333335,28.71666666666667,48.583333333333336,5.05375,-115.3525,7.108333333333333,35.727,5.5573,41.2846,100.0,0.0
2026-08-26,R5-004,R5-004_L2100_S2,R5,L2100,29.0,300.0,99.29795833333333,3438.0,99.517375,2923.0,98.81875000000001,97.8175,0.0,0.5096666666666666,0.458625,98.32516666666668,98.59279166666666,96.10141666666668,2.065,17.209875,4.924125,27.986666666666668,23.258333333333336,-102.61166666666666,-10.077499999999999,7.860833333333333,8.585833333333333,8.27875,10.587916666666667,5.406666666666666,20.945833333333333,540.7083333333334,1201.375,45.802083333333336,28.06833333333333,41.16166666666667,23.695833333333336,36.375,6.625416666666666,-115.34458333333333,6.341666666666666,30.2599,4.809,35.0682,100.0,0.0
2026-08-26,R5-004,R5-004_L2100_S3,R5,L2100,31.0,300.0,99.30775,3706.0,99.46875,3154.0,98.78033333333333,98.00124999999998,0.0,0.49295833333333333,0.443625,98.20933333333333,98.50733333333334,96.10483333333333,1.99875,25.491708333333335,7.155208333333333,75.38916666666667,24.429166666666664,-95.73958333333333,-8.382916666666667,7.322916666666667,8.532916666666667,8.282916666666667,9.058333333333334,5.800833333333333,21.125,320.6666666666667,712.5416666666666,43.219166666666666,29.17,41.847500000000004,24.3625,32.958333333333336,4.392083333333333,-115.14958333333334,6.808333333333334,34.7433,5.0073,39.7506,100.0,0.0
2026-08-26,R5-004,R5-004_L800_S1,R5,L800,27.0,6200.0,99.28120833333332,3862.0,99.45204166666667,3283.0,98.73745833333334,98.10958333333333,0.0,0.5168333333333334,0.46504166666666663,98.23204166666666,98.45875,96.20125,2.129583333333333,23.302166666666665,5.046083333333333,49.92916666666667,23.608333333333334,-100.06625000000001,-10.41125,5.7749999999999995,8.3775,8.228333333333333,10.645416666666668,5.504166666666666,20.8125,587.7083333333334,1306.125,45.30041666666667,32.30041666666667,41.766666666666666,31.429166666666664,45.458333333333336,7.419583333333333,-115.02833333333332,7.120833333333334,44.4868,6.9301,51.4167,100.0,0.0
2026-08-26,R5-004,R5-004_L800_S3,R5,L800,32.0,6200.0,99.31008333333334,3051.0,99.41695833333334,2592.0,98.73120833333333,97.99458333333332,0.0,0.508125,0.45729166666666665,98.32558333333333,98.57912499999999,96.4285,2.0470833333333336,21.85275,5.326083333333333,62.572916666666664,24.412499999999998,-95.96625,-11.278333333333334,6.97625,8.495833333333334,8.09875,7.728750000000001,5.3254166666666665,20.891666666666666,389.625,865.7083333333334,45.92416666666667,30.631666666666664,43.26500000000001,25.995833333333334,39.75,6.941666666666666,-115.16833333333334,7.608333333333333,19.5748,2.3956,21.9707,100.0,0.0
2026-08-26,R5-005,R5-005_L1800_S1,R5,L1800,33.0,1650.0,97.836,2979.0,99.438875,2532.0,97.28708333333333,88.64375,0.0,1.5385833333333334,1.384625,98.33191666666666,98.60245833333333,96.32941666666666,1.9770833333333335,24.181208333333334,2.067458333333333,70.27833333333334,23.5125,-91.40583333333332,-9.063333333333334,8.659166666666666,8.665833333333333,8.11875,6.52,5.1137500000000005,20.412499999999998,346.1666666666667,769.0416666666666,44.145833333333336,33.22541666666667,42.160000000000004,25.179166666666664,38.333333333333336,4.413333333333333,-100.00833333333333,39.96666666666666,20.014,2.2317,22.2457,100.0,0.0
2026-08-26,R5-005,R5-005_L1800_S2,R5,L1800,36.0,1650.0,99.33387499999999,4214.0,99.47179166666666,3581.0,98.80908333333333,98.07916666666667,0.0,0.5095,0.45849999999999996,98.29508333333332,98.58024999999999,96.18058333333333,2.1170833333333334,15.81,6.817916666666666,36.95583333333334,22.59166666666667,-95.98041666666667,-11.455,8.705833333333333,8.669583333333334,8.5075,7.782916666666666,4.847083333333333,20.316666666666666,558.0833333333334,1240.2916666666667,44.18208333333333,25.52875,43.031666666666666,27.458333333333332,36.291666666666664,6.465416666666666,-115.47291666666666,6.991666666666667,18.1184,2.7721999999999998,20.8906,100.0,0.0
2026-08-26,R5-005,R5-005_L1800_S3,R5,L1800,38.0,1650.0,99.20037500000001,3589.0,99.477875,3047.0,98.68270833333334,98.05624999999999,0.0,0.4790833333333333,0.43124999999999997,98.29129166666667,98.63791666666667,96.35258333333333,2.1141666666666667,16.846708333333336,4.9171249999999995,27.707083333333333,23.95,-95.32541666666667,-11.063749999999999,5.885000000000001,8.387916666666667,8.08125,9.525,5.074583333333334,20.783333333333335,451.9583333333333,1004.2916666666666,46.77916666666667,33.975833333333334,42.67333333333334,32.52916666666667,48.375,7.432083333333334,-115.58416666666666,6.854166666666667,22.896900000000002,2.9523,25.8493,100.0,0.0
2026-08-26,R5-005,R5-005_L2100_S1,R5,L2100,34.0,300.0,99.26170833333333,5340.0,99.44541666666667,4538.0,98.71125,98.10583333333334,0.0,0.504125,0.45379166666666665,98.29604166666667,98.56337500000001,96.3335,2.1912499999999997,24.441666666666666,4.0906666666666665,56.63125,23.166666666666668,-96.56666666666666,-10.595,7.233750000000001,8.522916666666667,8.32,8.765833333333333,5.074166666666667,20.420833333333334,567.2916666666666,1260.8333333333333,44.42875,29.83,41.68666666666667,33.0,49.041666666666664,7.349166666666666,-115.07666666666667,7.5625,30.9718,3.1234,34.0952,100.0,0.0
2026-08-26,R5-005,R5-005_L2100_S2,R5,L2100,37.0,300.0,99.20016666666668,2111.0,99.45141666666666,1792.0,98.65616666666666,98.12583333333333,0.0,0.52125,0.46904166666666663,98.32666666666667,98.64241666666668,96.37408333333333,1.9879166666666668,19.046416666666666,3.5228333333333333,35.57958333333333,24.733333333333334,-94.28500000000001,-10.144583333333333,8.565833333333332,8.656666666666666,7.87875,6.940416666666667,5.1866666666666665,21.52916666666667,354.5,787.8333333333334,45.94375,31.110416666666666,42.94625,19.962500000000002,34.541666666666664,3.6225,-115.36874999999999,6.591666666666666,22.2454,2.738,24.9832,100.0,0.0
2026-08-26,R5-005,R5-005_L2100_S3,R5,L2100,39.0,300.0,99.207125,1218.0,99.50258333333333,1036.0,98.71387499999999,97.93874999999998,0.0,0.5060416666666666,0.4555,98.37716666666667,98.70270833333335,96.377875,2.0725000000000002,20.889541666666666,3.811875,34.449999999999996,24.383333333333336,-97.84375,-10.165416666666667,9.331249999999999,8.7325,8.56375,8.489583333333334,4.9425,20.333333333333332,418.9583333333333,930.8333333333334,44.852916666666665,27.926666666666666,40.96125,11.520833333333334,19.041666666666668,3.1525,-115.14208333333333,6.6875,12.3397,1.6089,13.9486,100.0,0.0
2026-08-26,R5-005,R5-005_L800_S1,R5,L800,35.0,6200.0,99.22329166666667,1243.0,99.44083333333333,1056.0,98.66841666666666,97.95791666666666,0.0,0.50025,0.4502916666666667,98.42129166666666,98.75695833333333,96.47991666666667,1.9054166666666665,17.7115,3.9925,51.3225,24.616666666666664,-96.57291666666667,-9.87625,6.2475,8.424166666666666,8.617083333333333,8.630416666666667,5.207083333333333,21.416666666666668,505.625,1123.625,46.39875,31.564166666666665,44.05916666666667,13.383333333333333,19.0,2.1883333333333335,-115.33458333333334,7.279166666666666,16.3124,1.9883,18.3002,100.0,0.0
2026-08-26,R5-005,R5-005_L800_S3,R5,L800,40.0,6200.0,99.254375,2281.0,99.45416666666667,1939.0,98.71266666666668,98.03708333333333,0.0,0.5132916666666667,0.4619583333333333,98.2385,98.537375,96.28995833333333,2.0845833333333332,17.45925,5.533166666666666,48.836666666666666,23.316666666666666,-94.03000000000002,-8.362083333333333,6.871666666666666,8.487083333333333,8.28375,10.622916666666667,5.514166666666667,21.575,422.625,939.1666666666666,46.77125,30.993750000000002,43.29416666666666,15.116666666666667,23.583333333333332,4.4504166666666665,-115.235,6.358333333333333,18.446,2.5717,21.018,100.0,0.0
2026-08-26,R5-006,R5-006_L1800_S1,R5,L1800,41.0,1650.0,99.22179166666666,2753.0,99.406625,2340.0,98.63316666666667,97.95333333333333,0.0,0.49500000000000005,0.44545833333333335,98.31820833333335,98.65708333333333,96.43874999999998,1.95875,23.215666666666667,4.335,65.56208333333333,24.162499999999998,-100.86125,-9.82375,6.860833333333333,8.485833333333334,8.47375,7.358750000000001,5.396249999999999,21.041666666666668,309.875,688.4166666666666,45.150416666666665,26.432083333333335,41.8925,25.558333333333334,35.541666666666664,5.891666666666667,-115.10875,7.483333333333333,20.361,3.0185,23.3794,100.0,0.0
2026-08-26,R5-006,R5-006_L1800_S2,R5,L1800,44.0,1650.0,99.273625,3266.0,99.43374999999999,2777.0,98.71145833333333,98.05708333333332,0.0,0.5231666666666667,0.4708333333333334,98.34166666666665,98.63816666666666,96.54529166666667,1.9012499999999999,24.891625,7.168166666666667,69.54583333333333,23.579166666666666,-97.09333333333332,-9.104583333333332,5.78375,8.378333333333334,8.020416666666668,9.944166666666666,5.659583333333334,20.6125,391.375,869.6666666666666,43.9975,32.30416666666667,41.753750000000004,31.3,50.708333333333336,7.492083333333333,-115.33916666666666,6.858333333333333,34.9731,4.793,39.7663,100.0,0.0
2026-08-26,R5-006,R5-006_L1800_S3,R5,L1800,46.0,1650.0,99.16250000000001,4838.0,99.14633333333335,4115.0,98.31608333333334,97.96958333333333,21.0,0.5642083333333333,0.5078333333333334,98.209625,98.43583333333333,96.30191666666667,2.0170833333333333,7.618208333333333,4.816083333333333,18.337083333333332,24.858333333333334,-95.84875,-10.755,8.197083333333333,8.61875,8.213333333333333,10.355416666666667,5.074583333333334,21.920833333333334,521.875,1159.75,76.7675,52.16833333333333,75.25583333333334,71.97083333333333,127.5,19.855416666666667,-114.88625,6.691666666666666,109.7939,7.0643,116.8582,100.0,0.0
2026-08-26,R5-006,R5-006_L2100_S1,R5,L2100,42.0,300.0,99.2505,5776.0,99.43595833333332,4912.0,98.69075,97.89999999999999,0.0,0.5105000000000001,0.4595416666666667,98.40887500000001,98.65104166666667,96.22320833333333,2.1404166666666664,22.833458333333336,7.1495,64.88041666666668,24.9375,-96.90333333333332,-11.338333333333333,8.147083333333333,8.615,8.228333333333333,9.786666666666667,5.212916666666667,20.849999999999998,365.2916666666667,811.7916666666666,45.69,31.4225,45.495,34.4375,55.5,6.098333333333334,-115.16916666666667,7.5125,46.3441,6.4377,52.7815,100.0,0.0
2026-08-26,R5-006,R5-006_L2100_S2,R5,L2100,45.0,300.0,99.27387499999999,3513.0,99.49166666666667,2983.0,98.76941666666666,97.97583333333334,0.0,0.5160833333333333,0.46449999999999997,98.19704166666666,98.58316666666667,96.438625,2.03,16.660958333333333,5.824916666666667,40.574999999999996,25.170833333333334,-97.21041666666667,-9.592916666666666,8.395,8.638333333333334,8.272083333333333,8.32625,5.702916666666667,21.8625,448.2083333333333,996.0416666666666,46.4925,31.93958333333333,42.49041666666667,28.816666666666666,46.875,6.824583333333333,-114.78666666666668,7.0874999999999995,34.3463,5.0437,39.3902,100.0,0.0
2026-08-26,R5-006,R5-006_L2100_S3,R5,L2100,47.0,300.0,99.20541666666666,1728.0,99.43516666666666,1467.0,98.64541666666666,97.94083333333333,0.0,0.5212083333333334,0.469125,98.24874999999999,98.63058333333333,96.33154166666667,2.0320833333333335,19.904416666666666,4.494,35.91416666666667,23.462500000000002,-93.46041666666667,-10.693333333333333,9.854583333333332,8.786666666666667,8.180833333333334,9.746666666666668,4.87875,21.870833333333334,395.125,878.2083333333334,46.32375,34.58416666666667,42.293749999999996,14.229166666666666,20.458333333333332,4.209583333333334,-115.14791666666667,7.616666666666667,20.0917,2.6677,22.7594,100.0,0.0
2026-08-26,R5-006,R5-006_L800_S1,R5,L800,43.0,6200.0,99.27091666666666,2475.0,99.45183333333334,2103.0,98.72691666666667,97.85583333333334,0.0,0.48854166666666665,0.43975000000000003,98.32595833333333,98.62029166666667,96.25458333333334,1.8929166666666666,17.732499999999998,5.921375,27.50708333333333,23.3875,-94.52666666666666,-8.758333333333333,7.565,8.55625,8.332083333333333,10.208333333333334,4.933333333333334,20.970833333333335,408.1666666666667,907.0833333333334,46.268750000000004,27.714166666666667,41.905833333333334,21.17083333333333,33.291666666666664,3.635833333333333,-115.65499999999999,7.191666666666666,30.1416,3.8683,34.01,100.0,0.0
2026-08-26,R5-006,R5-006_L800_S3,R5,L800,48.0,6200.0,99.24595833333332,2333.0,99.48620833333332,1982.0,98.73625,98.01541666666667,0.0,0.5075,0.4567916666666667,98.3325,98.64687500000001,96.3405,1.8458333333333332,21.20075,5.634583333333333,47.501666666666665,24.504166666666666,-98.38458333333334,-12.316249999999998,5.769583333333333,8.377083333333333,8.126666666666667,7.51125,5.351666666666667,21.4875,367.875,817.2916666666666,45.92458333333334,29.87875,44.33375,26.545833333333334,40.958333333333336,7.489583333333333,-115.5625,7.3999999999999995,21.3691,3.2418,24.6109,100.0,0.0
2026-08-26,R5-007,R5-007_L1800_S1,R5,L1800,49.0,1650.0,99.26670833333333,1488.0,99.46137499999999,1267.0,98.732125,98.04375,0.0,0.5203333333333333,0.468375,98.29645833333332,98.550875,96.15445833333332,1.9383333333333335,19.641166666666667,6.599208333333333,44.62958333333333,24.320833333333336,-97.43541666666665,-10.312083333333334,7.477083333333333,8.547916666666667,7.914583333333333,9.507916666666667,5.0808333333333335,20.308333333333334,569.375,1264.9583333333333,45.576249999999995,27.319999999999997,42.737500000000004,15.950000000000001,26.0,3.97,-115.03291666666667,7.370833333333334,14.4065,1.3086,15.7152,100.0,0.0
2026-08-26,R5-007,R5-007_L1800_S2,R5,L1800,52.0,1650.0,99.17683333333333,1034.0,99.43241666666667,878.0,98.61404166666667,97.93583333333333,0.0,0.53625,0.48275,98.32879166666667,98.57108333333333,96.39104166666665,1.9874999999999998,25.614875,5.3522083333333335,59.97,24.287499999999998,-95.35000000000001,-11.821666666666667,6.317916666666666,8.43125,8.3675,10.207083333333333,5.41125,20.875,419.375,931.8333333333334,46.949999999999996,29.69541666666667,43.83375,10.875,17.041666666666668,1.8570833333333334,-114.96625,6.454166666666667,9.4764,0.9028,10.379,100.0,0.0
2026-08-26,R5-007,R5-007_L1800_S3,R5,L1800,54.0,1650.0,99.18016666666666,2254.0,99.43304166666667,1918.0,98.61791666666666,97.96625,0.0,0.5074166666666667,0.4567083333333333,98.22995833333334,98.52966666666667,96.307,1.9579166666666667,19.370708333333333,4.373875,45.09916666666667,23.870833333333334,-101.32833333333333,-10.997916666666667,8.345,8.633333333333333,7.785833333333334,6.517499999999999,5.2575,20.941666666666666,411.1666666666667,913.7083333333334,46.54208333333333,32.18625,43.05583333333333,24.829166666666666,40.708333333333336,6.8133333333333335,-115.67916666666667,6.641666666666667,20.6518,2.6763,23.3283,100.0,0.0
2026-08-26,R5-007,R5-007_L2100_S1,R5,L2100,50.0,300.0,99.24533333333333,4284.0,99.43504166666666,3641.0,98.68466666666666,97.99875000000002,0.0,0.5244166666666666,0.47208333333333335,98.3165,98.54258333333333,96.01908333333334,1.8554166666666667,18.987166666666667,5.490125,36.040416666666665,23.616666666666664,-93.19583333333333,-8.3025,10.135833333333332,8.814166666666667,8.725833333333332,10.667499999999999,5.332916666666667,21.825,565.7916666666666,1257.3333333333333,44.67458333333334,33.73041666666666,43.92333333333334,33.71666666666667,54.0,7.75,-115.99541666666666,7.391666666666667,41.7611,3.3449,45.1058,100.0,0.0
2026-08-26,R5-007,R5-007_L2100_S2,R5,L2100,53.0,300.0,94.382625,1126.0,95.66033333333333,959.0,90.28858333333334,92.06041666666665,0.0,0.4874583333333333,0.4386666666666667,98.25691666666667,98.565375,96.20037500000001,1.8929166666666666,12.643916666666668,7.272666666666667,24.68875,23.96666666666667,-94.015,-9.383333333333333,6.704999999999999,8.470833333333333,8.105,9.796666666666667,5.475833333333333,20.470833333333335,539.4583333333334,1198.6666666666667,44.90375,32.40083333333333,67.42958333333333,10.791666666666666,17.875,2.8329166666666663,-115.7675,7.308333333333334,7.2429,0.6542,7.8973,100.0,0.0
2026-08-26,R5-007,R5-007_L2100_S3,R5,L2100,55.0,300.0,99.30091666666665,2192.0,99.40129166666667,1862.0,98.70645833333333,98.06458333333335,0.0,0.5327083333333333,0.4794583333333333,98.29545833333333,98.60291666666666,96.089625,2.0170833333333333,24.971166666666665,7.28625,46.60208333333333,24.5125,-98.09791666666666,-9.902083333333334,7.483750000000001,8.54875,8.34625,9.752916666666666,5.497916666666666,20.75,343.2083333333333,762.6666666666666,45.62041666666667,36.270833333333336,43.04916666666667,15.179166666666667,26.291666666666668,3.3641666666666663,-115.31708333333334,7.758333333333333,9.3681,1.0247,10.3926,100.0,0.0
2026-08-26,R5-007,R5-007_L800_S1,R5,L800,51.0,6200.0,99.215875,1208.0,99.456125,1027.0,98.67658333333333,98.00458333333334,0.0,0.5245,0.4721666666666667,98.18404166666666,98.448,96.06349999999999,1.8908333333333334,16.763125,3.545,27.83,25.083333333333332,-98.6475,-11.364166666666668,6.864999999999999,8.486666666666666,8.0475,9.60375,5.212083333333333,21.2,409.75,910.6666666666666,46.16625,34.32208333333333,42.66125,11.054166666666667,18.125,2.6662500000000002,-115.83708333333334,6.495833333333334,15.5624,1.2789,16.841,100.0,0.0
2026-08-26,R5-007,R5-007_L800_S3,R5,L800,56.0,6200.0,99.25962499999999,1111.0,99.43925,944.0,98.70308333333332,97.93624999999999,0.0,0.48033333333333333,0.4322916666666667,98.184625,98.50737500000001,96.02300000000001,2.021666666666667,14.855375,6.6258333333333335,23.071250000000003,24.083333333333332,-95.91916666666667,-10.370833333333334,6.8812500000000005,8.488333333333333,8.145833333333334,7.649166666666667,5.596666666666667,21.025000000000002,563.2083333333334,1251.4166666666667,46.212916666666665,34.92583333333334,42.49791666666667,11.6,16.666666666666668,2.013333333333333,-115.05708333333332,6.8125,8.3436,1.0233,9.366999999999999,100.0,0.0
2026-08-26,R5-008,R5-008_L1800_S1,R5,L1800,57.0,1650.0,99.24345454545455,1490.0,99.44850000000001,1268.0,98.69622727272727,97.97458333333333,0.0,0.49816666666666665,0.44825000000000004,98.3125,98.64575,96.361375,2.0175,14.566208333333334,5.553999999999999,33.058749999999996,23.770833333333332,-101.60375,-9.867916666666668,6.420000000000001,8.442083333333334,8.272083333333333,8.364583333333334,5.260833333333333,20.641666666666666,332.9166666666667,739.875,42.73458333333334,27.885416666666668,44.382083333333334,15.633333333333333,24.25,4.172083333333333,-115.37083333333334,7.3,22.4752,1.902,24.3772,92.675125,105.5
2026-08-26,R5-008,R5-008_L1800_S2,R5,L1800,60.0,1650.0,99.22224999999999,2800.0,99.46154166666668,2379.0,98.68808333333334,98.10666666666667,0.0,0.5130833333333333,0.4618333333333333,98.251875,98.48233333333333,96.15191666666668,1.93875,17.092583333333334,6.056041666666666,43.486250000000005,23.758333333333336,-96.34458333333333,-12.474583333333333,7.411666666666666,8.540833333333333,8.132083333333332,8.033333333333333,5.067916666666666,20.916666666666668,338.5833333333333,752.0833333333334,43.02041666666667,31.462500000000002,41.90875,17.433333333333334,29.958333333333332,3.422083333333333,-115.0725,6.970833333333334,10.8888,1.664,12.5532,100.0,0.0
2026-08-26,R5-008,R5-008_L1800_S3,R5,L1800,62.0,1650.0,99.25816666666667,2714.0,99.42283333333334,2309.0,98.68541666666665,97.995,0.0,0.483125,0.43483333333333335,98.32716666666666,98.67570833333333,96.32929166666666,2.01125,22.86329166666667,5.163916666666666,51.501666666666665,23.28333333333333,-101.62583333333333,-10.080416666666666,6.78625,8.477916666666667,9.276666666666666,10.095,5.312916666666667,20.508333333333333,403.5,896.5416666666666,45.26,30.949166666666667,41.824999999999996,21.2375,34.25,4.2491666666666665,-115.52708333333334,7.0125,15.3524,1.9939,17.3466,100.0,0.0
2026-08-26,R5-008,R5-008_L2100_S1,R5,L2100,58.0,300.0,99.194,4491.0,99.43216666666666,3817.0,98.63058333333333,98.00375000000001,0.0,0.5111249999999999,0.46012499999999995,98.23341666666666,98.57283333333334,96.31141666666667,2.06125,21.320249999999998,5.781208333333333,48.64875,23.795833333333334,-93.2675,-11.6175,7.015000000000001,8.50125,8.524166666666668,10.01375,5.34625,21.641666666666666,385.5,856.5416666666666,46.51458333333333,30.66,43.254999999999995,31.333333333333332,55.291666666666664,6.59625,-115.22541666666666,7.691666666666666,45.4368,5.8775,51.3146,100.0,0.0
2026-08-26,R5-008,R5-008_L2100_S2,R5,L2100,61.0,300.0,99.22437500000001,1720.0,99.42791666666666,1462.0,98.656625,97.995,0.0,0.51375,0.462375,98.32079166666666,98.64345833333334,96.28379166666667,2.09375,21.60175,7.285,38.877500000000005,23.358333333333334,-93.74708333333332,-9.565833333333334,4.779166666666667,8.277916666666668,8.597916666666666,10.223333333333334,5.29625,20.525000000000002,543.5416666666666,1208.0,45.17791666666667,34.82791666666667,42.54083333333333,13.104166666666666,22.208333333333332,3.19,-114.99291666666666,7.170833333333333,9.4467,0.9969,10.4436,100.0,0.0
2026-08-26,R5-008,R5-008_L2100_S3,R5,L2100,63.0,300.0,99.21724999999999,2588.0,99.44495833333333,2200.0,98.66670833333335,97.96583333333332,0.0,0.4905,0.4414166666666666,98.327,98.64195833333333,96.56920833333334,2.06625,24.517416666666666,5.673000000000001,46.11375,23.270833333333332,-98.10958333333333,-9.464583333333334,8.712916666666667,8.6725,8.33,8.012500000000001,5.035,21.2375,333.375,740.875,45.2275,30.949166666666667,41.317083333333336,16.2,26.833333333333332,3.115,-115.14791666666667,7.566666666666666,12.3749,1.1188,13.4933,100.0,0.0
2026-08-26,R5-008,R5-008_L800_S1,R5,L800,59.0,6200.0,99.26462500000001,5089.0,99.3995,4323.0,98.66837500000001,98.04625,0.0,0.5127083333333333,0.4615,98.28654166666666,98.61258333333335,96.29254166666668,2.004166666666667,18.873583333333332,6.624375,29.005,25.275000000000002,-97.64208333333333,-10.09375,7.237916666666667,8.524166666666666,8.22,7.53,5.362916666666667,20.833333333333332,502.4583333333333,1116.625,46.17791666666667,36.78875,43.112500000000004,35.324999999999996,57.625,10.201666666666666,-115.27125000000001,7.054166666666667,48.7186,6.4962,55.2148,100.0,0.0
2026-08-26,R5-008,R5-008_L800_S3,R5,L800,64.0,6200.0,99.22895833333332,4601.0,99.42183333333332,3910.0,98.65516666666667,98.00041666666668,0.0,0.4975833333333333,0.4477083333333333,98.31483333333334,98.62412499999999,96.24270833333333,1.8866666666666667,17.779541666666667,6.584499999999999,30.372083333333332,23.558333333333334,-97.41708333333334,-9.437916666666666,9.185833333333333,8.719583333333334,8.242083333333333,7.451250000000001,5.360416666666667,21.525000000000002,402.5,894.2916666666666,46.120000000000005,34.71875,42.635,31.520833333333332,47.833333333333336,7.953333333333333,-115.42583333333333,6.9375,45.3499,5.3582,50.7079,100.0,0.0
2026-08-26,R5-009,R5-009_L1800_S1,R5,L1800,65.0,1650.0,99.23104166666667,4139.0,99.36658333333332,3516.0,98.60258333333333,98.12791666666668,0.0,0.5035833333333334,0.45325,98.31170833333333,98.60229166666666,96.24383333333333,2.004166666666667,24.52825,6.718791666666667,50.26333333333333,23.15416666666667,-99.00833333333333,-11.010833333333332,10.450416666666667,8.844583333333334,8.67125,10.1,5.372083333333333,22.1125,530.7083333333334,1179.4166666666667,47.91375,34.99916666666667,42.85,26.795833333333334,37.958333333333336,4.528333333333333,-115.55375,7.083333333333333,29.5817,2.6885,32.2704,100.0,0.0
2026-08-26,R5-009,R5-009_L1800_S2,R5,L1800,68.0,1650.0,99.26145833333334,3124.0,99.45145833333333,2654.0,98.71704166666666,97.9825,0.0,0.48054166666666664,0.43241666666666667,98.24958333333332,98.57720833333333,96.1475,1.9816666666666667,20.463708333333333,4.225375,40.097500000000004,22.983333333333334,-93.01666666666667,-10.44875,5.581666666666667,8.358333333333333,8.379166666666666,7.854583333333333,5.318333333333333,21.6375,425.2916666666667,944.8333333333334,46.48708333333334,28.139583333333334,42.61541666666667,31.5625,56.125,9.373333333333333,-115.32333333333332,7.208333333333333,29.7279,4.5484,34.2761,100.0,0.0
2026-08-26,R5-009,R5-009_L1800_S3,R5,L1800,70.0,1650.0,99.25866666666667,2249.0,99.42845833333332,1910.0,98.6915,98.06208333333335,0.0,0.49774999999999997,0.4479166666666667,98.26516666666667,98.60070833333333,96.24816666666668,2.0220833333333332,19.944333333333333,4.7105,41.65875,23.7625,-93.21125,-10.837916666666667,7.807916666666666,8.580833333333333,8.327083333333333,10.044583333333334,5.187083333333333,20.258333333333333,386.5833333333333,858.9583333333334,46.10041666666667,26.660416666666666,45.135416666666664,19.604166666666668,32.708333333333336,3.330833333333333,-115.0775,6.8999999999999995,23.7134,3.6725,27.386200000000002,100.0,0.0
2026-08-26,R5-009,R5-009_L2100_S1,R5,L2100,66.0,300.0,99.276,1099.0,99.46533333333333,931.0,98.74516666666666,98.04124999999999,0.0,0.5107083333333333,0.4595,98.39945833333333,98.68616666666667,96.469375,2.1370833333333334,12.336583333333332,5.7236666666666665,36.643750000000004,22.34166666666667,-95.53416666666668,-10.035416666666666,5.465833333333333,8.34625,8.154583333333333,8.352083333333333,5.355416666666667,21.40833333333333,411.7916666666667,915.2083333333334,45.776250000000005,30.545416666666668,44.26166666666666,12.016666666666666,16.833333333333332,2.0954166666666665,-115.36291666666666,7.0249999999999995,11.5721,1.7119,13.2836,100.0,0.0
2026-08-26,R5-009,R5-009_L2100_S2,R5,L2100,69.0,300.0,99.17637500000001,2037.0,99.43133333333333,1730.0,98.61254166666667,98.005,0.0,0.49337499999999995,0.444,98.27391666666666,98.52974999999999,96.35429166666667,2.0541666666666667,19.55575,4.463666666666667,51.906666666666666,23.320833333333336,-94.98458333333333,-9.786666666666667,6.3758333333333335,8.437916666666666,8.518333333333333,8.552083333333334,5.201666666666667,21.245833333333334,547.75,1217.2083333333333,44.64166666666667,32.09458333333333,41.623333333333335,15.233333333333334,25.0,2.44375,-115.35125,7.3875,14.267900000000001,1.4886,15.7563,100.0,0.0
2026-08-26,R5-009,R5-009_L2100_S3,R5,L2100,71.0,300.0,99.24604166666667,1439.0,99.47370833333333,1221.0,98.72383333333333,97.89583333333333,0.0,1.158,1.04225,93.26074999999999,93.5555,91.09229166666667,11.102916666666667,19.283958333333334,6.585791666666666,46.977916666666665,24.566666666666666,-95.71416666666666,-11.407916666666667,5.602083333333333,8.360416666666667,8.47375,8.15625,4.99,20.833333333333332,470.9166666666667,1046.5833333333333,45.809583333333336,26.83875,43.65166666666667,12.237499999999999,21.875,2.19125,-115.46333333333332,6.479166666666667,7.9171,1.2176,9.1349,100.0,0.0
2026-08-26,R5-009,R5-009_L800_S1,R5,L800,67.0,6200.0,99.21754166666666,3328.0,99.438,2828.0,98.66004166666666,97.94041666666668,0.0,0.5009583333333333,0.45087499999999997,98.33745833333334,98.57870833333334,96.44158333333333,1.9433333333333334,23.344291666666667,3.597958333333333,68.49791666666667,24.141666666666666,-93.13833333333334,-9.991666666666667,5.837916666666666,8.382916666666667,8.19875,7.605,5.4975,21.829166666666666,348.2916666666667,774.1666666666666,44.96,32.216249999999995,42.552083333333336,22.729166666666668,34.916666666666664,5.9383333333333335,-115.33,6.995833333333334,32.9314,4.91,37.8415,100.0,0.0
2026-08-26,R5-009,R5-009_L800_S3,R5,L800,72.0,6200.0,99.23566666666666,1727.0,99.45604166666668,1469.0,98.69591666666668,98.05208333333333,0.0,0.5174583333333334,0.4656666666666667,98.25016666666666,98.6425,96.15145833333334,1.9937500000000001,14.141666666666666,4.015916666666667,29.552916666666665,25.575,-100.40958333333333,-9.38625,7.435833333333334,8.542916666666667,8.089583333333334,10.082916666666668,5.23625,20.716666666666665,415.2083333333333,922.7916666666666,45.85125,26.831666666666667,43.35458333333333,20.212500000000002,34.375,3.1004166666666664,-115.26333333333334,6.8374999999999995,26.3739,2.8822,29.256,100.0,0.0
2026-08-26,R5-010,R5-010_L1800_S1,R5,L1800,73.0,1650.0,99.24320833333333,2241.0,99.45054166666667,1907.0,98.69795833333335,98.04333333333334,0.0,0.48537499999999995,0.43695833333333334,98.23145833333332,98.44433333333335,96.14295833333334,1.9929166666666667,20.858541666666667,5.473624999999999,55.668749999999996,24.275000000000002,-91.25875,-9.625416666666666,7.837083333333333,8.58375,8.029166666666667,8.454166666666667,5.194583333333333,20.0625,560.0833333333334,1244.75,43.20583333333334,24.780833333333334,42.51083333333333,14.316666666666668,23.416666666666668,2.7416666666666667,-115.27499999999999,7.3125,10.8616,1.1372,11.9987,100.0,0.0
2026-08-26,R5-010,R5-010_L1800_S2,R5,L1800,76.0,1650.0,99.22512499999999,1424.0,99.380625,1210.0,98.61070833333333,97.96541666666667,0.0,0.5181250000000001,0.46625,98.23295833333333,98.47866666666665,96.1795,2.1279166666666667,25.582916666666666,7.1723333333333334,68.46791666666667,24.079166666666666,-94.13458333333334,-12.23375,6.629583333333334,8.463333333333333,8.185,10.414166666666667,5.689583333333334,21.712500000000002,408.2083333333333,907.1666666666666,48.022083333333335,27.09166666666667,42.1175,11.008333333333333,15.041666666666666,2.1308333333333334,-115.22874999999999,7.266666666666667,10.0297,1.603,11.6327,100.0,0.0
2026-08-26,R5-010,R5-010_L1800_S3,R5,L1800,78.0,1650.0,99.24062500000001,1569.0,99.45091666666667,1332.0,98.69583333333333,97.97375,0.0,0.49574999999999997,0.44604166666666667,98.29920833333334,98.60141666666668,96.28670833333332,2.029166666666667,13.05175,3.8655833333333334,36.04875,24.254166666666666,-99.01666666666667,-9.4725,8.209583333333333,8.622083333333334,8.19375,10.076666666666666,5.306666666666667,20.908333333333335,551.4583333333334,1225.25,45.89458333333334,26.05541666666667,42.395,16.1125,21.208333333333332,4.766666666666667,-115.67291666666667,7.691666666666666,23.8834,2.7051,26.5883,100.0,0.0
2026-08-26,R5-010,R5-010_L2100_S1,R5,L2100,74.0,300.0,99.25162499999999,2127.0,99.44033333333334,1806.0,98.696375,98.09750000000001,0.0,0.49541666666666667,0.44579166666666664,98.32716666666666,98.66279166666668,96.34525000000001,2.0704166666666666,21.001166666666666,4.044208333333334,61.00458333333333,24.4375,-97.9175,-12.061250000000001,6.552083333333333,8.454583333333334,8.465416666666666,8.587916666666667,5.395,20.916666666666668,354.5833333333333,787.75,46.96666666666667,32.833333333333336,41.87833333333334,14.554166666666667,22.416666666666668,2.6925000000000003,-115.69458333333334,7.091666666666666,13.7143,1.6968,15.4114,100.0,0.0
2026-08-26,R5-010,R5-010_L2100_S2,R5,L2100,77.0,300.0,99.241625,2966.0,99.45549999999999,2518.0,98.70120833333334,97.90708333333333,0.0,0.52225,0.47,98.28391666666666,98.59433333333334,96.2855,1.8454166666666667,26.671583333333334,7.29025,67.86083333333333,24.454166666666666,-97.66958333333334,-10.18625,7.464166666666667,8.546666666666667,8.41625,8.84875,5.060416666666667,20.404166666666665,577.2083333333334,1282.9583333333333,44.45041666666666,27.76125,40.63,32.93333333333333,56.25,6.132083333333333,-115.52541666666667,7.5874999999999995,25.8372,2.8545,28.6918,100.0,0.0
2026-08-26,R5-010,R5-010_L2100_S3,R5,L2100,79.0,300.0,99.21408333333333,1936.0,99.45570833333333,1648.0,98.67429166666666,97.85958333333333,0.0,0.48466666666666663,0.43612500000000004,98.34366666666666,98.67883333333333,96.41325,1.9695833333333332,22.30979166666667,4.337541666666667,50.78958333333333,24.491666666666664,-103.08,-11.39625,7.422499999999999,8.541666666666666,8.356666666666667,10.293333333333333,5.180833333333333,20.587500000000002,606.5,1347.875,45.87166666666667,26.31833333333333,40.67416666666667,14.495833333333332,19.666666666666668,3.9416666666666664,-115.10041666666666,7.3500000000000005,17.3496,2.5388,19.8883,100.0,0.0
2026-08-26,R5-010,R5-010_L800_S1,R5,L800,75.0,6200.0,99.31033333333333,4484.0,99.42854166666666,3809.0,98.74287500000001,98.02708333333334,0.0,0.49774999999999997,0.4479166666666667,98.333375,98.65754166666666,96.47933333333333,2.09375,26.191,7.260416666666667,51.94875,24.041666666666668,-95.72083333333335,-9.97375,8.095833333333333,8.609583333333333,7.555416666666667,6.4425,5.039166666666667,19.908333333333335,578.6666666666666,1285.9583333333333,46.19625,32.369166666666665,41.699999999999996,27.208333333333332,48.75,6.770833333333333,-115.15499999999999,7.329166666666667,39.2997,4.1095,43.409,100.0,0.0
2026-08-26,R5-010,R5-010_L800_S3,R5,L800,80.0,6200.0,99.24225,1709.0,99.46175,1453.0,98.70820833333333,97.94125000000001,0.0,0.51225,0.46108333333333335,98.35654166666666,98.64337499999999,96.49583333333334,2.07875,25.248625,4.9515,69.605,24.275000000000002,-97.74125,-10.872083333333334,6.9991666666666665,8.50125,8.537083333333333,7.122083333333333,5.382083333333333,21.795833333333334,568.4583333333334,1262.9166666666667,46.02166666666667,30.39,42.41375,12.025,15.958333333333334,2.0675,-115.19666666666666,7.716666666666666,17.4873,2.2354,19.7226,100.0,0.0
2026-08-27,R5-001,R5-001_L1800_S1,R5,L1800,1.0,1650.0,99.279375,3615.0,99.41670833333335,3070.0,98.70049999999999,98.07958333333333,0.0,0.49333333333333335,0.4438333333333333,98.32516666666668,98.659875,96.23141666666668,2.075416666666667,16.57495833333333,4.518541666666667,37.155833333333334,24.95,-99.69291666666668,-10.925833333333335,8.288333333333332,8.62875,8.577083333333333,6.997083333333333,5.5562499999999995,21.71666666666667,439.5833333333333,976.7916666666666,45.982499999999995,35.547916666666666,41.70291666666667,31.45,45.666666666666664,5.15625,-115.04333333333334,7.441666666666666,36.1532,3.9804,40.1335,100.0,0.0
2026-08-27,R5-001,R5-001_L1800_S2,R5,L1800,4.0,1650.0,99.29954166666666,2977.0,99.45800000000001,2534.0,98.76158333333335,98.04625,0.0,0.4760416666666667,0.42849999999999994,98.45162499999999,98.691125,96.26616666666666,1.9579166666666667,17.656166666666667,5.159208333333333,31.608333333333334,23.804166666666664,-95.74458333333332,-9.427916666666667,7.489166666666667,8.549583333333333,7.843333333333334,7.65625,5.164583333333334,20.729166666666668,458.9583333333333,1019.75,46.36958333333334,36.31583333333334,42.99625,21.59166666666667,36.708333333333336,5.327083333333333,-115.02,7.0625,27.0469,4.1321,31.1792,100.0,0.0
2026-08-27,R5-001,R5-001_L1800_S3,R5,L1800,6.0,1650.0,99.31245833333332,2086.0,99.50770833333333,1771.0,98.82362499999999,98.04375,0.0,0.48862500000000003,0.43975000000000003,98.33225,98.66520833333334,96.30766666666666,1.8983333333333334,17.525499999999997,6.459875,48.919999999999995,23.991666666666664,-103.18416666666667,-11.74,8.297916666666667,8.63,7.964583333333334,9.23875,5.603333333333333,21.25,482.4583333333333,1072.125,44.69166666666666,30.255416666666665,42.979166666666664,24.025000000000002,40.875,5.3429166666666665,-115.3625,6.9750000000000005,20.2922,2.3247999999999998,22.6164,100.0,0.0
2026-08-27,R5-001,R5-001_L2100_S1,R5,L2100,2.0,300.0,99.26395833333333,1768.0,99.42508333333332,1502.0,98.69354166666666,98.00625000000001,0.0,1.1569583333333333,1.0412083333333333,98.4055,98.72016666666667,96.385375,1.9891666666666667,22.80695833333333,5.929749999999999,50.83291666666667,24.704166666666666,-87.48541666666667,-14.985833333333334,0.685,6.0687500000000005,8.25125,8.658333333333333,4.87125,37.6,3178.6666666666665,6357.416666666667,48.07833333333334,33.63916666666667,42.81125,18.025000000000002,29.958333333333332,3.0895833333333336,-115.08166666666666,26.045833333333334,21.2907,3.1625,24.4533,100.0,0.0
2026-08-27,R5-001,R5-001_L2100_S2,R5,L2100,5.0,300.0,99.31616666666667,2799.0,99.3965,2376.0,98.71683333333334,98.005,0.0,0.5217916666666667,0.469625,98.32208333333334,98.65016666666666,96.23791666666666,2.00125,23.801916666666667,5.501166666666666,47.16708333333333,24.53333333333333,-95.52541666666667,-9.514166666666666,8.774166666666668,8.6775,8.15625,8.352500000000001,5.405,22.587500000000002,545.0416666666666,1211.1666666666667,46.62833333333333,30.383750000000003,43.1675,26.1875,43.666666666666664,4.1362499999999995,-115.14041666666667,7.3,22.5042,3.5958,26.1,100.0,0.0
2026-08-27,R5-001,R5-001_L2100_S3,R5,L2100,7.0,300.0,99.29033333333332,2673.0,99.44545833333332,2275.0,98.73979166666668,97.96625,0.0,0.4960833333333334,0.44658333333333333,98.24529166666667,98.559625,96.219125,2.0641666666666665,22.115416666666665,6.625374999999999,42.337916666666665,23.704166666666666,-95.70291666666667,-10.399583333333334,8.137500000000001,8.614166666666668,8.560833333333333,7.634583333333333,4.897083333333334,21.016666666666666,595.75,1324.0,45.65958333333333,29.44666666666667,42.445,27.795833333333334,47.0,6.261666666666667,-115.24958333333332,6.516666666666667,40.385799999999996,6.1446,46.5306,100.0,0.0
2026-08-27,R5-001,R5-001_L800_S1,R5,L800,3.0,6200.0,99.22149999999999,5626.0,99.47645833333333,4781.0,98.70216666666666,97.8,0.0,0.49524999999999997,0.44575000000000004,98.27833333333332,98.56108333333333,96.32608333333333,1.9566666666666668,25.66025,3.734541666666667,59.01166666666666,24.370833333333334,-95.66875,-10.301666666666668,8.068333333333333,8.607916666666666,8.285,8.751666666666667,5.33875,21.495833333333334,433.2916666666667,962.7083333333334,47.04416666666666,26.394166666666667,44.20458333333334,34.0375,53.041666666666664,7.261666666666667,-115.15750000000001,6.808333333333334,38.2765,5.9591,44.2351,100.0,0.0
2026-08-27,R5-001,R5-001_L800_S3,R5,L800,8.0,6200.0,99.264,4202.0,99.46520833333334,3570.0,98.73316666666666,98.04041666666667,0.0,0.4870833333333333,0.4384166666666667,98.251125,98.58304166666666,96.07962500000001,2.0316666666666667,23.398625,7.270666666666667,51.76583333333334,24.395833333333332,-97.17833333333334,-10.988333333333335,6.710416666666667,8.470833333333333,8.59875,8.4525,5.397916666666667,19.970833333333335,383.625,852.375,44.72666666666667,25.030416666666667,42.52166666666667,31.754166666666666,55.416666666666664,8.492083333333333,-115.00916666666666,6.9875,45.0072,5.0107,50.018,100.0,0.0
2026-08-27,R5-002,R5-002_L1800_S1,R5,L1800,9.0,1650.0,99.22641666666668,4269.0,99.44154166666668,3627.0,98.67220833333333,98.09375,0.0,0.5160833333333333,0.46449999999999997,98.35000000000001,98.65933333333334,96.24549999999999,2.0625,8.553749999999999,4.941666666666666,18.1125,24.8125,-99.105,-9.91625,10.417916666666667,8.842916666666667,8.342083333333333,9.83,5.333749999999999,21.1875,521.125,1158.2083333333333,69.75583333333334,45.07583333333333,43.939166666666665,59.225,87.70833333333333,14.502916666666666,-115.70625,6.120833333333334,49.4113,3.4052,52.8166,100.0,0.0
2026-08-27,R5-002,R5-002_L1800_S2,R5,L1800,12.0,1650.0,99.16754166666668,1827.0,99.435,1552.0,98.60729166666665,98.06,0.0,0.49475,0.44516666666666665,98.31495833333334,98.65445833333332,96.08508333333333,1.9416666666666667,18.080666666666666,4.616458333333333,48.927083333333336,24.016666666666666,-96.36375,-8.659583333333332,7.769583333333333,8.577499999999999,8.279583333333333,9.72375,5.077083333333333,21.641666666666666,476.5,1058.9583333333333,46.94,27.648749999999996,42.63625,21.166666666666668,28.458333333333332,6.001666666666666,-115.27041666666666,7.158333333333334,14.072099999999999,1.7177,15.789900000000001,100.0,0.0
2026-08-27,R5-002,R5-002_L1800_S3,R5,L1800,14.0,1650.0,99.23266666666666,4287.0,99.42641666666667,3645.0,98.66362500000001,98.18875000000001,0.0,0.5357083333333333,0.48216666666666663,98.35195833333334,98.664625,96.29058333333334,1.9225,22.399916666666666,3.8757083333333333,38.693333333333335,25.070833333333336,-95.62,-9.760416666666666,8.753333333333334,8.674583333333333,8.1425,9.782916666666667,5.341666666666666,20.795833333333334,597.75,1328.1666666666667,46.02583333333333,33.89875,40.017916666666665,27.34166666666667,44.583333333333336,6.542916666666667,-115.54583333333333,6.8125,23.3575,2.7958,26.1536,100.0,0.0
2026-08-27,R5-002,R5-002_L2100_S1,R5,L2100,10.0,300.0,99.24670833333333,3896.0,99.47925,3310.0,98.72995833333334,97.9875,0.0,0.48183333333333334,0.4335,98.33904166666667,98.61591666666668,96.45504166666666,1.89375,12.571625,3.8186666666666667,21.175,23.8625,-97.02749999999999,-9.8825,9.886249999999999,8.78875,8.382083333333332,8.93375,4.915416666666666,20.629166666666666,361.0416666666667,802.2916666666666,45.95666666666667,30.14125,42.62,23.670833333333334,39.416666666666664,4.037083333333333,-114.98833333333333,6.8500000000000005,28.152,3.5139,31.6661,100.0,0.0
2026-08-27,R5-002,R5-002_L2100_S2,R5,L2100,13.0,300.0,99.2325,4661.0,99.41825,3963.0,98.65537499999999,97.92,0.0,0.5028750000000001,0.4526666666666667,98.26991666666667,98.52704166666666,96.350625,2.0025,21.18070833333333,3.984,60.105,24.766666666666666,-98.35625,-9.81875,8.427083333333334,8.641666666666667,8.52125,10.4475,5.135,20.775000000000002,338.0416666666667,751.25,46.66583333333333,29.23125,43.872083333333336,29.34583333333333,42.5,8.71125,-115.74374999999999,7.004166666666666,27.0028,3.42,30.4229,100.0,0.0
2026-08-27,R5-002,R5-002_L2100_S3,R5,L2100,15.0,300.0,99.28587499999999,1950.0,99.44991666666665,1658.0,98.73970833333334,98.05125,0.0,0.48433333333333334,0.436,98.36287499999999,98.69024999999999,96.23479166666668,2.1958333333333333,13.439749999999998,6.803208333333333,21.21625,23.416666666666668,-102.60416666666667,-9.626666666666667,6.913333333333333,8.491666666666667,8.339166666666666,8.504166666666666,5.176666666666667,20.474999999999998,390.2916666666667,867.25,44.25,27.432083333333335,41.638333333333335,22.587500000000002,37.416666666666664,6.0129166666666665,-115.40750000000001,6.291666666666667,32.0041,4.9533000000000005,36.9576,100.0,0.0
2026-08-27,R5-002,R5-002_L800_S1,R5,L800,11.0,6200.0,99.220125,1182.0,99.45354166666665,1005.0,98.67816666666666,97.96,0.0,0.4735833333333333,0.42612500000000003,98.35445833333334,98.65991666666667,96.19,1.9366666666666665,24.245208333333334,6.136958333333333,64.59291666666667,23.195833333333336,-94.09166666666665,-9.020416666666668,6.574166666666667,8.457083333333333,8.099583333333333,8.751666666666667,5.32875,20.525000000000002,623.625,1385.875,44.0825,30.388333333333332,41.6425,14.012500000000001,20.833333333333332,2.2429166666666664,-115.66166666666668,6.820833333333333,18.0912,2.3756,20.4666,100.0,0.0
2026-08-27,R5-002,R5-002_L800_S3,R5,L800,16.0,6200.0,99.33125,5058.0,99.45966666666668,4300.0,98.79454166666666,98.02625,0.0,0.4967916666666667,0.44716666666666666,98.29616666666668,98.6005,96.41250000000001,2.052916666666667,26.064208333333337,7.305625,67.21833333333333,24.412499999999998,-96.325,-11.900416666666667,7.745833333333334,8.575000000000001,8.493333333333334,7.734999999999999,5.089166666666666,20.837500000000002,316.5833333333333,703.4583333333334,45.797083333333326,25.398750000000003,42.36666666666667,33.80416666666667,52.0,5.8500000000000005,-115.34708333333333,7.079166666666667,49.648,4.8377,54.4856,100.0,0.0
2026-08-27,R5-003,R5-003_L1800_S1,R5,L1800,17.0,1650.0,99.25954166666666,3191.0,99.47958333333334,2712.0,98.74325,98.03041666666667,0.0,0.4836666666666667,0.4352916666666667,98.27662500000001,98.63370833333333,96.24108333333334,2.0500000000000003,21.946291666666667,5.339916666666667,65.29208333333334,23.558333333333334,-98.74125,-8.73625,7.394583333333333,8.539583333333333,8.235416666666667,9.820416666666667,5.3220833333333335,20.912499999999998,475.5,1056.5416666666667,44.435833333333335,34.85125,42.11541666666667,27.195833333333336,39.833333333333336,6.514583333333333,-115.11625,7.125,31.5512,2.7743,34.3259,100.0,0.0
2026-08-27,R5-003,R5-003_L1800_S2,R5,L1800,20.0,1650.0,96.746875,4789.0,99.47758333333333,4069.0,96.24179166666666,98.05874999999999,0.0,1.7539999999999998,1.5785833333333334,98.31366666666668,98.55675000000001,96.26241666666665,1.8829166666666666,4.491125,4.275708333333333,13.1175,22.65416666666667,-115.3775,-9.987916666666667,0.7566666666666667,5.575833333333333,8.0525,10.447916666666666,35.638333333333335,44.90416666666667,359.625,799.25,44.84583333333333,31.930000000000003,43.44291666666667,30.9375,53.125,6.168333333333333,-115.37916666666666,6.820833333333333,27.6008,2.396,29.9969,100.0,0.0
2026-08-27,R5-003,R5-003_L1800_S3,R5,L1800,22.0,1650.0,99.25804166666667,2869.0,99.43983333333334,2439.0,98.702,98.11874999999999,0.0,0.49433333333333335,0.44487499999999996,98.28095833333333,98.63350000000001,96.129375,1.9495833333333332,14.521,3.611458333333333,24.511666666666667,23.616666666666664,-93.04875,-10.691249999999998,7.980416666666667,8.59875,8.095,6.87125,5.392916666666667,22.233333333333334,617.625,1372.5,43.620000000000005,26.697083333333335,42.43833333333333,18.2625,24.166666666666668,4.176666666666667,-115.52791666666667,6.6125,20.439799999999998,3.0834,23.5233,100.0,0.0
2026-08-27,R5-003,R5-003_L2100_S1,R5,L2100,18.0,300.0,99.22054166666668,1406.0,99.44929166666667,1191.0,98.674125,97.88166666666666,0.0,0.5044166666666666,0.4539166666666667,98.43291666666666,98.72804166666667,96.58383333333335,1.9825,22.08966666666667,3.876875,56.54083333333333,23.929166666666664,-98.37333333333333,-11.302083333333334,8.4675,8.646666666666667,8.427916666666667,7.906666666666666,5.432083333333334,20.983333333333334,500.25,1111.6666666666667,45.142500000000005,30.999166666666667,42.557916666666664,12.737499999999999,20.166666666666668,2.0941666666666667,-114.79041666666667,6.195833333333333,10.4707,0.887,11.3578,100.0,0.0
2026-08-27,R5-003,R5-003_L2100_S2,R5,L2100,21.0,300.0,99.20575000000001,3125.0,99.46008333333333,2655.0,98.67041666666667,97.93833333333333,0.0,0.511,0.4599166666666667,98.243625,98.54979166666668,96.17133333333334,2.0995833333333334,12.671875,3.9559166666666665,20.045416666666664,24.78333333333333,-97.34583333333335,-10.567083333333333,7.83875,8.584166666666667,8.290416666666667,8.013333333333334,5.223333333333334,21.070833333333333,479.0,1064.4583333333333,44.75666666666667,35.487500000000004,41.92916666666667,22.1875,38.125,3.52,-114.64125,7.091666666666666,14.0422,2.2385,16.2807,100.0,0.0
2026-08-27,R5-003,R5-003_L2100_S3,R5,L2100,23.0,300.0,99.26458333333333,3253.0,99.48375,2767.0,98.75237499999999,97.99666666666667,0.0,0.49537499999999995,0.4459166666666667,98.269625,98.49650000000001,96.19295833333332,2.063333333333333,21.42595833333333,5.545166666666667,58.150416666666665,23.325,-98.42208333333333,-10.10125,10.58875,8.859166666666667,8.363333333333333,10.039166666666667,5.1433333333333335,21.708333333333332,326.3333333333333,725.25,45.942499999999995,27.120416666666667,42.364583333333336,28.454166666666666,40.666666666666664,8.465416666666666,-114.97583333333334,7.658333333333334,28.5587,4.0703,32.6291,100.0,0.0
2026-08-27,R5-003,R5-003_L800_S1,R5,L800,19.0,6200.0,99.231875,3945.0,99.44445833333333,3352.0,98.680625,98.08083333333333,0.0,0.48933333333333334,0.4402916666666667,98.274375,98.65625,96.22383333333333,2.0095833333333335,13.094458333333334,5.644833333333334,34.20041666666666,24.2,-92.14166666666667,-9.64,8.644583333333333,8.664583333333335,7.814583333333334,10.08875,4.874583333333333,19.954166666666666,326.0416666666667,724.6666666666666,45.41,35.973333333333336,41.850833333333334,27.337500000000002,46.166666666666664,4.352083333333334,-115.51208333333334,6.858333333333333,34.9711,5.1465,40.1176,100.0,0.0
2026-08-27,R5-003,R5-003_L800_S3,R5,L800,24.0,6200.0,99.20929166666667,2852.0,99.43158333333334,2424.0,98.64558333333333,97.93124999999999,0.0,0.5119583333333334,0.460625,98.26604166666668,98.52425,96.42695833333333,2.12375,22.722291666666667,6.420125,34.96458333333333,24.775000000000002,-93.52791666666667,-9.455833333333333,6.420833333333333,8.441666666666666,8.31875,9.652916666666666,5.472916666666666,21.620833333333334,503.1666666666667,1117.9583333333333,45.08166666666667,32.147083333333335,43.885,17.833333333333332,25.083333333333332,4.035416666666666,-115.11625,6.991666666666667,21.134999999999998,2.064,23.1988,100.0,0.0
2026-08-27,R5-004,R5-004_L1800_S1,R5,L1800,25.0,1650.0,99.30791666666666,4507.0,99.49004166666667,3835.0,98.80170833333334,98.08541666666667,0.0,0.51575,0.46416666666666667,98.21412500000001,98.55133333333333,96.01908333333334,2.0566666666666666,22.908833333333334,6.1262083333333335,35.10208333333333,23.6125,-99.82333333333334,-10.344583333333334,9.05625,8.705,8.4025,7.119583333333334,5.16375,20.520833333333332,328.5,730.0416666666666,44.599583333333335,25.944166666666664,42.59375,31.483333333333334,52.416666666666664,4.920416666666667,-115.46749999999999,6.9624999999999995,20.7316,2.5903,23.3219,100.0,0.0
2026-08-27,R5-004,R5-004_L1800_S2,R5,L1800,28.0,1650.0,99.25375000000001,2699.0,99.43058333333333,2297.0,98.68870833333334,97.89208333333333,0.0,2.0886666666666667,1.8797083333333333,98.35787499999999,98.66408333333334,96.76400000000001,1.9974999999999998,10.66075,7.593375000000001,28.032083333333333,23.599999999999998,-108.32291666666667,-10.859166666666667,3.8625000000000003,8.585833333333333,8.505833333333333,7.7925,27.401666666666667,21.391666666666666,326.4583333333333,725.4583333333334,44.29291666666666,26.787499999999998,42.94833333333333,16.3875,25.458333333333332,3.8208333333333333,-115.07833333333333,6.779166666666666,12.9178,1.2899,14.2079,100.0,0.0
2026-08-27,R5-004,R5-004_L1800_S3,R5,L1800,30.0,1650.0,99.30125,2902.0,99.46004166666667,2468.0,98.76495833333333,98.08416666666666,0.0,0.5068333333333334,0.45608333333333334,98.32466666666666,98.61108333333334,96.364625,2.0100000000000002,21.030916666666666,7.279458333333333,55.4375,24.175,-101.29291666666667,-9.266666666666667,4.519583333333333,8.252083333333333,8.534166666666666,8.389166666666666,5.215416666666667,21.46666666666667,519.125,1153.4166666666667,43.12625,32.987500000000004,43.13583333333333,33.770833333333336,60.5,9.512500000000001,-115.02208333333334,7.245833333333334,20.453500000000002,2.5323,22.9852,100.0,0.0
2026-08-27,R5-004,R5-004_L2100_S1,R5,L2100,26.0,300.0,99.25241666666666,3171.0,99.44,2693.0,98.69691666666667,97.8975,0.0,0.4836666666666667,0.4355,98.27991666666667,98.54816666666666,96.24279166666666,1.95375,15.387458333333333,7.227458333333334,44.07791666666666,24.974999999999998,-95.6125,-9.065,9.467916666666666,8.74625,8.333333333333334,9.601666666666667,5.417083333333333,21.104166666666668,529.2916666666666,1175.9583333333333,46.41916666666666,31.692916666666665,42.38916666666667,27.925,47.083333333333336,4.915,-115.09333333333335,7.054166666666667,34.4195,5.353899999999999,39.7738,100.0,0.0
2026-08-27,R5-004,R5-004_L2100_S2,R5,L2100,29.0,300.0,99.24520833333334,3483.0,99.41458333333333,2960.0,98.66429166666667,97.96375,0.0,0.48420833333333335,0.43575,98.37108333333333,98.72833333333334,96.39241666666668,1.8529166666666665,17.46775,5.189541666666667,28.405416666666667,24.291666666666668,-102.46625,-9.895416666666668,7.774583333333333,8.5775,8.023333333333333,10.260416666666666,4.965416666666667,20.720833333333335,541.4166666666666,1203.2916666666667,44.785,27.444166666666664,43.774166666666666,23.791666666666668,36.583333333333336,6.655833333333334,-115.22958333333334,7.354166666666667,30.5422,4.8536,35.3955,100.0,0.0
2026-08-27,R5-004,R5-004_L2100_S3,R5,L2100,31.0,300.0,99.19608333333333,3980.0,99.44862499999999,3379.0,98.64941666666668,97.97375,0.0,0.5082083333333334,0.45745833333333336,98.29708333333333,98.54720833333333,96.09208333333333,1.7420833333333334,25.034125,7.224458333333334,74.03541666666666,22.741666666666664,-96.28500000000001,-8.322916666666666,7.161666666666666,8.517083333333334,8.878333333333334,9.708333333333334,5.849166666666666,21.325,317.2916666666667,705.2083333333334,46.39791666666667,31.314999999999998,43.0925,25.650000000000002,34.791666666666664,4.62375,-115.23791666666666,7.3625,36.9664,5.3277,42.294399999999996,100.0,0.0
2026-08-27,R5-004,R5-004_L800_S1,R5,L800,27.0,6200.0,99.260625,3746.0,99.47229166666666,3184.0,98.73679166666666,97.94625,0.0,0.4939166666666667,0.44458333333333333,98.45054166666667,98.77216666666668,96.40841666666667,1.9683333333333335,23.316958333333332,4.704541666666667,49.961666666666666,23.575,-99.25791666666667,-10.284166666666666,5.867083333333333,8.387500000000001,8.300833333333333,10.74,5.422499999999999,19.9875,596.5,1325.5416666666667,45.9475,32.76208333333333,41.88041666666667,30.895833333333332,44.625,7.296666666666667,-114.94458333333334,7.020833333333333,43.3992,6.7607,50.1598,100.0,0.0
2026-08-27,R5-004,R5-004_L800_S3,R5,L800,32.0,6200.0,99.234625,3074.0,99.44875,2615.0,98.68779166666667,97.99,0.0,0.4912083333333333,0.44208333333333333,98.25433333333332,98.65804166666668,96.14029166666667,1.9554166666666666,21.429083333333335,5.46375,61.36041666666667,23.370833333333334,-95.90249999999999,-11.39875,7.165833333333333,8.51625,8.521666666666667,8.1325,5.335416666666667,21.291666666666668,399.625,888.125,46.43666666666667,30.97375,43.92666666666667,26.120833333333334,40.083333333333336,6.9745833333333325,-115.49791666666665,7.404166666666666,19.7017,2.4113,22.1131,100.0,0.0
2026-08-27,R5-005,R5-005_L1800_S1,R5,L1800,33.0,1650.0,97.72920833333335,3093.0,99.43966666666667,2628.0,97.18187499999999,88.29291666666667,0.0,1.5154583333333334,1.3639999999999999,98.1705,98.43695833333334,96.071625,2.19,23.670875,2.050333333333333,68.79375,23.675,-91.35041666666666,-9.272499999999999,8.66625,8.666666666666666,8.095833333333333,6.503333333333333,4.970416666666667,20.375,340.0416666666667,755.75,46.6775,35.130833333333335,41.90208333333333,25.891666666666666,39.416666666666664,4.542916666666667,-99.80833333333334,40.11666666666667,20.6954,2.3076,23.003,100.0,0.0
2026-08-27,R5-005,R5-005_L1800_S2,R5,L1800,36.0,1650.0,99.26929166666666,4435.0,99.45433333333334,3770.0,98.72766666666666,98.05458333333333,0.0,0.47704166666666664,0.4292916666666667,98.23983333333332,98.56162499999999,96.30233333333332,1.9258333333333333,14.980166666666667,6.729958333333333,35.01583333333333,24.670833333333334,-96.54,-11.325833333333334,8.650416666666667,8.665416666666667,8.347083333333334,7.638333333333333,5.01375,20.754166666666666,565.125,1255.7916666666667,46.09791666666666,26.635,43.34708333333333,28.5,37.541666666666664,6.71125,-115.38208333333334,7.425,18.9607,2.901,21.8618,100.0,0.0
2026-08-27,R5-005,R5-005_L1800_S3,R5,L1800,38.0,1650.0,99.30191666666667,3446.0,99.44024999999999,2928.0,98.74629166666666,98.12916666666666,0.0,0.49712500000000004,0.44741666666666663,98.26229166666667,98.56508333333333,96.06512500000001,2.0375,17.24266666666667,4.776916666666667,28.35875,24.008333333333336,-95.46333333333332,-11.117916666666666,5.934166666666666,8.392916666666666,8.571250000000001,10.102083333333333,5.59125,21.270833333333332,439.5416666666667,976.2916666666666,45.852916666666665,33.302083333333336,44.10541666666666,31.675,47.083333333333336,7.237916666666667,-115.39416666666666,6.920833333333333,22.1277,2.8531,24.9804,100.0,0.0
2026-08-27,R5-005,R5-005_L2100_S1,R5,L2100,34.0,300.0,99.23679166666666,5591.0,99.44375000000001,4754.0,98.68504166666666,98.0425,0.0,0.5215,0.46929166666666666,98.27274999999999,98.60345833333334,96.36770833333333,1.9533333333333331,24.173458333333333,4.248083333333334,56.01,23.712500000000002,-96.66958333333334,-10.675833333333335,6.993333333333333,8.500416666666666,8.417083333333332,8.86875,5.40625,21.566666666666666,560.2083333333334,1244.9166666666667,46.08583333333333,30.942916666666665,43.699999999999996,33.916666666666664,50.625,7.552499999999999,-115.46083333333333,7.258333333333333,32.1712,3.2448,35.4158,100.0,0.0
2026-08-27,R5-005,R5-005_L2100_S2,R5,L2100,37.0,300.0,99.20583333333333,2057.0,99.45091666666667,1749.0,98.66125,97.97500000000001,0.0,0.5045416666666667,0.45416666666666666,98.306,98.58129166666667,96.48887500000001,2.002083333333333,18.919375,3.612166666666667,35.34375,23.125,-94.03791666666666,-10.15625,8.520416666666668,8.6525,8.15125,7.182083333333334,5.321666666666666,20.883333333333333,362.1666666666667,804.625,45.987500000000004,31.141666666666666,44.10916666666666,19.745833333333334,34.25,3.5829166666666663,-114.9525,6.833333333333333,21.8362,2.6875999999999998,24.5237,100.0,0.0
2026-08-27,R5-005,R5-005_L2100_S3,R5,L2100,39.0,300.0,99.29845833333333,1226.0,99.47391666666665,1042.0,98.776125,98.03541666666666,0.0,0.5036666666666667,0.45316666666666666,98.26045833333335,98.60075,96.21233333333333,1.9716666666666667,21.508375,3.591791666666667,35.47,23.358333333333334,-97.66291666666666,-9.998333333333333,9.176250000000001,8.718333333333334,8.21375,8.1425,5.060833333333334,21.766666666666666,416.375,925.3333333333334,43.87125,27.315833333333334,42.121249999999996,11.674999999999999,19.333333333333332,3.1925000000000003,-115.13541666666667,7.1000000000000005,12.4471,1.6226,14.0703,100.0,0.0
2026-08-27,R5-005,R5-005_L800_S1,R5,L800,35.0,6200.0,99.23520833333333,1191.0,99.4595,1013.0,98.69891666666666,97.84666666666668,0.0,0.506625,0.4559583333333333,98.191625,98.512,96.12316666666668,1.9795833333333333,18.389625,4.207291666666666,53.28916666666667,23.945833333333336,-95.9575,-9.819166666666666,6.1875,8.419166666666667,8.398333333333333,8.412083333333333,5.416666666666667,21.095833333333335,502.6666666666667,1117.1666666666667,44.87416666666667,30.52625,42.279583333333335,13.004166666666668,18.458333333333332,2.1283333333333334,-115.36708333333333,7.075,15.7125,1.9152,17.6275,100.0,0.0
2026-08-27,R5-005,R5-005_L800_S3,R5,L800,40.0,6200.0,99.26425,2258.0,99.44579166666666,1921.0,98.71416666666666,98.01208333333334,0.0,0.5222083333333333,0.47008333333333335,98.32470833333333,98.55175000000001,96.38191666666667,2.032083333333333,17.34875,5.314708333333333,48.52875,24.15833333333333,-93.93374999999999,-8.417916666666667,6.966666666666666,8.497083333333334,8.645416666666668,11.087083333333334,5.285416666666666,21.900000000000002,417.0833333333333,926.875,47.185833333333335,31.267083333333332,43.0025,15.012500000000001,23.416666666666668,4.417916666666667,-115.01708333333333,6.958333333333333,18.2937,2.5507,20.8443,100.0,0.0
2026-08-27,R5-006,R5-006_L1800_S1,R5,L1800,41.0,1650.0,99.31737500000001,2622.0,99.43683333333333,2231.0,98.758,97.97708333333333,0.0,0.4936666666666667,0.44437499999999996,98.31745833333333,98.61375,96.27129166666667,2.118333333333333,24.247208333333333,4.839125,68.47416666666668,25.291666666666668,-101.8,-9.833333333333334,6.919583333333333,8.491666666666667,8.134583333333333,7.06375,4.965,20.858333333333334,317.5416666666667,705.625,44.36958333333333,25.975416666666664,40.73083333333333,24.675,34.375,5.689166666666666,-115.27791666666667,7.254166666666666,19.5239,2.8943,22.4182,100.0,0.0
2026-08-27,R5-006,R5-006_L1800_S2,R5,L1800,44.0,1650.0,99.22329166666667,3349.0,99.44591666666666,2849.0,98.67366666666668,97.83916666666666,0.0,0.4979166666666666,0.448,98.36287499999999,98.645875,96.43291666666666,1.9591666666666667,24.111416666666667,7.394166666666667,67.36541666666666,23.766666666666666,-97.19791666666667,-9.048333333333334,5.695416666666667,8.370416666666666,8.33625,10.334583333333333,5.46875,20.804166666666667,389.9583333333333,866.5833333333334,44.88708333333333,32.95916666666667,44.740833333333335,32.041666666666664,51.916666666666664,7.666666666666667,-115.18624999999999,6.470833333333334,35.8445,4.9123,40.7567,100.0,0.0
2026-08-27,R5-006,R5-006_L1800_S3,R5,L1800,46.0,1650.0,99.26758333333333,4592.0,99.14170833333333,3906.0,98.41608333333333,97.93333333333334,19.0,0.55225,0.49704166666666666,98.35820833333332,98.62020833333332,96.37712499999999,2.10875,7.105666666666667,4.9980416666666665,17.10291666666667,24.59583333333333,-95.77458333333334,-10.942916666666667,7.7179166666666665,8.572083333333333,8.726666666666667,11.000833333333333,5.64375,21.495833333333334,522.0833333333334,1160.1666666666667,74.70916666666666,50.77166666666667,74.47875,69.21666666666667,122.66666666666667,19.09375,-115.07,7.266666666666667,104.81790000000001,6.7442,111.5623,100.0,0.0
2026-08-27,R5-006,R5-006_L2100_S1,R5,L2100,42.0,300.0,99.26058333333333,5633.0,99.42958333333333,4787.0,98.69458333333334,98.0025,0.0,0.49504166666666666,0.4455,98.30787500000001,98.60891666666667,96.47820833333333,2.080833333333333,22.550416666666667,7.104208333333333,64.07708333333333,24.566666666666666,-96.88166666666666,-11.50875,8.2325,8.623333333333333,8.306666666666667,9.877916666666666,5.4624999999999995,21.491666666666664,381.3333333333333,847.1666666666666,46.69541666666667,32.115,42.9725,33.699999999999996,54.25,5.9679166666666665,-114.99458333333332,7.645833333333333,45.2502,6.2856,51.5357,100.0,0.0
2026-08-27,R5-006,R5-006_L2100_S2,R5,L2100,45.0,300.0,99.25079166666667,3681.0,99.42204166666666,3128.0,98.67704166666665,97.92541666666666,0.0,0.48441666666666666,0.43612500000000004,98.36704166666668,98.63570833333334,96.344875,1.9133333333333333,17.06083333333333,5.831499999999999,41.54833333333333,24.458333333333332,-96.78500000000001,-9.69875,8.127916666666666,8.612916666666667,8.84375,8.901666666666666,5.242083333333333,20.6875,456.125,1013.5,47.45791666666667,32.60333333333333,42.855,29.816666666666666,48.375,7.059583333333333,-114.86583333333334,7.7,35.8042,5.2578,41.0621,100.0,0.0
2026-08-27,R5-006,R5-006_L2100_S3,R5,L2100,47.0,300.0,99.288,1665.0,99.43420833333333,1417.0,98.72645833333333,98.05166666666666,0.0,0.5130833333333333,0.46187500000000004,98.37441666666666,98.68400000000001,96.28779166666668,2.08,20.265583333333336,4.480791666666667,36.567083333333336,23.704166666666666,-93.92458333333333,-10.674166666666666,9.989583333333334,8.798333333333334,7.927499999999999,9.444583333333334,5.227916666666666,22.820833333333336,388.5,863.2083333333334,43.50333333333333,32.477916666666665,42.395833333333336,13.841666666666667,19.958333333333332,4.09125,-114.99416666666667,7.4125000000000005,19.4402,2.581,22.0212,100.0,0.0
2026-08-27,R5-006,R5-006_L800_S1,R5,L800,43.0,6200.0,99.22570833333333,2475.0,99.49258333333334,2108.0,98.72224999999999,97.91166666666668,0.0,0.5290416666666666,0.4761666666666667,98.27854166666667,98.54787499999999,96.10208333333333,2.0341666666666667,17.621083333333335,6.024208333333333,27.33375,23.712500000000002,-94.24083333333334,-8.638333333333334,7.672083333333333,8.566666666666666,8.146666666666667,9.9825,5.302083333333333,21.675,402.5833333333333,894.5833333333334,46.419999999999995,27.804166666666664,41.86333333333334,21.2375,33.375,3.645,-114.88208333333334,6.8500000000000005,30.1858,3.8741,34.0598,100.0,0.0
2026-08-27,R5-006,R5-006_L800_S3,R5,L800,48.0,6200.0,99.27695833333333,2236.0,99.47554166666667,1902.0,98.75645833333334,97.875,0.0,0.4968333333333333,0.44729166666666664,98.28025000000001,98.65208333333334,96.43900000000001,1.9308333333333334,21.634583333333335,6.019458333333334,48.47291666666667,24.370833333333334,-98.78916666666667,-12.358333333333334,5.805833333333333,8.38,8.081666666666667,7.470416666666666,5.41875,22.070833333333336,367.9166666666667,817.5833333333334,46.548750000000005,30.28333333333333,42.29,25.745833333333334,39.791666666666664,7.263749999999999,-115.21333333333332,6.4375,20.5971,3.1249000000000002,23.7221,100.0,0.0
2026-08-27,R5-007,R5-007_L1800_S1,R5,L1800,49.0,1650.0,99.20104166666665,1520.0,99.43708333333332,1295.0,98.64254166666667,98.14375,0.0,0.51525,0.46379166666666666,98.31887499999999,98.60941666666668,96.28266666666667,2.0275,19.454833333333333,6.376,44.205000000000005,24.754166666666666,-97.59791666666666,-10.2225,7.425416666666667,8.54125,8.324583333333333,9.999583333333334,5.376666666666666,20.670833333333334,575.9166666666666,1279.9166666666667,45.83625,27.477500000000003,42.67124999999999,16.287499999999998,26.541666666666668,4.055416666666667,-115.58083333333333,6.558333333333334,14.7158,1.3365,16.0529,100.0,0.0
2026-08-27,R5-007,R5-007_L1800_S2,R5,L1800,52.0,1650.0,99.25325,1021.0,99.47595833333332,871.0,98.73329166666667,97.78625,0.0,0.49404166666666666,0.44445833333333334,98.26783333333333,98.52033333333333,96.21245833333334,2.03125,25.753416666666666,5.170791666666667,60.29416666666666,23.579166666666666,-95.52583333333332,-11.885833333333332,6.482500000000001,8.447083333333333,8.0025,9.760416666666666,5.234166666666667,20.175,416.375,925.375,46.42583333333334,29.36375,43.928333333333335,10.716666666666667,16.75,1.8308333333333333,-115.39291666666666,7.091666666666666,9.3629,0.8916999999999999,10.2548,100.0,0.0
2026-08-27,R5-007,R5-007_L1800_S3,R5,L1800,54.0,1650.0,99.24108333333334,2099.0,99.475625,1784.0,98.72087499999999,98.01208333333334,0.0,0.5102916666666667,0.4592083333333334,98.43908333333333,98.69008333333333,96.52929166666667,1.8754166666666665,19.354708333333335,4.567583333333333,45.06333333333333,24.65833333333333,-101.85791666666667,-11.05625,8.3725,8.637500000000001,8.249583333333334,6.905,5.575833333333333,20.162499999999998,427.5833333333333,950.25,46.86666666666667,32.410833333333336,42.30166666666667,23.433333333333334,38.333333333333336,6.428333333333334,-115.35083333333334,7.141666666666667,19.3369,2.5061,21.8429,100.0,0.0
2026-08-27,R5-007,R5-007_L2100_S1,R5,L2100,50.0,300.0,99.26325000000001,4208.0,99.41629166666667,3575.0,98.68383333333333,97.90041666666667,0.0,0.4696666666666667,0.42262500000000003,98.25145833333333,98.55399999999999,96.25608333333334,1.88375,18.947583333333334,5.572791666666667,35.964999999999996,24.008333333333336,-92.77791666666667,-8.28,10.160833333333334,8.816666666666666,7.9937499999999995,9.772499999999999,4.82625,20.916666666666668,573.4166666666666,1274.2083333333333,45.60999999999999,34.43666666666667,42.660000000000004,33.25833333333333,53.291666666666664,7.644583333333333,-114.93374999999999,6.425,41.0965,3.2914,44.3884,100.0,0.0
2026-08-27,R5-007,R5-007_L2100_S2,R5,L2100,53.0,300.0,94.459875,1136.0,95.48649999999999,967.0,90.198,91.91583333333334,0.0,0.5042916666666667,0.4539583333333333,98.302375,98.55616666666667,96.41758333333333,2.004166666666667,12.623458333333334,7.339083333333334,24.647499999999997,24.337500000000002,-93.86416666666666,-9.372083333333334,6.596666666666667,8.459999999999999,8.110833333333334,9.803749999999999,5.020416666666667,21.075,533.4166666666666,1185.2083333333333,44.75541666666667,32.29291666666666,67.54208333333334,10.854166666666666,17.916666666666668,2.8475,-115.23958333333333,6.4875,7.2807,0.6575,7.9381,100.0,0.0
2026-08-27,R5-007,R5-007_L2100_S3,R5,L2100,55.0,300.0,99.29179166666667,1958.0,99.45754166666666,1665.0,98.75329166666667,98.17208333333333,0.0,0.4852916666666667,0.43683333333333335,98.31066666666668,98.68691666666666,96.31866666666667,2.1058333333333334,25.806,7.444208333333333,48.16,23.583333333333332,-97.73416666666667,-10.040833333333333,7.87375,8.587083333333334,8.005833333333333,9.355,5.25875,19.791666666666668,329.0416666666667,731.0416666666666,45.02583333333333,35.797916666666666,42.446666666666665,14.083333333333334,24.416666666666668,3.1179166666666664,-115.12124999999999,7.441666666666666,8.5016,0.9298,9.431,100.0,0.0
2026-08-27,R5-007,R5-007_L800_S1,R5,L800,51.0,6200.0,99.22308333333332,1153.0,99.40391666666666,981.0,98.63175,98.00875,0.0,0.47641666666666665,0.42883333333333334,98.32129166666665,98.56412499999999,96.14008333333334,2.0425,16.492708333333333,3.5911666666666666,27.379583333333333,23.6125,-98.23666666666666,-11.28125,6.949583333333333,8.494166666666667,8.056666666666667,9.615,5.470833333333334,21.691666666666666,411.875,915.2916666666666,46.51499999999999,34.58208333333334,42.380833333333335,10.658333333333333,17.5,2.5720833333333335,-115.46166666666666,6.791666666666667,14.9215,1.2259,16.1478,100.0,0.0
2026-08-27,R5-007,R5-007_L800_S3,R5,L800,56.0,6200.0,99.26045833333335,1073.0,99.47291666666666,913.0,98.73729166666668,98.02833333333332,0.0,0.49537499999999995,0.44579166666666664,98.26579166666666,98.49120833333335,96.10275,1.9570833333333333,14.768875,6.653625000000001,22.9375,24.429166666666664,-96.19875,-10.532083333333334,6.957916666666667,8.495833333333334,7.960833333333333,7.475416666666667,5.300416666666666,20.716666666666665,564.5833333333334,1254.7916666666667,43.555416666666666,32.916666666666664,42.903333333333336,11.279166666666667,16.166666666666668,1.95875,-115.08333333333333,7.541666666666667,8.0807,0.9912,9.0721,100.0,0.0
2026-08-27,R5-008,R5-008_L1800_S1,R5,L1800,57.0,1650.0,99.25840909090908,1552.0,99.46618181818181,1318.0,98.72854545454544,98.02541666666667,0.0,0.5131249999999999,0.4618333333333333,98.31345833333334,98.57625,96.1905,1.9533333333333334,14.349041666666666,5.660666666666667,32.56541666666667,24.224999999999998,-102.16416666666667,-9.848333333333334,6.297916666666667,8.43,8.47125,8.564583333333333,5.416250000000001,21.095833333333335,331.5833333333333,737.0416666666666,43.26708333333334,28.232916666666668,41.82333333333333,16.008333333333333,24.833333333333332,4.26875,-115.23666666666666,6.8125,23.2507,1.9677,25.2183,93.71558333333333,90.5
2026-08-27,R5-008,R5-008_L1800_S2,R5,L1800,60.0,1650.0,99.25820833333334,2778.0,99.4325,2361.0,98.69487500000001,98.11041666666667,0.0,0.5158333333333334,0.46408333333333335,98.34891666666665,98.62145833333334,96.24304166666667,2.06,17.53375,6.366166666666667,44.60916666666666,22.991666666666664,-97.06333333333333,-12.469999999999999,7.609999999999999,8.561666666666666,8.387916666666667,8.28625,5.363333333333333,20.779166666666665,332.4166666666667,738.625,45.62041666666667,33.36416666666667,43.032916666666665,17.308333333333334,29.833333333333332,3.4004166666666666,-115.17833333333334,7.208333333333333,10.8057,1.6513,12.457,100.0,0.0
2026-08-27,R5-008,R5-008_L1800_S3,R5,L1800,62.0,1650.0,99.198375,2700.0,99.41308333333335,2297.0,98.61620833333335,97.86791666666666,0.0,0.5139166666666667,0.4626666666666667,98.31016666666666,98.59995833333333,96.32858333333333,1.9887499999999998,22.484708333333334,5.215333333333334,50.64958333333333,24.304166666666664,-101.10541666666667,-10.142916666666666,7.0754166666666665,8.5075,8.048333333333334,8.759166666666667,5.5320833333333335,20.974999999999998,398.0416666666667,884.5,46.34916666666667,31.695000000000004,43.50541666666667,21.287499999999998,34.25,4.259166666666666,-115.32916666666667,6.883333333333333,15.3258,1.9903,17.3165,100.0,0.0
2026-08-27,R5-008,R5-008_L2100_S1,R5,L2100,58.0,300.0,99.19641666666666,4574.0,99.43012499999999,3888.0,98.63120833333333,98.00708333333334,0.0,0.51525,0.46370833333333333,98.31891666666667,98.55291666666666,96.45774999999999,1.8891666666666669,22.05725,6.003958333333333,50.330000000000005,24.320833333333336,-93.57166666666666,-11.802083333333334,6.729583333333333,8.472916666666666,8.365,9.826666666666666,5.234166666666667,20.833333333333332,388.6666666666667,863.7083333333334,44.90875,29.601250000000004,43.44125,31.383333333333336,55.25,6.607083333333333,-115.6675,7.591666666666666,45.9544,5.9447,51.8993,100.0,0.0
2026-08-27,R5-008,R5-008_L2100_S2,R5,L2100,61.0,300.0,99.26270833333332,1819.0,99.43641666666667,1543.0,98.703375,97.93666666666667,0.0,0.50625,0.4555416666666667,98.21633333333334,98.50566666666667,96.298625,1.9816666666666667,20.843875,7.306166666666667,37.512499999999996,24.320833333333336,-93.41624999999999,-9.735,4.776666666666666,8.2775,7.992916666666666,9.5025,5.315416666666667,21.641666666666666,552.0416666666666,1226.875,47.57083333333333,36.67208333333333,42.10666666666666,13.529166666666667,23.0,3.2933333333333334,-115.27749999999999,6.308333333333334,9.8787,1.0424,10.921,100.0,0.0
2026-08-27,R5-008,R5-008_L2100_S3,R5,L2100,63.0,300.0,99.23741666666666,2623.0,99.43425,2230.0,98.67616666666667,98.07416666666667,0.0,0.48012499999999997,0.43204166666666666,98.36087500000001,98.729375,96.36325,1.8925,24.034625000000002,5.858375,45.20583333333334,24.633333333333336,-97.90125,-9.69375,8.754166666666666,8.675416666666667,7.959166666666667,7.6554166666666665,5.596666666666667,21.55,346.1666666666667,769.2083333333334,46.17583333333334,31.599166666666665,42.699999999999996,16.408333333333335,27.041666666666668,3.1512499999999997,-115.34583333333335,5.816666666666666,12.5368,1.1334,13.6704,100.0,0.0
2026-08-27,R5-008,R5-008_L800_S1,R5,L800,59.0,6200.0,99.2235,4928.0,99.39187500000001,4190.0,98.62004166666667,98.12208333333332,0.0,0.511375,0.4602916666666667,98.32350000000001,98.61158333333333,96.26491666666668,2.1445833333333333,19.435125,6.768166666666667,29.866249999999997,24.45,-97.49000000000001,-10.182083333333333,7.136666666666667,8.512916666666667,8.216666666666667,7.527083333333334,5.455416666666667,20.945833333333333,490.5416666666667,1090.25,45.68958333333333,36.4,40.57583333333333,34.295833333333334,55.75,9.903333333333334,-115.75041666666668,6.241666666666667,47.234899999999996,6.2983,53.5333,100.0,0.0
2026-08-27,R5-008,R5-008_L800_S3,R5,L800,64.0,6200.0,99.19220833333333,4762.0,99.45008333333334,4049.0,98.64695833333333,97.88833333333334,0.0,0.5305,0.47750000000000004,98.27329166666668,98.56216666666667,96.00520833333333,1.9754166666666666,17.025833333333335,6.528,29.084999999999997,24.55,-97.44958333333334,-9.60875,9.155833333333334,8.715416666666666,8.407083333333334,7.598333333333334,5.583333333333333,20.254166666666666,386.5,859.0,45.60458333333333,34.32958333333333,44.81666666666666,32.541666666666664,49.25,8.21125,-114.95291666666667,6.741666666666667,46.8959,5.5408,52.4371,100.0,0.0
2026-08-27,R5-009,R5-009_L1800_S1,R5,L1800,65.0,1650.0,99.277875,3836.0,99.49129166666667,3266.0,98.772875,98.105,0.0,0.47141666666666665,0.4242916666666667,98.19170833333334,98.56066666666668,96.23479166666668,2.0570833333333334,25.590791666666664,6.7435833333333335,52.44125,23.208333333333332,-98.97333333333334,-11.027083333333332,10.51,8.85125,8.56625,9.977083333333333,4.87625,20.620833333333334,533.0,1184.625,44.36666666666667,32.40916666666667,42.628750000000004,25.316666666666666,35.791666666666664,4.27625,-115.25666666666666,6.545833333333333,27.659,2.5138,30.1729,100.0,0.0
2026-08-27,R5-009,R5-009_L1800_S2,R5,L1800,68.0,1650.0,99.24941666666666,3159.0,99.392,2683.0,98.645875,97.91875,0.0,0.47670833333333335,0.4290833333333333,98.33049999999999,98.6485,96.42995833333333,1.99,20.407208333333333,4.17575,39.985416666666666,23.433333333333334,-93.24875000000002,-10.339583333333334,5.732083333333333,8.3725,8.495416666666666,7.964583333333334,5.427916666666667,20.741666666666667,438.7916666666667,975.0416666666666,46.28791666666667,28.019166666666667,44.772083333333335,31.7625,56.375,9.427083333333334,-115.245,7.570833333333333,29.9857,4.5882,34.5735,100.0,0.0
2026-08-27,R5-009,R5-009_L1800_S3,R5,L1800,70.0,1650.0,99.25962500000001,2162.0,99.47375,1840.0,98.737375,98.06708333333334,0.0,0.5327083333333333,0.4795,98.32820833333334,98.6135,96.44025,2.0029166666666667,19.81325,4.7348333333333334,41.38666666666666,24.52916666666667,-92.78125,-10.987083333333333,7.612916666666667,8.561666666666666,8.255833333333333,9.957916666666668,4.939583333333333,22.47083333333333,395.375,878.4583333333334,45.57083333333333,26.352500000000003,41.75416666666667,19.241666666666667,32.166666666666664,3.2704166666666663,-115.24083333333333,7.345833333333334,23.0043,3.5627,26.5672,100.0,0.0
2026-08-27,R5-009,R5-009_L2100_S1,R5,L2100,66.0,300.0,99.239125,1101.0,99.433625,935.0,98.67716666666666,98.08875,0.0,0.48841666666666667,0.43945833333333334,98.31908333333332,98.70420833333333,96.19741666666665,1.9970833333333333,12.755375,5.365875,37.88708333333333,23.633333333333336,-95.80125,-9.964166666666666,5.522916666666667,8.352916666666667,8.562083333333334,8.770000000000001,4.9825,21.504166666666666,416.75,926.1666666666666,45.65416666666667,30.464166666666667,42.585,11.920833333333334,16.5,2.0779166666666664,-114.84083333333332,7.1625000000000005,11.551,1.7088,13.26,100.0,0.0
2026-08-27,R5-009,R5-009_L2100_S2,R5,L2100,69.0,300.0,99.21795833333333,2008.0,99.46875,1709.0,98.69108333333334,97.93875000000001,0.0,0.5097916666666666,0.4586666666666666,98.29641666666667,98.57379166666668,96.09970833333334,2.1445833333333333,19.625625,4.34025,52.09041666666667,24.579166666666666,-95.04,-9.719583333333334,6.485833333333333,8.447916666666666,8.317083333333334,8.349583333333333,5.657916666666666,19.591666666666665,547.7083333333334,1217.25,46.29958333333334,33.287083333333335,39.93416666666666,15.141666666666666,24.75,2.427916666666667,-115.31083333333333,6.483333333333333,14.1259,1.4736,15.5993,100.0,0.0
2026-08-27,R5-009,R5-009_L2100_S3,R5,L2100,71.0,300.0,99.18650000000001,1346.0,99.47466666666666,1143.0,98.66562499999999,98.09249999999999,0.0,1.1459583333333334,1.0314583333333334,93.37529166666667,93.60895833333332,91.16449999999999,10.95125,18.82575,6.766625,45.861250000000005,23.787499999999998,-95.82833333333333,-11.297083333333333,5.514583333333333,8.351666666666667,8.448333333333332,8.13,4.815416666666667,20.720833333333335,474.5833333333333,1054.75,46.09625,27.00708333333333,43.928333333333335,11.679166666666667,20.958333333333332,2.09,-115.28083333333332,6.666666666666667,7.4705,1.1491,8.6194,100.0,0.0
2026-08-27,R5-009,R5-009_L800_S1,R5,L800,67.0,6200.0,99.28720833333334,3218.0,99.47208333333333,2740.0,98.76316666666666,97.93833333333333,0.0,0.47820833333333335,0.430375,98.31779166666666,98.66508333333333,96.39658333333334,1.9679166666666665,23.04779166666667,3.6624166666666667,67.62791666666666,23.275000000000002,-92.76958333333333,-10.094583333333334,6.2175,8.4225,7.9925,7.41375,4.921666666666667,20.875,344.2916666666667,765.125,42.545833333333334,30.484583333333333,41.873333333333335,22.054166666666664,34.0,5.765416666666667,-115.11458333333333,7.316666666666666,31.8981,4.7557,36.6539,100.0,0.0
2026-08-27,R5-009,R5-009_L800_S3,R5,L800,72.0,6200.0,99.23220833333333,1719.0,99.47375,1464.0,98.71016666666667,98.17916666666667,0.0,0.48625,0.43770833333333337,98.260625,98.46787499999999,96.25283333333334,1.9970833333333333,13.950625,4.045875,29.155,23.566666666666666,-100.17666666666666,-9.314583333333333,7.545833333333333,8.554583333333333,8.353333333333333,10.412083333333333,5.293333333333333,21.083333333333332,426.0,946.5833333333334,44.916666666666664,26.285833333333333,40.87291666666667,20.3,34.458333333333336,3.11375,-114.93541666666665,7.2375,26.3786,2.8826,29.2609,100.0,0.0
2026-08-27,R5-010,R5-010_L1800_S1,R5,L1800,73.0,1650.0,99.292875,2488.0,99.48433333333332,2114.0,98.78070833333334,98.14791666666667,0.0,0.5027083333333333,0.4523333333333333,98.30874999999999,98.62258333333334,96.438125,1.9904166666666667,19.355583333333332,5.251,51.65625,24.679166666666664,-91.6875,-9.71125,7.329583333333333,8.5325,8.285,8.724583333333333,5.428333333333334,21.4875,565.7916666666666,1257.5,46.2125,26.503333333333334,42.39125,15.483333333333334,25.333333333333332,2.9645833333333336,-115.55208333333333,7.3500000000000005,11.9216,1.2479,13.1697,100.0,0.0
2026-08-27,R5-010,R5-010_L1800_S2,R5,L1800,76.0,1650.0,99.27658333333333,1340.0,99.42316666666666,1139.0,98.70395833333333,97.91875,0.0,0.4937916666666667,0.44437499999999996,98.30804166666667,98.62404166666666,96.1145,2.1929166666666666,25.929625,7.14575,69.39541666666666,24.22083333333333,-94.15499999999999,-12.094999999999999,6.816666666666666,8.482083333333334,7.810416666666666,9.939583333333333,5.11125,20.866666666666667,408.3333333333333,907.625,45.455000000000005,25.642083333333332,43.27041666666667,10.420833333333333,14.25,2.018333333333333,-115.44749999999999,6.820833333333333,9.471,1.5135,10.9847,100.0,0.0
2026-08-27,R5-010,R5-010_L1800_S3,R5,L1800,78.0,1650.0,99.18133333333333,1585.0,99.47545833333334,1346.0,98.66112500000001,97.91375,0.0,0.4815833333333333,0.433375,98.24095833333332,98.60995833333334,96.13475,2.0345833333333334,13.276125,3.923625,36.6675,24.03333333333333,-98.83625,-9.315,8.298333333333334,8.63,8.52125,10.480416666666667,5.19125,21.633333333333336,543.0,1206.6666666666667,45.412083333333335,25.781666666666666,44.526250000000005,16.029166666666665,21.125,4.742083333333333,-114.94416666666666,7.483333333333333,23.965,2.714,26.6792,100.0,0.0
2026-08-27,R5-010,R5-010_L2100_S1,R5,L2100,74.0,300.0,99.24908333333333,2132.0,99.44304166666666,1811.0,98.69654166666668,98.07791666666667,0.0,0.5079583333333334,0.457,98.38404166666668,98.72408333333334,96.55370833333335,2.094583333333333,21.050458333333335,4.1005416666666665,61.14875,24.3625,-97.78666666666668,-12.130416666666667,6.566666666666666,8.456249999999999,8.226666666666667,8.342916666666666,5.212916666666667,20.1375,356.5,792.25,45.05041666666667,31.493750000000002,43.58083333333334,14.616666666666667,22.375,2.70375,-115.21625,6.658333333333334,13.7679,1.7037,15.4713,100.0,0.0
2026-08-27,R5-010,R5-010_L2100_S2,R5,L2100,77.0,300.0,99.294375,2837.0,99.42337500000001,2409.0,98.72195833333335,98.10166666666667,0.0,0.49737499999999996,0.44775000000000004,98.27258333333333,98.528125,96.16429166666667,1.9945833333333332,26.065583333333333,7.440541666666667,66.31833333333334,23.883333333333336,-97.24791666666665,-10.0525,7.66875,8.5675,8.097916666666666,8.514166666666666,5.3566666666666665,20.0,575.1666666666666,1278.3333333333333,44.14416666666667,27.570416666666663,41.174166666666665,31.808333333333334,54.291666666666664,5.922499999999999,-115.25458333333334,6.9375,24.8256,2.7428,27.5681,100.0,0.0
2026-08-27,R5-010,R5-010_L2100_S3,R5,L2100,79.0,300.0,99.26583333333333,1969.0,99.434625,1673.0,98.70445833333333,98.02833333333332,0.0,0.5207499999999999,0.4686666666666666,98.39987500000001,98.74374999999999,96.21875,1.99625,22.174374999999998,4.6194999999999995,50.48166666666666,24.358333333333334,-102.88,-11.47375,7.477916666666666,8.5475,8.668333333333333,10.679166666666667,5.312916666666667,19.162499999999998,611.875,1360.0416666666667,45.355,26.022499999999997,40.30375,14.775,20.041666666666668,4.0175,-114.72375,7.5874999999999995,17.6438,2.5818,20.2256,100.0,0.0
2026-08-27,R5-010,R5-010_L800_S1,R5,L800,75.0,6200.0,99.24854166666667,4738.0,99.45949999999999,4026.0,98.71229166666667,98.015,0.0,0.52975,0.4768333333333334,98.24879166666666,98.52029166666667,96.28791666666666,1.8966666666666667,25.543791666666667,7.1392500000000005,50.66583333333333,23.8625,-95.61916666666667,-9.96625,8.06625,8.606666666666667,7.817083333333334,6.6675,5.509166666666666,22.087500000000002,594.0416666666666,1320.1666666666667,46.7575,32.76291666666667,43.5075,28.037499999999998,50.208333333333336,6.978333333333333,-115.29541666666667,6.620833333333334,41.0804,4.2955,45.3759,100.0,0.0
2026-08-27,R5-010,R5-010_L800_S3,R5,L800,80.0,6200.0,99.27995833333334,1630.0,99.44179166666667,1387.0,98.72616666666666,98.03416666666668,0.0,0.511,0.45987500000000003,98.36754166666667,98.70741666666667,96.34387500000001,2.0070833333333336,25.350916666666667,4.7843333333333335,69.88666666666667,23.7,-97.46791666666667,-10.914166666666667,7.058333333333334,8.505416666666667,8.503333333333334,7.092083333333334,5.2325,20.870833333333334,573.4583333333334,1274.1666666666667,44.155833333333334,29.16,41.05083333333334,11.633333333333333,15.5,1.9983333333333333,-115.06833333333333,7.241666666666667,16.7702,2.1436,18.9141,100.0,0.0
2026-08-28,R5-001,R5-001_L1800_S1,R5,L1800,1.0,1650.0,99.23879166666667,3517.0,99.45095833333333,2991.0,98.69416666666666,97.94375000000001,0.0,0.4935,0.44408333333333333,98.24658333333333,98.607125,96.37104166666667,1.90125,17.291875,4.575541666666667,38.76416666666667,23.97083333333333,-99.66875,-10.920416666666666,8.225833333333332,8.622916666666667,7.947916666666667,6.482083333333333,4.9975,21.645833333333332,432.25,960.5416666666666,44.812916666666666,34.64416666666667,43.314166666666665,30.804166666666664,44.75,5.048333333333333,-114.94625,6.570833333333333,35.293,3.8856,39.1788,100.0,0.0
2026-08-28,R5-001,R5-001_L1800_S2,R5,L1800,4.0,1650.0,99.226,3147.0,99.48608333333334,2675.0,98.71612499999999,98.24583333333334,0.0,0.5222083333333333,0.4700416666666667,98.26362499999999,98.599625,96.1915,2.1275,17.546625,5.421500000000001,31.41125,23.837500000000002,-96.06583333333333,-9.412916666666666,7.139583333333333,8.51375,8.387083333333333,8.187916666666666,5.496666666666666,22.395833333333332,458.7916666666667,1019.7916666666666,46.642500000000005,36.529583333333335,43.337916666666665,22.4375,38.125,5.53625,-114.94041666666668,6.633333333333333,28.3725,4.3345,32.7072,100.0,0.0
2026-08-28,R5-001,R5-001_L1800_S3,R5,L1800,6.0,1650.0,99.25675,2112.0,99.44495833333333,1793.0,98.706125,98.16666666666667,0.0,0.4965,0.44687499999999997,98.472875,98.7505,96.73641666666667,1.8925,17.324083333333334,6.427041666666667,48.35916666666666,24.370833333333334,-103.24791666666665,-11.789583333333333,8.262916666666667,8.625,8.455416666666666,9.809166666666668,5.422083333333333,20.866666666666667,473.5416666666667,1052.3333333333333,45.76958333333334,30.984583333333333,44.19,24.370833333333334,41.416666666666664,5.422916666666667,-114.98125,7.379166666666666,20.5604,2.3556,22.9158,100.0,0.0
2026-08-28,R5-001,R5-001_L2100_S1,R5,L2100,2.0,300.0,99.23108333333333,1801.0,99.46391666666666,1529.0,98.69920833333333,98.01083333333334,0.0,1.12425,1.0116666666666667,98.28704166666667,98.59929166666666,96.12599999999999,1.99875,22.706500000000002,5.736541666666667,50.607499999999995,25.337500000000002,-88.18708333333332,-15.110833333333334,0.8279166666666667,6.0825,8.253333333333332,8.66,5.180000000000001,37.675000000000004,3221.0,6442.041666666667,47.14333333333334,32.98458333333333,41.81666666666667,18.183333333333334,30.166666666666668,3.1179166666666664,-115.22916666666667,26.108333333333334,21.571,3.2044,24.7757,100.0,0.0
2026-08-28,R5-001,R5-001_L2100_S2,R5,L2100,5.0,300.0,99.244625,2617.0,99.47295833333334,2227.0,98.72149999999999,97.96416666666666,0.0,0.48500000000000004,0.4362916666666667,98.17354166666667,98.55866666666667,95.95708333333333,1.8883333333333334,24.163916666666665,5.7455,47.885,24.09583333333333,-95.75791666666667,-9.630833333333333,8.896666666666667,8.69,8.040416666666667,8.232083333333334,4.979166666666667,20.308333333333334,552.0,1226.5416666666667,45.25791666666667,29.49,41.115,24.920833333333334,41.5,3.9341666666666666,-115.20208333333333,7.195833333333333,21.2084,3.3888,24.596999999999998,100.0,0.0
2026-08-28,R5-001,R5-001_L2100_S3,R5,L2100,7.0,300.0,99.29725,2856.0,99.42945833333334,2425.0,98.73091666666666,97.94958333333334,0.0,0.472875,0.4254583333333333,98.25925000000001,98.50991666666665,96.04875,1.91125,21.445083333333333,7.165500000000001,41.05416666666667,24.670833333333334,-95.57791666666667,-10.630833333333333,7.804583333333333,8.58,8.127083333333333,7.248333333333334,5.247083333333333,21.229166666666668,598.1666666666666,1329.3333333333333,46.66708333333333,30.098333333333333,44.56708333333333,29.125,49.25,6.55875,-115.17916666666667,6.791666666666667,42.7908,6.5111,49.3012,100.0,0.0
2026-08-28,R5-001,R5-001_L800_S1,R5,L800,3.0,6200.0,99.23995833333333,5417.0,99.48225000000001,4605.0,98.72625,98.05916666666667,0.0,0.5077916666666666,0.4570416666666666,98.32074999999999,98.63304166666667,96.18975,1.835,26.015041666666665,3.5475833333333333,59.82708333333333,23.829166666666666,-96.17708333333333,-10.182083333333333,7.959583333333334,8.595833333333333,8.502916666666666,8.982083333333334,4.952083333333333,20.758333333333333,430.0,955.5833333333334,45.82749999999999,25.713333333333335,43.18541666666667,33.31666666666667,51.916666666666664,7.10625,-115.50625000000001,5.9375,37.096199999999996,5.7751,42.8717,100.0,0.0
2026-08-28,R5-001,R5-001_L800_S3,R5,L800,8.0,6200.0,99.267,4112.0,99.43116666666667,3494.0,98.70241666666668,98.11083333333333,0.0,0.4805833333333333,0.43250000000000005,98.260375,98.60533333333332,96.297625,1.9445833333333333,23.405208333333334,7.088666666666666,51.78041666666667,23.787499999999998,-97.18166666666667,-10.97375,6.77,8.47625,8.370416666666666,8.226666666666667,5.077083333333333,22.754166666666666,387.9583333333333,861.9583333333334,46.15958333333333,25.831666666666667,42.52291666666667,30.929166666666664,54.041666666666664,8.269583333333333,-115.20583333333333,7.191666666666666,43.9484,4.8927,48.8415,100.0,0.0
2026-08-28,R5-002,R5-002_L1800_S1,R5,L1800,9.0,1650.0,99.23887500000001,4250.0,99.46304166666665,3615.0,98.706,97.99125,0.0,0.480625,0.43254166666666666,98.27566666666667,98.56058333333334,96.06633333333333,2.00625,8.559708333333333,4.6827499999999995,18.125833333333333,24.191666666666666,-98.78875,-9.847916666666666,10.551666666666668,8.855416666666667,8.481666666666667,9.997083333333334,5.229583333333333,21.208333333333332,511.3333333333333,1136.3333333333333,70.12833333333333,45.31708333333333,44.05041666666667,59.15833333333333,87.625,14.48625,-115.54124999999999,6.7375,49.2785,3.3961,52.6748,100.0,0.0
2026-08-28,R5-002,R5-002_L1800_S2,R5,L1800,12.0,1650.0,99.21920833333333,1836.0,99.46024999999999,1561.0,98.68404166666666,97.88125000000001,0.0,0.5144583333333334,0.463125,98.22941666666667,98.54674999999999,96.156,1.9479166666666667,18.365166666666667,4.534041666666667,49.6975,24.170833333333334,-96.24000000000001,-8.337083333333334,7.787916666666667,8.57875,8.224166666666667,9.660416666666666,4.957916666666667,21.333333333333332,488.5833333333333,1085.625,45.48,26.789583333333336,41.295833333333334,21.079166666666666,28.375,5.975416666666667,-115.24874999999999,7.1875,14.0877,1.7197,15.807,100.0,0.0
2026-08-28,R5-002,R5-002_L1800_S3,R5,L1800,14.0,1650.0,99.24716666666666,4316.0,99.4515,3668.0,98.70283333333333,97.98125,0.0,0.50675,0.456,98.23045833333333,98.52912500000001,96.08300000000001,2.07625,22.14816666666667,3.6966249999999996,38.25875,24.28333333333333,-95.76666666666667,-9.851666666666667,8.643333333333333,8.665000000000001,7.935416666666666,9.535,5.521666666666667,21.883333333333336,598.2083333333334,1329.5,47.13666666666666,34.717083333333335,42.516666666666666,27.266666666666666,44.416666666666664,6.523333333333333,-115.28666666666668,7.175,23.416,2.803,26.218899999999998,100.0,0.0
2026-08-28,R5-002,R5-002_L2100_S1,R5,L2100,10.0,300.0,99.243375,4148.0,99.49454166666668,3529.0,98.74179166666666,97.88875,0.0,0.540625,0.486375,98.11554166666667,98.32645833333333,96.03625,1.9525,12.489833333333335,3.6381666666666668,21.03625,23.84583333333333,-96.70541666666666,-9.889583333333333,9.597916666666666,8.760416666666666,8.296666666666667,8.84125,5.257083333333333,21.825,359.2916666666667,798.3333333333334,46.989583333333336,30.817916666666665,43.67458333333334,24.900000000000002,41.583333333333336,4.247916666666667,-115.16166666666668,7.6000000000000005,29.8281,3.7234,33.5517,100.0,0.0
2026-08-28,R5-002,R5-002_L2100_S2,R5,L2100,13.0,300.0,99.21724999999999,4704.0,99.47716666666668,3998.0,98.69875,98.11375,0.0,0.49295833333333333,0.44375000000000003,98.34358333333334,98.60858333333334,96.32475,1.9645833333333333,20.740791666666667,3.7252916666666667,58.85708333333333,23.912499999999998,-97.90583333333332,-9.948333333333332,8.359583333333333,8.636666666666667,8.4375,10.345,5.2124999999999995,21.008333333333333,337.1666666666667,749.25,47.56791666666667,29.795416666666668,41.797916666666666,29.4375,42.666666666666664,8.74,-114.80125,6.825,27.1898,3.444,30.6336,100.0,0.0
2026-08-28,R5-002,R5-002_L2100_S3,R5,L2100,15.0,300.0,99.27162499999999,2059.0,99.44879166666668,1752.0,98.72449999999999,98.06583333333333,0.0,0.4937916666666667,0.4442916666666667,98.45591666666667,98.75891666666666,96.41766666666666,2.085,13.043083333333334,6.692,20.58875,24.433333333333334,-102.65333333333332,-9.332916666666668,6.6625000000000005,8.46625,8.050833333333333,8.209999999999999,5.227083333333334,21.837500000000002,406.6666666666667,903.7916666666666,48.03333333333333,29.77916666666667,41.39791666666667,23.34583333333333,38.666666666666664,6.219166666666666,-115.17291666666667,6.4750000000000005,33.4861,5.1826,38.6689,100.0,0.0
2026-08-28,R5-002,R5-002_L800_S1,R5,L800,11.0,6200.0,99.20545833333334,1245.0,99.42970833333334,1060.0,98.63983333333333,98.10333333333334,0.0,0.49425,0.44483333333333336,98.33225,98.59095833333333,96.41620833333333,1.8995833333333332,23.8055,5.784958333333333,63.42083333333333,24.625,-94.03333333333335,-8.685,6.5808333333333335,8.458333333333334,8.325000000000001,8.995833333333334,5.415,21.974999999999998,632.4583333333334,1405.4166666666667,45.352916666666665,31.264166666666668,44.94875,14.583333333333334,21.791666666666668,2.3329166666666667,-115.44708333333334,6.895833333333333,18.9776,2.4922,21.4703,100.0,0.0
2026-08-28,R5-002,R5-002_L800_S3,R5,L800,16.0,6200.0,99.17991666666667,5093.0,99.43991666666666,4328.0,98.62454166666667,97.87583333333333,0.0,0.516375,0.4646666666666666,98.41041666666666,98.71208333333334,96.21033333333334,2.0995833333333334,25.85229166666667,7.358833333333333,66.67166666666667,22.84166666666667,-96.58416666666666,-11.795416666666666,7.923333333333333,8.592083333333333,8.258750000000001,7.520833333333333,5.1433333333333335,20.5125,322.4166666666667,716.2916666666666,44.10208333333333,24.456666666666667,43.37041666666667,33.49583333333333,51.5,5.798749999999999,-114.9775,5.979166666666667,49.6469,4.8378,54.4845,100.0,0.0
2026-08-28,R5-003,R5-003_L1800_S1,R5,L1800,17.0,1650.0,99.22395833333333,3263.0,99.44120833333334,2774.0,98.66958333333334,98.08291666666666,0.0,0.49695833333333334,0.4472083333333334,98.34408333333333,98.65829166666667,96.35924999999999,1.98125,21.997708333333332,5.510041666666666,65.44333333333334,24.108333333333334,-98.73625,-8.690416666666666,7.08875,8.508333333333333,8.005833333333333,9.545833333333333,5.163333333333333,20.2625,459.6666666666667,1021.5833333333334,44.899166666666666,35.21583333333333,42.95875,27.775000000000002,40.583333333333336,6.64875,-115.19,6.691666666666666,32.2296,2.834,35.0637,100.0,0.0
2026-08-28,R5-003,R5-003_L1800_S2,R5,L1800,20.0,1650.0,96.83954166666666,4843.0,99.45720833333333,4119.0,96.31433333333332,98.10416666666667,0.0,1.8451666666666666,1.6606666666666667,98.20066666666666,98.46274999999999,96.14412499999999,1.97375,4.517541666666667,4.390416666666667,13.194166666666668,24.041666666666668,-114.78583333333334,-10.140416666666667,2.06625,5.7058333333333335,8.474583333333333,10.995833333333332,36.23083333333333,44.975,359.3333333333333,798.5,45.017500000000005,32.05125,42.83291666666667,31.241666666666664,53.75,6.2316666666666665,-115.19,7.229166666666667,27.9099,2.4229,30.333,100.0,0.0
2026-08-28,R5-003,R5-003_L1800_S3,R5,L1800,22.0,1650.0,99.25016666666666,3090.0,99.39533333333333,2624.0,98.65008333333333,97.945,0.0,0.5191666666666667,0.46729166666666666,98.25783333333334,98.55762499999999,96.22804166666667,1.9291666666666665,13.849291666666666,3.604125,23.377916666666668,25.316666666666666,-93.77833333333332,-10.941249999999998,8.205,8.620416666666666,8.275,7.022916666666667,5.3625,21.383333333333336,616.0416666666666,1368.8333333333333,46.19166666666666,28.27125,43.74625,19.095833333333335,25.166666666666668,4.3675,-115.27999999999999,6.7749999999999995,21.7301,3.2783,25.0082,100.0,0.0
2026-08-28,R5-003,R5-003_L2100_S1,R5,L2100,18.0,300.0,99.22800000000001,1428.0,99.43816666666667,1215.0,98.67062499999999,97.88416666666666,0.0,0.523875,0.4715416666666667,98.388375,98.65116666666667,96.35837500000001,2.1058333333333334,22.276583333333335,3.3274166666666667,57.02,24.72083333333333,-97.93541666666665,-11.280833333333334,8.974166666666667,8.697916666666666,8.487499999999999,7.962083333333333,5.340833333333333,21.441666666666666,507.2916666666667,1127.3333333333333,44.95666666666667,30.869583333333335,42.97208333333333,12.950000000000001,20.5,2.1316666666666664,-115.39958333333334,8.012500000000001,10.6516,0.9025,11.5543,100.0,0.0
2026-08-28,R5-003,R5-003_L2100_S2,R5,L2100,21.0,300.0,99.29558333333334,3031.0,99.44312500000001,2577.0,98.74270833333333,98.05250000000001,0.0,0.5155833333333334,0.46408333333333335,98.18295833333333,98.43720833333333,96.16770833333334,1.8379166666666666,12.641208333333333,3.873583333333333,19.99833333333333,23.995833333333334,-96.75916666666666,-10.572916666666666,7.868333333333333,8.587083333333334,8.504583333333334,8.22,5.04375,20.154166666666665,476.6666666666667,1059.2916666666667,46.065,36.525,42.80416666666667,21.829166666666666,37.416666666666664,3.4645833333333336,-115.18833333333333,6.254166666666666,13.714,2.1859,15.9,100.0,0.0
2026-08-28,R5-003,R5-003_L2100_S3,R5,L2100,23.0,300.0,99.24383333333333,3176.0,99.410125,2702.0,98.65837499999999,98.08291666666666,0.0,0.5319583333333333,0.4788333333333334,98.28675,98.59020833333334,96.16520833333334,1.9029166666666668,21.37216666666667,5.5750416666666665,58.005833333333335,23.2625,-98.625,-10.347916666666666,10.281666666666666,8.828333333333333,8.226666666666667,9.874583333333334,4.92875,21.183333333333334,328.0833333333333,729.0416666666666,44.85916666666666,26.4825,41.45458333333333,27.97083333333333,39.791666666666664,8.320416666666667,-115.365,6.629166666666666,27.9709,3.9864,31.957900000000002,100.0,0.0
2026-08-28,R5-003,R5-003_L800_S1,R5,L800,19.0,6200.0,99.312875,3890.0,99.47629166666667,3308.0,98.792875,97.9775,0.0,0.5054583333333333,0.45495833333333335,98.32879166666667,98.623625,96.30270833333333,1.8358333333333334,13.15575,5.5689166666666665,34.35958333333333,24.604166666666668,-92.06124999999999,-9.737499999999999,8.62,8.661666666666667,8.067083333333333,10.413333333333334,5.27875,20.3125,328.4166666666667,729.8333333333334,44.16916666666666,34.99,41.818333333333335,27.212500000000002,45.958333333333336,4.3308333333333335,-115.47458333333333,7.2250000000000005,34.6248,5.0953,39.7202,100.0,0.0
2026-08-28,R5-003,R5-003_L800_S3,R5,L800,24.0,6200.0,99.16325,3000.0,99.39258333333333,2552.0,98.56095833333335,97.93333333333334,0.0,0.5014583333333333,0.45145833333333335,98.26383333333332,98.56516666666666,96.218375,2.05125,21.639375,6.21775,33.29833333333333,24.791666666666668,-93.76791666666666,-9.6775,6.40625,8.44,7.93625,9.207916666666668,5.327916666666667,22.1875,490.2083333333333,1089.2083333333333,47.06125,33.5575,44.90166666666667,18.454166666666666,26.0,4.176666666666667,-115.34125,7.175,22.076999999999998,2.1562,24.233,100.0,0.0
2026-08-28,R5-004,R5-004_L1800_S1,R5,L1800,25.0,1650.0,99.224625,4676.0,99.42516666666667,3977.0,98.654625,97.94583333333333,0.0,0.47900000000000004,0.4310833333333333,98.403,98.71645833333334,96.48704166666666,2.0458333333333334,22.796625000000002,6.108666666666667,34.930416666666666,23.337500000000002,-99.97874999999999,-10.25375,9.575416666666667,8.756666666666666,8.47,7.177499999999999,5.3133333333333335,22.366666666666664,327.7083333333333,728.25,46.77875,27.211250000000003,40.60791666666667,32.1625,53.625,5.026666666666666,-114.77875,7.033333333333334,21.366500000000002,2.6695,24.0361,100.0,0.0
2026-08-28,R5-004,R5-004_L1800_S2,R5,L1800,28.0,1650.0,99.25516666666665,2701.0,99.49645833333334,2295.0,98.75529166666666,98.13166666666666,0.0,2.091625,1.882375,98.31433333333332,98.68487499999999,96.2035,2.03375,10.666166666666667,7.494625,28.047083333333333,24.108333333333334,-107.85541666666667,-10.980833333333335,3.9475000000000002,8.595,8.880833333333333,8.134583333333333,27.702083333333334,20.929166666666667,325.4166666666667,723.25,45.086666666666666,27.2675,43.19833333333333,16.375,25.375,3.8175000000000003,-114.87041666666666,7.1000000000000005,12.9148,1.2896,14.2045,100.0,0.0
2026-08-28,R5-004,R5-004_L1800_S3,R5,L1800,30.0,1650.0,99.25241666666666,2977.0,99.41091666666667,2534.0,98.66779166666667,98.10958333333333,0.0,0.47325,0.4259583333333334,98.207125,98.51216666666666,96.27095833333334,1.8541666666666667,21.328125,7.249291666666667,56.21875,24.587500000000002,-101.42166666666667,-9.196250000000001,4.968333333333334,8.297083333333333,7.993333333333333,7.857083333333333,5.430833333333333,19.916666666666668,515.4583333333334,1145.6666666666667,45.59,34.871249999999996,42.302083333333336,34.458333333333336,61.833333333333336,9.705416666666666,-114.88333333333333,6.366666666666667,20.9342,2.5917,23.5264,100.0,0.0
2026-08-28,R5-004,R5-004_L2100_S1,R5,L2100,26.0,300.0,99.23420833333334,3172.0,99.45504166666666,2695.0,98.69345833333334,98.06333333333333,0.0,0.48641666666666666,0.4378333333333333,98.23408333333333,98.496125,96.269,1.9645833333333333,15.477833333333335,7.214625000000001,44.33625,24.758333333333336,-95.90375,-8.816666666666666,9.3125,8.732083333333334,7.99625,9.212083333333334,5.2716666666666665,22.224999999999998,532.9166666666666,1184.2083333333333,44.159166666666664,30.148750000000003,42.125416666666666,27.741666666666664,46.833333333333336,4.8812500000000005,-115.09208333333333,7.029166666666666,34.3327,5.3406,39.6733,100.0,0.0
2026-08-28,R5-004,R5-004_L2100_S2,R5,L2100,29.0,300.0,99.27974999999999,3611.0,99.41470833333334,3069.0,98.69895833333334,98.01416666666667,0.0,0.5240416666666666,0.47162499999999996,98.24045833333334,98.51412499999999,96.11058333333334,1.9349999999999998,16.966041666666666,4.888,27.590416666666666,24.9375,-102.15541666666667,-10.018749999999999,7.9245833333333335,8.592916666666666,8.36125,10.694166666666668,4.75875,22.025000000000002,535.6666666666666,1190.5,47.1925,28.919166666666666,41.20291666666667,24.55,37.75,6.867083333333333,-115.40416666666665,6.470833333333334,31.5902,5.0203,36.6104,100.0,0.0
2026-08-28,R5-004,R5-004_L2100_S3,R5,L2100,31.0,300.0,99.25433333333332,3897.0,99.45475,3315.0,98.71325,98.015,0.0,0.5285000000000001,0.4756666666666667,98.35504166666668,98.67829166666667,96.361875,1.8791666666666667,24.97366666666667,7.526083333333333,73.85708333333334,23.745833333333334,-96.59583333333335,-8.1975,7.3475,8.535,8.28875,9.06375,4.857083333333333,21.279166666666665,332.4583333333333,738.8333333333334,45.43333333333334,30.66333333333333,42.49375,25.204166666666666,34.083333333333336,4.54375,-115.32125,6.7749999999999995,36.2802,5.2288,41.5088,100.0,0.0
2026-08-28,R5-004,R5-004_L800_S1,R5,L800,27.0,6200.0,99.22466666666666,4047.0,99.40545833333333,3438.0,98.63479166666667,97.89958333333334,0.0,0.49733333333333335,0.44754166666666667,98.323125,98.67220833333333,96.453875,1.81625,23.012541666666667,4.8665416666666665,49.30875,23.979166666666668,-99.42125,-10.4175,5.577083333333333,8.357916666666666,7.8758333333333335,10.189166666666667,5.513333333333333,22.370833333333334,587.5,1305.3333333333333,46.058749999999996,32.8425,43.73458333333334,32.762499999999996,47.291666666666664,7.734583333333333,-115.69,7.733333333333333,46.5042,7.2443,53.748400000000004,100.0,0.0
2026-08-28,R5-004,R5-004_L800_S3,R5,L800,32.0,6200.0,99.20954166666667,3135.0,99.44225,2660.0,98.65645833333333,98.0125,0.0,0.476,0.4282916666666667,98.27229166666666,98.64274999999999,96.22129166666667,1.9804166666666667,20.77958333333333,5.408124999999999,59.500416666666666,23.741666666666664,-96.1375,-11.237083333333333,7.115833333333334,8.512500000000001,8.775416666666667,8.374166666666666,5.31375,21.375,386.4583333333333,858.8333333333334,47.20249999999999,31.485,44.555,26.358333333333334,40.333333333333336,7.038333333333333,-115.48041666666667,6.808333333333334,19.9854,2.446,22.4314,100.0,0.0
2026-08-28,R5-005,R5-005_L1800_S1,R5,L1800,33.0,1650.0,97.79708333333333,3022.0,99.42691666666667,2568.0,97.23654166666667,88.5575,0.0,1.4889999999999999,1.3402083333333332,98.30645833333334,98.62583333333333,96.139875,1.9995833333333335,24.508333333333336,2.0642916666666666,71.2275,23.5625,-91.76916666666666,-9.154583333333333,8.515,8.65125,7.825833333333333,6.286666666666666,5.185833333333333,21.495833333333334,352.625,783.875,46.495416666666664,34.99333333333333,41.76125,25.3125,38.5,4.437916666666667,-100.16958333333334,39.99583333333333,20.2243,2.2553,22.479,100.0,0.0
2026-08-28,R5-005,R5-005_L1800_S2,R5,L1800,36.0,1650.0,99.26083333333332,4297.0,99.42870833333335,3653.0,98.69387499999999,97.92708333333333,0.0,0.481125,0.43295833333333333,98.381875,98.74975,96.338125,2.0416666666666665,15.275958333333334,6.800625,35.7075,23.579166666666666,-96.18958333333335,-11.175833333333332,8.106666666666667,8.61,8.082916666666668,7.396249999999999,5.5249999999999995,20.145833333333332,558.0416666666666,1240.375,46.15,26.66541666666667,43.17166666666666,27.754166666666666,36.583333333333336,6.535833333333334,-115.2075,6.891666666666667,18.4081,2.8163,21.2247,100.0,0.0
2026-08-28,R5-005,R5-005_L1800_S3,R5,L1800,38.0,1650.0,99.224,3321.0,99.49437499999999,2822.0,98.72241666666667,98.03333333333335,0.0,0.47350000000000003,0.4260833333333333,98.33108333333332,98.60308333333334,96.32104166666666,2.018333333333333,17.530375,4.861791666666667,28.832916666666666,24.383333333333336,-95.55250000000001,-10.981666666666667,6.074166666666667,8.408333333333333,8.368333333333334,9.862916666666667,5.45375,20.833333333333332,447.2083333333333,993.7916666666666,45.09291666666667,32.751666666666665,42.44416666666667,30.941666666666666,46.083333333333336,7.067916666666666,-115.29666666666667,6.6125,21.4549,2.7661,24.2212,100.0,0.0
2026-08-28,R5-005,R5-005_L2100_S1,R5,L2100,34.0,300.0,99.24374999999999,5517.0,99.44741666666665,4689.0,98.695625,98.07,0.0,0.4992916666666667,0.44941666666666663,98.36895833333334,98.65458333333333,96.18737499999999,2.191666666666667,24.889291666666665,4.213416666666666,57.66833333333333,23.400000000000002,-96.64999999999999,-10.490833333333333,7.060833333333334,8.505833333333333,8.18375,8.623333333333333,5.4575,19.266666666666666,575.2916666666666,1278.4583333333333,44.29666666666666,29.741249999999997,42.75666666666667,33.50416666666667,49.833333333333336,7.46,-115.41041666666666,7.3374999999999995,31.7515,3.2021,34.9538,100.0,0.0
2026-08-28,R5-005,R5-005_L2100_S2,R5,L2100,37.0,300.0,99.262,1983.0,99.438125,1689.0,98.7045,97.93541666666665,0.0,0.50575,0.45525,98.40995833333334,98.69991666666668,96.426875,2.0541666666666667,19.301625,3.840458333333333,36.0575,23.2625,-94.0,-10.123333333333333,8.397916666666667,8.639583333333333,8.197083333333333,7.2225,5.151666666666666,21.129166666666666,366.25,813.7916666666666,45.060833333333335,30.51291666666667,42.02708333333333,19.133333333333333,33.25,3.4720833333333334,-115.35833333333333,6.766666666666667,21.1171,2.599,23.7165,100.0,0.0
2026-08-28,R5-005,R5-005_L2100_S3,R5,L2100,39.0,300.0,99.26187499999999,1368.0,99.45037500000001,1161.0,98.71662500000001,97.89583333333333,0.0,0.5435,0.4891666666666667,98.286375,98.54866666666668,96.30633333333333,1.8816666666666666,20.87725,3.6917500000000003,34.428333333333335,25.0,-97.48708333333333,-10.025,9.11,8.71125,7.834583333333334,7.767500000000001,5.372083333333333,22.28333333333333,412.125,915.5416666666666,47.14125000000001,29.352500000000003,43.31875,12.512500000000001,20.666666666666668,3.42375,-115.32416666666667,6.870833333333334,13.6465,1.7796,15.425799999999999,100.0,0.0
2026-08-28,R5-005,R5-005_L800_S1,R5,L800,35.0,6200.0,99.23895833333334,1226.0,99.42370833333332,1044.0,98.66720833333333,97.97791666666667,0.0,0.4925,0.443375,98.21216666666668,98.53058333333333,96.19920833333333,2.0716666666666668,17.716541666666668,4.009041666666667,51.337500000000006,24.816666666666666,-96.47500000000001,-9.812083333333334,6.229583333333333,8.422500000000001,8.212916666666667,8.225833333333334,5.376666666666666,21.40833333333333,507.3333333333333,1127.375,45.065416666666664,30.655833333333334,42.38625,13.237499999999999,18.958333333333332,2.165,-114.77416666666666,7.779166666666666,16.1096,1.9636,18.0729,100.0,0.0
2026-08-28,R5-005,R5-005_L800_S3,R5,L800,40.0,6200.0,99.20654166666667,2319.0,99.44433333333332,1970.0,98.65554166666668,97.81291666666668,0.0,0.5425,0.48820833333333336,98.379375,98.65254166666666,96.22208333333333,2.0254166666666666,17.120375,5.33125,47.888749999999995,23.833333333333332,-93.91375,-8.32875,6.8308333333333335,8.4825,8.40375,10.777500000000002,5.625,20.7625,425.0416666666667,944.5833333333334,47.44,31.43625,43.5275,15.391666666666666,24.083333333333332,4.53,-115.9975,6.854166666666667,18.7572,2.6151,21.3721,100.0,0.0
2026-08-28,R5-006,R5-006_L1800_S1,R5,L1800,41.0,1650.0,99.25091666666667,2701.0,99.42920833333334,2297.0,98.684375,98.03416666666668,0.0,0.5037083333333333,0.45325,98.36816666666665,98.61516666666667,96.49595833333332,1.8412499999999998,23.861166666666666,4.568208333333334,67.38375,23.945833333333336,-101.03666666666668,-9.865416666666667,6.9725,8.4975,8.455833333333333,7.34375,5.171666666666667,19.304166666666667,314.9583333333333,699.8333333333334,44.45208333333333,26.022499999999997,41.77916666666667,25.254166666666666,35.041666666666664,5.820833333333333,-114.435,7.1375,20.042,2.9712,23.0133,100.0,0.0
2026-08-28,R5-006,R5-006_L1800_S2,R5,L1800,44.0,1650.0,99.25470833333333,3104.0,99.43666666666667,2642.0,98.69566666666667,98.02375,0.0,0.4952083333333333,0.445625,98.20716666666665,98.53224999999999,96.09820833333333,1.9958333333333333,24.18641666666667,7.079291666666666,67.575,24.212500000000002,-96.75458333333334,-9.229166666666666,5.6570833333333335,8.365833333333333,8.025,9.949166666666667,5.225416666666667,21.120833333333334,394.2083333333333,876.125,44.39333333333334,32.596666666666664,41.19416666666667,30.358333333333334,49.166666666666664,7.2625,-114.95791666666666,6.9875,33.5492,4.5978,38.1468,100.0,0.0
2026-08-28,R5-006,R5-006_L1800_S3,R5,L1800,46.0,1650.0,99.2555,4675.0,99.19675000000001,3972.0,98.45825,97.96833333333332,25.0,0.5704166666666667,0.5134583333333333,98.32620833333334,98.65350000000001,96.18729166666667,2.080416666666667,7.233249999999999,5.117249999999999,17.41,24.587500000000002,-95.86,-10.832916666666668,7.899166666666667,8.589166666666667,8.229166666666666,10.37375,5.217083333333333,20.795833333333334,528.1666666666666,1173.625,76.90833333333333,52.26583333333334,74.74708333333334,70.16250000000001,124.41666666666667,19.356666666666666,-115.01291666666667,6.866666666666667,106.4873,6.8514,113.3387,100.0,0.0
2026-08-28,R5-006,R5-006_L2100_S1,R5,L2100,42.0,300.0,99.24816666666668,5802.0,99.438125,4932.0,98.69058333333334,97.95416666666667,0.0,0.5223333333333333,0.47008333333333335,98.119875,98.41270833333334,96.15479166666667,2.1225,23.109291666666667,7.039625,65.66375000000001,25.724999999999998,-96.59875,-11.359166666666667,8.172916666666667,8.619166666666667,8.2675,9.831666666666667,5.387083333333333,21.670833333333334,385.7916666666667,857.5,47.444583333333334,32.628750000000004,43.833333333333336,34.291666666666664,55.041666666666664,6.073333333333333,-115.04875,7.325,46.3631,6.44,52.8031,100.0,0.0
2026-08-28,R5-006,R5-006_L2100_S2,R5,L2100,45.0,300.0,99.22295833333334,3249.0,99.46691666666668,2759.0,98.694,97.8625,0.0,0.48362499999999997,0.43529166666666663,98.33879166666667,98.61541666666666,96.20333333333333,2.033333333333333,17.253666666666668,6.028208333333333,42.0175,23.520833333333332,-96.80666666666667,-9.601666666666667,8.105833333333333,8.610416666666667,8.574166666666667,8.63125,5.067083333333334,20.595833333333335,459.0,1019.9583333333334,44.55916666666667,30.611666666666665,42.62291666666667,27.391666666666666,44.375,6.482916666666667,-115.3675,6.825,32.1439,4.7202,36.8641,100.0,0.0
2026-08-28,R5-006,R5-006_L2100_S3,R5,L2100,47.0,300.0,99.29700000000001,1735.0,99.41095833333333,1479.0,98.71225,97.88541666666667,0.0,0.5049166666666667,0.454375,98.24670833333333,98.49866666666667,96.34416666666668,2.0004166666666667,19.8215,4.773625,35.76541666666667,23.9875,-93.29833333333333,-10.49625,10.3025,8.82875,8.4225,10.033333333333333,5.74875,21.287499999999998,389.875,866.2916666666666,45.58583333333333,34.031666666666666,41.93833333333333,14.25,20.458333333333332,4.21375,-115.35916666666667,6.929166666666667,20.156200000000002,2.6762,22.8326,100.0,0.0
2026-08-28,R5-006,R5-006_L800_S1,R5,L800,43.0,6200.0,99.25945833333333,2388.0,99.45108333333333,2029.0,98.71475,97.90666666666665,0.0,0.500125,0.45016666666666666,98.30066666666666,98.69083333333333,96.44558333333333,2.1774999999999998,18.075375,5.863875,28.03833333333333,24.5625,-94.30666666666667,-8.625416666666666,7.742916666666666,8.575,8.57625,10.507083333333332,5.194166666666667,20.591666666666665,409.4166666666667,910.0833333333334,45.344166666666666,27.161666666666665,42.27375,20.766666666666666,32.625,3.565,-115.31541666666668,7.695833333333333,29.2861,3.7588,33.0447,100.0,0.0
2026-08-28,R5-006,R5-006_L800_S3,R5,L800,48.0,6200.0,99.26141666666666,2354.0,99.46054166666666,2002.0,98.72595833333332,97.90166666666666,0.0,0.4899166666666667,0.44095833333333334,98.21620833333333,98.53750000000001,96.38691666666666,2.0995833333333334,20.908958333333334,5.697875,46.8475,24.129166666666666,-98.86416666666666,-12.34625,5.875,8.387083333333333,8.188333333333334,7.569583333333334,5.495,22.420833333333334,372.1666666666667,826.875,45.906666666666666,29.866249999999997,41.79708333333333,26.4875,40.916666666666664,7.471666666666667,-115.70208333333333,6.8625,21.4518,3.2543,24.7064,100.0,0.0
2026-08-28,R5-007,R5-007_L1800_S1,R5,L1800,49.0,1650.0,99.268125,1533.0,99.42558333333334,1304.0,98.69775,97.85166666666667,0.0,0.4935833333333333,0.4442083333333333,98.25462499999999,98.59791666666666,96.06824999999999,1.9554166666666666,19.090125,6.526291666666666,43.37583333333333,24.2375,-97.80208333333333,-10.33375,7.075833333333333,8.507083333333334,7.9525,9.554166666666667,5.33125,21.0625,577.3333333333334,1283.0416666666667,46.974583333333335,28.159166666666664,44.352916666666665,16.433333333333334,26.833333333333332,4.089583333333334,-115.19083333333333,7.266666666666667,14.8483,1.3487,16.197,100.0,0.0
2026-08-28,R5-007,R5-007_L1800_S2,R5,L1800,52.0,1650.0,99.26645833333333,997.0,99.44708333333334,850.0,98.717625,98.06041666666665,0.0,0.486375,0.43779166666666663,98.21708333333333,98.49733333333334,96.15404166666667,2.025,25.39425,5.415333333333333,59.45416666666666,23.258333333333336,-95.45625,-11.948749999999999,6.394583333333333,8.439583333333333,8.334166666666667,10.165416666666667,5.369583333333334,20.520833333333332,410.5416666666667,912.4166666666666,45.885,29.021666666666665,43.86958333333333,10.65,16.625,1.82125,-115.37083333333334,6.833333333333333,9.2144,0.8777,10.0918,100.0,0.0
2026-08-28,R5-007,R5-007_L1800_S3,R5,L1800,54.0,1650.0,99.19462499999999,2199.0,99.428875,1870.0,98.62841666666667,97.94541666666667,0.0,0.4854583333333333,0.43687499999999996,98.17954166666668,98.53525,96.19962500000001,2.0,19.237583333333333,4.572291666666667,44.78958333333333,24.354166666666668,-101.80583333333334,-11.05375,8.308333333333334,8.63125,7.993333333333333,6.6933333333333325,5.565,20.920833333333334,422.2916666666667,938.5,45.12833333333333,31.209166666666665,43.828333333333326,24.425,39.916666666666664,6.7004166666666665,-115.03958333333333,6.720833333333334,20.2108,2.6192,22.8299,100.0,0.0
2026-08-28,R5-007,R5-007_L2100_S1,R5,L2100,50.0,300.0,99.20175,4217.0,99.419875,3583.0,98.62650000000001,98.09416666666668,0.0,0.504125,0.4538333333333333,98.29458333333334,98.54083333333334,96.39566666666667,2.0629166666666667,18.687416666666667,5.639,35.471666666666664,23.224999999999998,-93.56291666666668,-8.40625,10.21625,8.822083333333333,8.259583333333333,10.097916666666666,5.202916666666667,20.770833333333332,564.5,1254.4166666666667,44.98583333333334,33.965833333333336,43.66416666666667,33.3375,53.375,7.66,-115.22250000000001,6.979166666666667,41.19,3.2991,44.489000000000004,100.0,0.0
2026-08-28,R5-007,R5-007_L2100_S2,R5,L2100,53.0,300.0,94.09370833333332,1118.0,95.42458333333333,949.0,89.78866666666666,91.86708333333333,0.0,0.528625,0.47562499999999996,98.30408333333334,98.52058333333333,96.0655,1.9937500000000001,12.286791666666666,7.345916666666667,23.99,24.820833333333336,-94.69583333333333,-9.442083333333334,6.70625,8.470833333333333,8.841666666666667,10.685416666666667,4.988333333333333,20.5,547.3333333333334,1216.4583333333333,45.430416666666666,32.78,67.33125,10.75,17.833333333333332,2.8216666666666668,-115.08749999999999,8.004166666666666,7.188,0.6494,7.8367,100.0,0.0
2026-08-28,R5-007,R5-007_L2100_S3,R5,L2100,55.0,300.0,99.22841666666666,2087.0,99.48754166666667,1777.0,98.71979166666667,98.04083333333334,0.0,0.47412499999999996,0.4265833333333333,98.36104166666667,98.686125,96.25529166666666,2.09125,25.395458333333334,7.211541666666666,47.39458333333334,23.59166666666667,-97.83291666666666,-9.868333333333334,7.635416666666667,8.563333333333334,7.977083333333333,9.321666666666667,5.211250000000001,21.454166666666666,339.2083333333333,753.875,47.46458333333334,37.73708333333334,42.39208333333333,14.85,25.75,3.2875,-115.25541666666668,8.070833333333333,9.0236,0.987,10.0102,100.0,0.0
2026-08-28,R5-007,R5-007_L800_S1,R5,L800,51.0,6200.0,99.196375,1230.0,99.45304166666666,1044.0,98.65395833333334,98.06541666666668,0.0,0.5328333333333334,0.47970833333333335,98.31016666666666,98.61475,96.22620833333333,2.0016666666666665,16.471625,3.3727916666666666,27.345416666666665,23.791666666666668,-98.43666666666667,-11.251249999999999,6.760416666666667,8.475416666666666,8.575416666666667,10.235416666666667,4.922916666666667,21.579166666666666,411.7083333333333,914.9583333333334,45.82833333333334,34.07041666666667,43.0425,11.095833333333333,18.208333333333332,2.675416666666667,-115.49458333333332,7.558333333333334,15.719899999999999,1.2915,17.0115,100.0,0.0
2026-08-28,R5-007,R5-007_L800_S3,R5,L800,56.0,6200.0,99.20870833333333,1101.0,99.44479166666667,934.0,98.658,98.14083333333333,0.0,0.5102083333333333,0.459,98.31720833333333,98.63241666666666,96.28770833333334,2.0595833333333333,14.747083333333334,6.891666666666667,22.90416666666667,23.96666666666667,-96.29041666666667,-10.084166666666667,7.004166666666666,8.5,8.697916666666666,8.1675,5.641249999999999,20.858333333333334,557.375,1238.5,46.21291666666667,34.92583333333334,44.8375,11.466666666666667,16.625,1.9908333333333335,-115.445,6.858333333333333,8.259500000000001,1.013,9.272499999999999,100.0,0.0
2026-08-28,R5-008,R5-008_L1800_S1,R5,L1800,57.0,1650.0,99.28031818181817,1555.0,99.431,1323.0,98.71540909090909,97.855,0.0,0.50625,0.455625,98.2265,98.52966666666667,96.21245833333334,2.0395833333333333,14.869541666666668,5.454083333333333,33.74791666666667,23.587500000000002,-102.46875,-9.91,6.340833333333333,8.435,8.506666666666666,8.600833333333332,4.99625,21.829166666666666,332.8333333333333,739.5833333333334,44.111250000000005,28.78333333333333,44.27458333333333,16.179166666666667,25.083333333333332,4.316666666666666,-115.33041666666666,7.6125,23.3886,1.9794,25.3679,93.16133333333333,98.5
2026-08-28,R5-008,R5-008_L1800_S2,R5,L1800,60.0,1650.0,99.270375,2905.0,99.44175,2470.0,98.7165,98.02458333333334,0.0,0.5282916666666667,0.4755416666666667,98.2575,98.49158333333334,96.37116666666667,1.9412500000000001,17.3905,6.319708333333334,44.24375,23.670833333333334,-96.8075,-12.536666666666667,7.707083333333333,8.569583333333332,8.18875,8.089583333333334,4.885416666666667,21.483333333333334,330.7916666666667,735.25,45.98458333333334,33.628750000000004,42.21208333333333,17.670833333333334,30.291666666666668,3.470416666666667,-115.27333333333333,7.066666666666666,11.1821,1.7090999999999998,12.8908,100.0,0.0
2026-08-28,R5-008,R5-008_L1800_S3,R5,L1800,62.0,1650.0,99.23241666666667,2658.0,99.43741666666666,2257.0,98.67425000000001,97.82791666666667,0.0,0.5015,0.45133333333333336,98.35295833333333,98.65637500000001,96.51995833333332,1.98375,22.840875,5.116916666666667,51.45166666666666,24.808333333333334,-101.7975,-9.983333333333333,6.8133333333333335,8.480833333333333,8.563333333333334,9.31875,5.598333333333334,21.191666666666666,391.2916666666667,869.4583333333334,45.42958333333333,31.06625,42.520833333333336,21.008333333333333,33.875,4.205,-115.32708333333333,6.645833333333333,15.0938,1.9604,17.0542,100.0,0.0
2026-08-28,R5-008,R5-008_L2100_S1,R5,L2100,58.0,300.0,99.232375,4273.0,99.42541666666666,3632.0,98.66208333333333,98.00999999999999,0.0,0.49420833333333336,0.4447916666666667,98.37966666666667,98.73516666666667,96.38091666666666,1.9908333333333335,21.444833333333335,5.965583333333334,48.93375,23.59583333333333,-93.01041666666667,-11.703333333333333,7.151666666666666,8.515416666666667,8.069166666666666,9.479583333333332,5.269166666666666,20.345833333333335,387.0416666666667,859.8333333333334,44.452916666666674,29.300833333333333,42.04125,30.016666666666666,53.041666666666664,6.320833333333333,-115.27416666666666,6.3875,43.377,5.6109,48.9881,100.0,0.0
2026-08-28,R5-008,R5-008_L2100_S2,R5,L2100,61.0,300.0,99.18933333333332,1813.0,99.44445833333333,1540.0,98.63845833333333,98.13833333333334,0.0,0.5323333333333333,0.4790833333333333,98.20400000000001,98.49708333333332,96.33579166666668,1.9649999999999999,20.93025,7.556125000000001,37.66833333333334,23.791666666666668,-93.81,-9.77375,4.815416666666667,8.280833333333334,8.588333333333333,10.21125,5.508333333333333,20.3125,559.9166666666666,1244.3333333333333,46.310833333333335,35.70125,43.095416666666665,13.445833333333333,22.75,3.2733333333333334,-115.50541666666668,6.708333333333333,9.835,1.0379,10.8725,100.0,0.0
2026-08-28,R5-008,R5-008_L2100_S3,R5,L2100,63.0,300.0,99.24354166666666,2678.0,99.42695833333333,2277.0,98.67504166666667,98.04875,0.0,0.5127916666666666,0.46166666666666667,98.252,98.60562499999999,96.17541666666666,2.08625,23.723541666666666,5.832208333333334,44.62083333333334,23.958333333333332,-97.56541666666668,-9.808333333333334,9.031666666666666,8.704166666666667,8.541666666666666,8.215,5.1925,22.570833333333336,342.125,760.125,43.92583333333334,30.059583333333336,43.73500000000001,16.708333333333332,27.583333333333332,3.2104166666666667,-115.45708333333333,6.679166666666667,12.7834,1.1558,13.9393,100.0,0.0
2026-08-28,R5-008,R5-008_L800_S1,R5,L800,59.0,6200.0,99.279375,4761.0,99.50529166666666,4048.0,98.78841666666666,98.02999999999999,0.0,0.5497083333333334,0.4948333333333333,98.243,98.55475,96.22758333333333,2.0104166666666665,20.105583333333332,6.933166666666668,30.896666666666665,23.241666666666664,-97.46249999999999,-10.179166666666667,7.3741666666666665,8.537916666666666,8.522499999999999,7.80875,5.20625,21.291666666666668,488.2083333333333,1084.7083333333333,45.69833333333333,36.40625,39.5825,33.43333333333333,54.5,9.655833333333334,-115.47583333333334,7.366666666666666,45.8207,6.1097,51.9305,100.0,0.0
2026-08-28,R5-008,R5-008_L800_S3,R5,L800,64.0,6200.0,99.27625,4598.0,99.456125,3905.0,98.73654166666667,97.90208333333334,0.0,0.4995833333333333,0.4495416666666667,98.225375,98.4455,96.23712499999999,1.9375,17.838708333333333,6.580875,30.472916666666666,23.883333333333336,-97.45291666666667,-9.49625,9.422083333333333,8.742916666666668,7.979583333333333,7.213333333333334,5.480833333333333,20.366666666666667,389.5416666666667,865.5833333333334,46.307500000000005,34.85875,41.430416666666666,31.666666666666668,47.916666666666664,7.990833333333334,-115.17166666666667,6.625,45.4236,5.3668,50.7906,100.0,0.0
2026-08-28,R5-009,R5-009_L1800_S1,R5,L1800,65.0,1650.0,99.239875,3903.0,99.46095833333334,3319.0,98.70495833333332,97.97791666666666,0.0,0.4964583333333333,0.44687499999999997,98.25229166666666,98.539625,96.01529166666667,2.089583333333333,24.943541666666665,6.586625000000001,51.115,24.066666666666666,-98.88291666666667,-11.090000000000002,10.3025,8.83,8.325833333333334,9.6975,5.0475,20.4375,520.25,1156.2083333333333,43.15416666666667,31.52416666666667,42.715,25.645833333333332,36.208333333333336,4.332916666666667,-114.94666666666666,6.504166666666666,28.0706,2.5513,30.6217,100.0,0.0
2026-08-28,R5-009,R5-009_L1800_S2,R5,L1800,68.0,1650.0,99.25020833333333,3081.0,99.43575,2619.0,98.69041666666668,97.98166666666667,0.0,0.484375,0.4358333333333333,98.17941666666667,98.48879166666667,96.27562499999999,2.0833333333333335,20.200166666666664,4.038833333333334,39.58166666666667,23.825,-93.67416666666666,-10.3475,5.578333333333333,8.35875,8.502083333333333,7.969166666666666,5.035,21.679166666666664,436.2916666666667,969.4583333333334,45.67166666666666,27.645833333333332,44.267500000000005,31.391666666666666,55.791666666666664,9.318333333333333,-115.07708333333333,6.875,29.4188,4.5013,33.92,100.0,0.0
2026-08-28,R5-009,R5-009_L1800_S3,R5,L1800,70.0,1650.0,99.22495833333333,2129.0,99.41420833333332,1811.0,98.64375,97.99416666666667,0.0,0.515875,0.4642916666666667,98.40862500000001,98.77054166666666,96.34108333333334,1.9604166666666665,20.06075,4.756541666666666,41.902499999999996,23.179166666666664,-93.10541666666667,-11.027916666666668,7.854583333333333,8.584583333333333,8.56,10.325416666666667,5.083333333333333,21.537499999999998,382.9583333333333,850.7083333333334,45.182500000000005,26.129583333333333,42.17875,19.099999999999998,31.875,3.24625,-115.64833333333333,6.7749999999999995,22.737,3.5215,26.2587,100.0,0.0
2026-08-28,R5-009,R5-009_L2100_S1,R5,L2100,66.0,300.0,99.238625,1136.0,99.41883333333334,965.0,98.66199999999999,98.11125,0.0,0.5083333333333334,0.4575,98.39816666666667,98.65875,96.38633333333333,1.9925,12.557666666666668,5.412291666666667,37.30041666666667,24.808333333333334,-95.82083333333333,-9.901666666666666,5.461666666666667,8.34625,8.156666666666666,8.355416666666667,5.136666666666667,20.229166666666668,406.7916666666667,904.0,45.594166666666666,30.424166666666665,44.9625,12.333333333333334,17.208333333333332,2.1504166666666666,-114.685,7.408333333333334,11.946200000000001,1.767,13.7134,100.0,0.0
2026-08-28,R5-009,R5-009_L2100_S2,R5,L2100,69.0,300.0,99.255375,2037.0,99.42308333333334,1730.0,98.68287500000001,98.01916666666666,0.0,0.543,0.48866666666666664,98.37816666666667,98.74108333333334,96.27708333333334,2.1645833333333333,19.659041666666667,4.315125,52.180416666666666,24.329166666666666,-94.77541666666667,-9.909583333333332,6.398333333333333,8.440833333333332,8.268333333333333,8.300833333333333,5.135,21.416666666666668,548.5,1219.0416666666667,45.470416666666665,32.691250000000004,42.7775,15.316666666666668,25.041666666666668,2.4570833333333333,-115.28958333333333,6.2875000000000005,14.2995,1.4916,15.791500000000001,100.0,0.0
2026-08-28,R5-009,R5-009_L2100_S3,R5,L2100,71.0,300.0,99.25370833333334,1354.0,99.46237500000001,1151.0,98.72020833333333,97.88791666666667,0.0,1.1480833333333333,1.0332916666666667,93.16533333333332,93.40750000000001,90.971625,10.8825,18.57133333333333,6.863499999999999,45.24125,23.974999999999998,-95.62666666666667,-11.353333333333333,5.335833333333333,8.3325,8.066666666666666,7.76125,5.3029166666666665,20.470833333333335,475.2083333333333,1056.2916666666667,46.770833333333336,27.4025,41.98041666666666,11.766666666666666,21.166666666666668,2.1054166666666667,-115.45416666666667,6.9750000000000005,7.5259,1.1574,8.6834,100.0,0.0
2026-08-28,R5-009,R5-009_L800_S1,R5,L800,67.0,6200.0,99.26041666666667,3186.0,99.46325,2708.0,98.72808333333334,97.98,0.0,0.4705,0.423375,98.38308333333333,98.72224999999999,96.29241666666667,1.9566666666666668,23.968708333333336,3.5955833333333334,70.33083333333333,24.320833333333336,-92.93416666666667,-10.043750000000001,5.828333333333333,8.3825,8.217083333333333,7.622916666666666,5.121666666666667,19.895833333333332,356.0,791.2083333333334,42.706250000000004,30.60083333333333,40.21791666666667,21.866666666666664,33.583333333333336,5.7129166666666675,-114.815,6.566666666666666,31.5858,4.7089,36.2947,100.0,0.0
2026-08-28,R5-009,R5-009_L800_S3,R5,L800,72.0,6200.0,99.24308333333333,1800.0,99.43262499999999,1531.0,98.68016666666666,98.02541666666667,0.0,0.4995,0.449625,98.33483333333334,98.57883333333332,96.43666666666667,1.8012499999999998,14.120416666666666,3.93675,29.507499999999997,24.616666666666664,-100.31458333333335,-9.339166666666666,7.330416666666667,8.5325,8.268333333333333,10.306666666666667,5.045833333333333,22.175,437.375,971.8333333333334,45.34125,26.53625,43.31875,20.775000000000002,35.208333333333336,3.186666666666667,-114.83208333333333,7.195833333333333,27.3534,2.989,30.3426,100.0,0.0
2026-08-28,R5-010,R5-010_L1800_S1,R5,L1800,73.0,1650.0,99.2675,2518.0,99.4165,2141.0,98.68841666666667,98.02208333333334,0.0,0.4947916666666667,0.44508333333333333,98.28325,98.61429166666666,96.30766666666666,1.9083333333333332,20.527541666666668,5.505791666666667,54.78458333333333,24.516666666666666,-91.76125,-9.685,7.776666666666666,8.5775,8.304583333333333,8.744583333333333,5.1466666666666665,21.962500000000002,573.125,1273.5416666666667,47.36708333333333,27.165833333333335,42.41708333333333,15.508333333333333,25.375,2.97125,-115.21916666666668,6.7,12.0136,1.2577,13.2713,100.0,0.0
2026-08-28,R5-010,R5-010_L1800_S2,R5,L1800,76.0,1650.0,99.28545833333334,1396.0,99.4465,1184.0,98.736125,97.94416666666666,0.0,0.5027083333333333,0.45237499999999997,98.36641666666667,98.67420833333334,96.53079166666667,2.0858333333333334,25.73575,7.007458333333333,68.87708333333333,23.808333333333334,-94.635,-12.138333333333334,6.814583333333334,8.480833333333335,8.294583333333334,10.554583333333333,5.107916666666667,21.7625,401.0833333333333,891.2083333333334,47.803333333333335,26.966250000000002,42.21791666666667,10.733333333333334,14.75,2.0766666666666667,-114.5675,7.2749999999999995,9.7998,1.5664,11.3663,100.0,0.0
2026-08-28,R5-010,R5-010_L1800_S3,R5,L1800,78.0,1650.0,99.20341666666667,1627.0,99.43058333333333,1382.0,98.63891666666666,97.93083333333334,0.0,0.5352083333333334,0.4815833333333333,98.222375,98.56433333333332,96.06391666666667,2.0345833333333334,13.057791666666667,3.89325,36.064166666666665,24.325,-98.82916666666667,-9.522083333333333,8.005833333333333,8.601666666666667,8.492916666666668,10.445833333333333,5.140416666666667,20.745833333333334,533.625,1186.1666666666667,45.673750000000005,25.930000000000003,41.333333333333336,16.412499999999998,21.583333333333332,4.8566666666666665,-115.41125,7.104166666666667,24.563,2.7818,27.3446,100.0,0.0
2026-08-28,R5-010,R5-010_L2100_S1,R5,L2100,74.0,300.0,99.27187500000001,2182.0,99.42154166666667,1856.0,98.69795833333335,97.98208333333334,0.0,0.5003333333333334,0.4504166666666667,98.35079166666667,98.599125,96.22945833333334,1.9491666666666667,20.577916666666667,4.173625,59.77666666666667,23.7625,-97.65416666666665,-12.339583333333332,6.34,8.434166666666668,8.429166666666667,8.549583333333333,4.820833333333334,21.833333333333332,353.375,785.5,44.649166666666666,31.212500000000002,45.59625,14.841666666666667,22.875,2.7449999999999997,-114.59708333333333,6.445833333333333,14.049,1.7385,15.7874,100.0,0.0
2026-08-28,R5-010,R5-010_L2100_S2,R5,L2100,77.0,300.0,99.19195833333333,3067.0,99.45041666666667,2605.0,98.647125,97.93624999999999,0.0,0.483875,0.435375,98.35066666666667,98.69020833333333,96.50175,1.9420833333333334,25.97066666666667,7.312458333333333,66.07708333333333,24.224999999999998,-97.7975,-10.112916666666667,7.72625,8.5725,8.16625,8.586666666666668,5.1570833333333335,21.625,575.3333333333334,1278.3333333333333,46.04,28.7525,41.19041666666667,33.5375,57.25,6.244583333333334,-115.1125,7.091666666666666,26.537,2.932,29.4688,100.0,0.0
2026-08-28,R5-010,R5-010_L2100_S3,R5,L2100,79.0,300.0,99.23579166666667,1894.0,99.413,1607.0,98.65320833333334,98.09375,0.0,0.521625,0.4695416666666667,98.24004166666667,98.54870833333332,96.21445833333333,2.0016666666666665,21.86191666666667,4.515333333333333,49.77,24.275000000000002,-103.10416666666667,-11.33,7.4245833333333335,8.542916666666667,8.174166666666666,10.068333333333333,5.368333333333333,21.229166666666668,616.375,1369.75,45.13583333333333,25.896666666666665,42.19875,14.262500000000001,19.5,3.875833333333333,-115.4425,6.416666666666667,16.9884,2.4861,19.4744,100.0,0.0
2026-08-28,R5-010,R5-010_L800_S1,R5,L800,75.0,6200.0,99.22570833333333,4496.0,99.45533333333333,3822.0,98.68533333333333,98.02416666666666,0.0,0.5188333333333334,0.46691666666666665,98.29700000000001,98.55166666666666,96.13658333333335,2.0520833333333335,26.082166666666666,7.262416666666667,51.73333333333333,24.425,-95.47874999999999,-9.999583333333334,8.278333333333334,8.62875,7.9695833333333335,6.796666666666667,4.739166666666667,21.083333333333332,579.5833333333334,1287.9583333333333,44.9125,31.47083333333333,43.23083333333333,27.229166666666668,48.833333333333336,6.780833333333334,-115.3825,7.133333333333333,39.378299999999996,4.1176,43.4959,100.0,0.0
2026-08-28,R5-010,R5-010_L800_S3,R5,L800,80.0,6200.0,99.21533333333333,1815.0,99.438875,1543.0,98.65841666666667,97.89583333333333,0.0,0.512125,0.46075,98.18816666666667,98.55258333333335,96.06679166666667,1.8483333333333334,25.21475,4.815875,69.5125,25.03333333333333,-97.9275,-11.169583333333334,6.812916666666666,8.482083333333334,8.167916666666667,6.8125,5.479583333333333,21.008333333333333,568.5833333333334,1263.625,46.927083333333336,30.990416666666665,41.77041666666667,12.554166666666667,16.708333333333332,2.1591666666666667,-114.90750000000001,7.408333333333334,18.4347,2.3567,20.7912,100.0,0.0
