{"type":"FeatureCollection","name":"r5_admin_boundaries","source":"Iraq - Subnational Administrative Boundaries (COD-AB), Iraq Central Statistics Office via OCHA FISS, https://data.humdata.org/dataset/cod-ab-irq, irq_admin_boundaries.geojson.zip (file updated 2026-01-26, reviewed 2024-12-19)","license":"Creative Commons Attribution for Intergovernmental Organisations (CC BY-IGO)","note":"R5 subset: the admin1 (governorate) and admin3 (sub-district) polygons of Al-Basrah, Maysan, Thi Qar and Al-Muthanna; coordinates rounded to 5 decimals (~1 m).","features":[{"type":"Feature","geometry":{"type":"Polygon","coordinates":[[[47.66124,31.26825],[47.55413,31.28126],[47.54112,31.28226],[47.49808,31.28826],[47.48257,31.29077],[47.46455,31.29277],[47.45004,31.29427],[47.44153,31.29527],[47.4388,31.29653],[47.43502,31.29827],[47.42651,31.30328],[47.42301,31.30528],[47.41751,31.30528],[47.41,31.30528],[47.407,31.30528],[47.40249,31.30528],[47.39949,31.30178],[47.39398,31.29877],[47.38197,31.29427],[47.37296,31.29077],[47.35945,31.28576],[47.30316,31.26443],[47.29739,31.26224],[47.28438,31.26274],[47.26937,31.25774],[47.21782,31.23722],[47.21372,31.23558],[47.2028,31.23121],[47.18679,31.2232],[47.18078,31.2202],[47.17828,31.20919],[47.17578,31.19718],[47.17378,31.18066],[47.17077,31.16465],[47.17027,31.15164],[47.16961,31.14456],[47.16961,31.135],[47.16756,31.11759],[47.16756,31.11383],[47.16756,31.1111],[47.16756,31.10837],[47.16756,31.10086],[47.16722,31.08584],[47.16791,31.0814],[47.16791,31.0773],[47.16791,31.07115],[47.16791,31.06296],[47.16791,31.05613],[47.16756,31.04896],[47.16278,31.03701],[47.15937,31.02643],[47.15699,31.018],[47.15561,31.01311],[47.15357,31.00833],[47.15357,31.0056],[47.15357,30.99979],[47.15322,30.99228],[47.15254,30.97111],[47.15254,30.96599],[47.15186,30.96087],[47.14981,30.95643],[47.14879,30.95097],[47.14537,30.94004],[47.13923,30.91922],[47.12967,30.8861],[47.12625,30.87483],[47.12338,30.8658],[47.11942,30.85332],[47.11225,30.82635],[47.11054,30.81849],[47.1102,30.8161],[47.10781,30.80552],[47.10508,30.79015],[47.09723,30.76455],[47.09689,30.7584],[47.09518,30.7526],[47.09074,30.74133],[47.08835,30.73313],[47.08733,30.72972],[47.08903,30.72084],[47.0904,30.70889],[47.09245,30.69933],[47.09245,30.69114],[47.09416,30.68124],[47.09586,30.67099],[47.09723,30.66246],[47.10133,30.64334],[47.10611,30.62217],[47.10781,30.615],[47.11018,30.60598],[47.10788,30.60675],[47.09808,30.61002],[47.0879,30.61405],[47.06198,30.62288],[47.04008,30.63037],[47.02164,30.6371],[47.01262,30.63863],[47.00686,30.63882],[46.99341,30.63998],[46.98932,30.64033],[46.97997,30.64113],[46.97325,30.64113],[46.96864,30.64151],[46.96499,30.64286],[46.96211,30.64439],[46.95865,30.64516],[46.95346,30.64727],[46.94636,30.65073],[46.93887,30.65323],[46.93253,30.65476],[46.92562,30.65553],[46.91409,30.6563],[46.90872,30.65803],[46.90353,30.65861],[46.89719,30.6611],[46.89239,30.66283],[46.88797,30.66379],[46.88432,30.6636],[46.87357,30.66129],[46.86281,30.6588],[46.85321,30.65669],[46.84726,30.65534],[46.8413,30.65304],[46.8342,30.65054],[46.83113,30.64928],[46.82671,30.64747],[46.81461,30.6417],[46.80808,30.63825],[46.80366,30.63575],[46.79425,30.6321],[46.78215,30.62615],[46.77716,30.62596],[46.76928,30.62557],[46.75795,30.62519],[46.75315,30.625],[46.7472,30.62404],[46.74239,30.62404],[46.73126,30.62327],[46.72511,30.62269],[46.71781,30.6225],[46.71339,30.62231],[46.71186,30.62135],[46.70571,30.61923],[46.70033,30.61731],[46.69323,30.61482],[46.68535,30.61136],[46.67652,30.60617],[46.66634,30.6008],[46.65616,30.59542],[46.64406,30.58927],[46.63657,30.58466],[46.62486,30.58447],[46.60719,30.58428],[46.59624,30.58428],[46.59048,30.58332],[46.5828,30.58178],[46.57127,30.57986],[46.56109,30.57794],[46.5417,30.5741],[46.53555,30.57333],[46.5317,30.57294],[46.53277,30.56598],[46.53331,30.56062],[46.53706,30.54349],[46.54081,30.52207],[46.54509,30.50012],[46.55098,30.47549],[46.55473,30.4514],[46.55847,30.4348],[46.5649,30.41124],[46.56918,30.38822],[46.57347,30.37002],[46.574,30.36413],[46.57668,30.35074],[46.5831,30.32022],[46.59328,30.26454],[46.60024,30.2292],[46.60024,30.22652],[46.60506,30.20404],[46.61095,30.17726],[46.61684,30.14728],[46.62326,30.11623],[46.6329,30.07018],[46.63932,30.0418],[46.64414,30.01557],[46.64468,30.007],[46.64307,29.99362],[46.63504,29.90634],[46.63343,29.88386],[46.63022,29.84316],[46.62594,29.79337],[46.62272,29.74625],[46.62112,29.72912],[46.61523,29.67826],[46.60773,29.62097],[46.60077,29.54547],[46.59649,29.50371],[46.59328,29.47212],[46.58899,29.42286],[46.5831,29.35647],[46.57989,29.31845],[46.57507,29.28205],[46.57507,29.26813],[46.57132,29.23975],[46.56972,29.22529],[46.56918,29.21191],[46.56383,29.15729],[46.56222,29.14123],[46.56115,29.12731],[46.55901,29.11446],[46.5563,29.10415],[46.56907,29.11862],[46.58282,29.13352],[46.59027,29.14039],[46.60115,29.14956],[46.61032,29.15586],[46.62636,29.16904],[46.64011,29.17878],[46.64699,29.18508],[46.65157,29.19139],[46.65673,29.19769],[46.68137,29.22806],[46.68939,29.2378],[46.70085,29.25212],[46.72434,29.28192],[46.74669,29.30942],[46.76961,29.3375],[46.78451,29.35583],[46.79539,29.37016],[46.80284,29.37703],[46.81086,29.38448],[46.82175,29.39422],[46.82805,29.39881],[46.83722,29.40339],[46.8441,29.40912],[46.85269,29.41771],[46.86816,29.43318],[46.87504,29.44923],[46.88535,29.47558],[46.89395,29.49678],[46.90311,29.52486],[46.90598,29.5346],[46.90827,29.54033],[46.92317,29.55981],[46.93864,29.57815],[46.96156,29.60794],[46.97187,29.62169],[46.98161,29.64977],[46.99135,29.67269],[47.00052,29.70306],[47.0074,29.72197],[47.02,29.74259],[47.05209,29.78557],[47.06412,29.80276],[47.06985,29.82052],[47.07501,29.83484],[47.07845,29.84974],[47.0836,29.86464],[47.0899,29.88412],[47.09392,29.89844],[47.0985,29.91162],[47.10308,29.92595],[47.11282,29.94142],[47.12027,29.95345],[47.13402,29.9735],[47.14147,29.98382],[47.14548,29.99299],[47.15179,30.00273],[47.15752,30.00674],[47.17127,30.0182],[47.17757,30.02393],[47.19018,30.0308],[47.20221,30.03309],[47.21883,30.03711],[47.23143,30.04112],[47.24576,30.04513],[47.25721,30.04742],[47.28013,30.05315],[47.29675,30.05601],[47.31165,30.05888],[47.31795,30.06404],[47.3254,30.06862],[47.33399,30.07263],[47.34087,30.07779],[47.34431,30.08352],[47.3529,30.09154],[47.36436,30.09268],[47.3953,30.09211],[47.42223,30.09268],[47.49443,30.0944],[47.59298,30.09498],[47.65257,30.09612],[47.69956,30.09612],[47.71044,30.0944],[47.71445,30.09383],[47.73795,30.08638],[47.78436,30.07091],[47.82561,30.05773],[47.92187,30.02278],[47.95625,30.01132],[47.95768,30.0108],[47.97344,30.00502],[47.99178,30.00043],[48.00667,29.99471],[48.01298,29.99471],[48.01756,29.99814],[48.02615,30.00616],[48.0359,30.01476],[48.04678,30.01934],[48.05996,30.0245],[48.07371,30.02908],[48.08231,30.0308],[48.10179,30.0308],[48.12356,30.02794],[48.15393,30.02278],[48.17513,30.0182],[48.18774,30.01304],[48.20836,30.00215],[48.22566,29.98936],[48.25019,29.97121],[48.28228,29.94314],[48.31551,29.9122],[48.34932,29.88527],[48.37453,29.86407],[48.38541,29.8549],[48.39698,29.84948],[48.42143,29.84404],[48.44452,29.83997],[48.47304,29.84133],[48.50292,29.84133],[48.5328,29.84948],[48.56675,29.85898],[48.60478,29.87936],[48.61836,29.8943],[48.62244,29.90516],[48.62379,29.91874],[48.62379,29.92689],[48.61862,29.93798],[48.6169,29.93855],[48.60257,29.94256],[48.58137,29.94772],[48.56132,29.95059],[48.55158,29.95288],[48.53152,29.95803],[48.51605,29.96319],[48.49829,29.97064],[48.48683,29.97809],[48.46907,29.9884],[48.46115,29.995],[48.45876,29.997],[48.44844,30.00674],[48.44615,30.01762],[48.44328,30.02851],[48.44328,30.04341],[48.44157,30.05773],[48.43927,30.07148],[48.43354,30.08123],[48.42724,30.08925],[48.41807,30.09727],[48.40833,30.10414],[48.39515,30.11274],[48.38828,30.12133],[48.38427,30.1242],[48.38255,30.12649],[48.38255,30.12936],[48.38771,30.13738],[48.39344,30.14597],[48.40203,30.15686],[48.4049,30.1603],[48.40776,30.16316],[48.41234,30.1666],[48.41464,30.1729],[48.41292,30.18493],[48.40891,30.19754],[48.39687,30.21186],[48.38198,30.22562],[48.36479,30.23879],[48.35848,30.24624],[48.35781,30.24708],[48.34932,30.2577],[48.33843,30.27088],[48.32239,30.28979],[48.30634,30.30526],[48.28285,30.32417],[48.27139,30.33334],[48.26337,30.3362],[48.25535,30.33677],[48.24733,30.33506],[48.24217,30.33219],[48.23816,30.32818],[48.23071,30.32245],[48.22211,30.31844],[48.21467,30.31729],[48.20779,30.31844],[48.19805,30.32589],[48.19289,30.33964],[48.18716,30.35396],[48.18201,30.37402],[48.17971,30.38949],[48.17742,30.3998],[48.17628,30.41126],[48.17398,30.41527],[48.17169,30.42158],[48.1631,30.42845],[48.15221,30.43647],[48.14695,30.43911],[48.13617,30.44449],[48.12356,30.44851],[48.11038,30.45137],[48.09835,30.45252],[48.09262,30.45194],[48.08976,30.45309],[48.08632,30.4571],[48.08288,30.45767],[48.07371,30.45882],[48.0571,30.46799],[48.04163,30.47544],[48.03532,30.48575],[48.03418,30.50408],[48.03418,30.54993],[48.03418,30.56138],[48.0336,30.63931],[48.03418,30.65764],[48.03246,30.70291],[48.03303,30.76193],[48.03246,30.83985],[48.03188,30.86105],[48.03131,30.89944],[48.03131,30.93611],[48.03058,30.97197],[48.03008,30.98198],[48.03008,30.99399],[48.02258,30.99399],[48.00756,30.99349],[47.98704,30.99349],[47.95952,30.99449],[47.89896,30.99349],[47.88695,30.99299],[47.86343,30.99349],[47.83361,30.99349],[47.83039,30.99349],[47.81038,30.99249],[47.75232,30.99299],[47.70077,30.99199],[47.70077,31.009],[47.70027,31.04203],[47.70027,31.05905],[47.70027,31.1091],[47.70077,31.17115],[47.69927,31.20519],[47.69927,31.23722],[47.69896,31.26524],[47.68976,31.26725],[47.66724,31.26725],[47.66124,31.26825]]]},"properties":{"level":1,"name":"Al-Basrah","name_ar":"البصرة","pcode":"IQG02","governorate":"Al-Basrah","city":"Basrah"}},{"type":"Feature","geometry":{"type":"Polygon","coordinates":[[[45.24242,31.74129],[45.24041,31.73607],[45.2384,31.72884],[45.2384,31.72402],[45.22957,31.72161],[45.21672,31.7184],[45.21034,31.71727],[45.20989,31.71719],[45.19784,31.71398],[45.17415,31.71037],[45.15448,31.70715],[45.11874,31.70113],[45.09263,31.69712],[45.07818,31.69511],[45.06975,31.6931],[45.05971,31.6927],[45.05248,31.69109],[45.04284,31.68908],[45.03802,31.68868],[45.03441,31.68708],[45.0324,31.68346],[45.0336,31.68105],[45.03963,31.67824],[45.05569,31.6674],[45.08621,31.64812],[45.09625,31.6409],[45.10709,31.63447],[45.11914,31.62684],[45.12476,31.62242],[45.12556,31.616],[45.12596,31.60877],[45.12556,31.60315],[45.12465,31.59995],[45.12396,31.59753],[45.12074,31.58909],[45.11673,31.57865],[45.11352,31.57183],[45.11151,31.5642],[45.10789,31.55255],[45.10669,31.54372],[45.10508,31.53408],[45.10468,31.53167],[45.08942,31.52966],[45.07296,31.52645],[45.06975,31.50878],[45.06533,31.49312],[45.05971,31.46822],[45.0573,31.45859],[45.05288,31.45056],[45.04605,31.4365],[45.04244,31.43008],[45.03963,31.42726],[45.03521,31.42285],[45.02598,31.41401],[45.01634,31.40518],[45.00429,31.39434],[45.00389,31.36904],[45.00228,31.36101],[45.00389,31.35097],[45.00268,31.34213],[45.00108,31.33772],[44.99977,31.33237],[44.99586,31.31643],[44.98903,31.28953],[44.97698,31.28953],[44.96454,31.28953],[44.94928,31.28913],[44.93402,31.30037],[44.91876,31.31001],[44.89306,31.32928],[44.86455,31.34976],[44.82921,31.37667],[44.81355,31.38912],[44.79146,31.40518],[44.7746,31.41803],[44.77018,31.42245],[44.76215,31.42285],[44.75171,31.42606],[44.74333,31.42697],[44.73781,31.41318],[44.72875,31.38874],[44.70274,31.32254],[44.67712,31.25358],[44.66767,31.23072],[44.65269,31.19053],[44.63772,31.15191],[44.62274,31.11487],[44.61171,31.08532],[44.58767,31.02542],[44.58531,31.02108],[44.58334,30.99389],[44.58058,30.96237],[44.55496,30.92848],[44.55378,30.90799],[44.54235,30.89853],[44.53762,30.89459],[44.52462,30.89065],[44.52029,30.88868],[44.50846,30.87961],[44.50374,30.87646],[44.49704,30.86819],[44.48009,30.84375],[44.47457,30.83627],[44.47497,30.8276],[44.46945,30.81696],[44.46748,30.81184],[44.46236,30.80908],[44.45211,30.8012],[44.44699,30.79607],[44.4395,30.79568],[44.42768,30.79253],[44.41231,30.78977],[44.40483,30.78859],[44.40207,30.7878],[44.39182,30.78149],[44.37961,30.7744],[44.37133,30.77006],[44.36424,30.76534],[44.35517,30.75706],[44.34414,30.74681],[44.33035,30.7346],[44.31734,30.72396],[44.30946,30.71765],[44.30355,30.71214],[44.29843,30.70938],[44.28779,30.69362],[44.27439,30.67234],[44.26769,30.66209],[44.25508,30.64278],[44.24602,30.62938],[44.24011,30.61638],[44.22592,30.58131],[44.19124,30.49934],[44.1743,30.45797],[44.16326,30.42841],[44.15223,30.39886],[44.1412,30.36694],[44.13135,30.33975],[44.12465,30.32241],[44.12228,30.31492],[44.12031,30.31059],[44.11401,30.3027],[44.11046,30.28891],[44.10494,30.26803],[44.09627,30.2369],[44.08918,30.21483],[44.08682,30.20458],[44.08091,30.19237],[44.07696,30.18055],[44.07381,30.17385],[44.07184,30.16754],[44.06711,30.16005],[44.05884,30.14587],[44.04977,30.13168],[44.03874,30.1175],[44.02849,30.1041],[44.0147,30.08715],[44.00682,30.07691],[44.00012,30.06903],[43.99697,30.06351],[43.98594,30.05011],[43.97727,30.03474],[43.96781,30.0174],[43.96111,30.00716],[43.9548,29.99415],[43.95008,29.98667],[43.94692,29.98076],[43.93983,29.9709],[43.92367,29.9512],[43.91264,29.93623],[43.90121,29.92283],[43.8886,29.90549],[43.87875,29.8917],[43.87323,29.88303],[43.86811,29.87672],[43.86023,29.8649],[43.85195,29.85308],[43.84801,29.84874],[43.85827,29.83895],[43.87112,29.82779],[43.89513,29.81159],[43.93756,29.78144],[43.97609,29.75297],[44.00177,29.73398],[44.02969,29.71221],[44.05314,29.69434],[44.07157,29.6815],[44.09774,29.66086],[44.1006,29.6586],[44.14025,29.63068],[44.16817,29.61058],[44.20446,29.5849],[44.23517,29.56424],[44.27593,29.53576],[44.30106,29.51622],[44.33735,29.48886],[44.36527,29.46876],[44.41217,29.43302],[44.4641,29.3917],[44.51994,29.34927],[44.56237,29.31688],[44.63943,29.26272],[44.70866,29.2147],[44.72095,29.20521],[44.74161,29.20409],[44.74775,29.20409],[44.78125,29.19963],[44.83485,29.19293],[44.9281,29.18232],[45.00181,29.17562],[45.05262,29.17115],[45.09896,29.1678],[45.15033,29.16445],[45.21454,29.15942],[45.29774,29.15328],[45.32631,29.1509],[45.35134,29.14881],[45.37703,29.14658],[45.42449,29.14379],[45.52499,29.13597],[45.57357,29.13262],[45.57964,29.1322],[45.65454,29.12704],[45.68636,29.12425],[45.75448,29.11922],[45.81088,29.11475],[45.86504,29.11085],[45.93595,29.10582],[45.97839,29.10247],[46.01021,29.10024],[46.02529,29.09968],[46.0426,29.098],[46.07722,29.09521],[46.14199,29.09074],[46.19447,29.08684],[46.23691,29.08349],[46.27767,29.08069],[46.33239,29.07623],[46.38209,29.07288],[46.41615,29.07009],[46.43122,29.06953],[46.44518,29.07288],[46.47924,29.08237],[46.51163,29.09019],[46.53731,29.09912],[46.54736,29.10135],[46.5563,29.10415],[46.55901,29.11446],[46.56115,29.12731],[46.56222,29.14123],[46.56383,29.15729],[46.56918,29.21191],[46.56972,29.22529],[46.57132,29.23975],[46.57507,29.26813],[46.57507,29.28205],[46.57989,29.31845],[46.5831,29.35647],[46.58899,29.42286],[46.59328,29.47212],[46.59649,29.50371],[46.60077,29.54547],[46.60773,29.62097],[46.61523,29.67826],[46.62112,29.72912],[46.62272,29.74625],[46.62594,29.79337],[46.63022,29.84316],[46.63343,29.88386],[46.63504,29.90634],[46.64307,29.99362],[46.64468,30.007],[46.64414,30.01557],[46.63932,30.0418],[46.6329,30.07018],[46.62326,30.11623],[46.61684,30.14728],[46.61095,30.17726],[46.60506,30.20404],[46.60024,30.22652],[46.60024,30.2292],[46.59328,30.26454],[46.5831,30.32022],[46.57668,30.35074],[46.574,30.36413],[46.57347,30.37002],[46.56918,30.38822],[46.5649,30.41124],[46.55847,30.4348],[46.55473,30.4514],[46.55098,30.47549],[46.54509,30.50012],[46.54081,30.52207],[46.53706,30.54349],[46.53331,30.56062],[46.53277,30.56598],[46.5317,30.57294],[46.52421,30.57347],[46.52153,30.57401],[46.51457,30.58258],[46.49851,30.60613],[46.4803,30.6313],[46.45728,30.66235],[46.4439,30.68216],[46.43426,30.69769],[46.41873,30.71911],[46.41338,30.72875],[46.4032,30.7432],[46.39517,30.75605],[46.38768,30.7673],[46.38393,30.77158],[46.37268,30.77211],[46.35555,30.77318],[46.33092,30.77479],[46.31861,30.77533],[46.29612,30.77693],[46.2731,30.77747],[46.24579,30.78015],[46.22577,30.78117],[46.22491,30.78122],[46.15638,30.78818],[46.12586,30.79085],[46.09373,30.79514],[46.07713,30.79728],[46.06375,30.79942],[46.0268,30.80424],[45.9995,30.80852],[45.96416,30.81441],[45.95131,30.81709],[45.93685,30.8187],[45.91919,30.82137],[45.89456,30.82458],[45.88171,30.82619],[45.86779,30.8278],[45.85333,30.8294],[45.83994,30.83101],[45.82174,30.83369],[45.81317,30.83529],[45.80675,30.83636],[45.78426,30.84065],[45.75428,30.84707],[45.72858,30.85296],[45.7168,30.8551],[45.69217,30.86099],[45.6745,30.86421],[45.66968,30.86474],[45.66861,30.87224],[45.66807,30.89365],[45.66647,30.9215],[45.66647,30.93756],[45.66433,30.96112],[45.66433,30.97932],[45.66433,30.99217],[45.67771,30.99913],[45.68578,31.00256],[45.69538,31.00663],[45.70823,31.01305],[45.71787,31.01573],[45.72644,31.03179],[45.73233,31.04196],[45.73607,31.04785],[45.74036,31.07302],[45.74571,31.09979],[45.74678,31.10996],[45.75963,31.10568],[45.78373,31.09872],[45.79872,31.09283],[45.80193,31.10729],[45.80621,31.12335],[45.80728,31.13513],[45.81157,31.14798],[45.81371,31.16029],[45.81371,31.16672],[45.80728,31.17046],[45.79925,31.17314],[45.78212,31.1785],[45.77409,31.1801],[45.77034,31.18278],[45.76606,31.18653],[45.75856,31.19081],[45.75695,31.19509],[45.75588,31.2058],[45.75428,31.21169],[45.75428,31.21598],[45.75856,31.22294],[45.76766,31.24007],[45.77623,31.2572],[45.77998,31.26523],[45.78801,31.28183],[45.803,31.31074],[45.81371,31.33323],[45.81692,31.34073],[45.82067,31.34662],[45.79925,31.34662],[45.76231,31.34715],[45.7441,31.34715],[45.735,31.34769],[45.72804,31.34769],[45.72001,31.34769],[45.7184,31.34769],[45.72965,31.36107],[45.74089,31.37446],[45.76445,31.40016],[45.78373,31.41943],[45.80782,31.44299],[45.81585,31.45156],[45.82709,31.46173],[45.82977,31.46655],[45.82656,31.47672],[45.82495,31.48529],[45.82442,31.49868],[45.82549,31.50885],[45.82549,31.51634],[45.82549,31.52063],[45.81478,31.52331],[45.80407,31.52652],[45.7955,31.52866],[45.79015,31.53134],[45.78854,31.53455],[45.78694,31.54044],[45.78801,31.54901],[45.78908,31.55597],[45.78908,31.56293],[45.78908,31.56721],[45.79122,31.57149],[45.79604,31.57524],[45.79925,31.57899],[45.80835,31.57899],[45.81746,31.57899],[45.82442,31.57899],[45.83084,31.57363],[45.83459,31.57096],[45.83673,31.56935],[45.84048,31.56935],[45.84476,31.57042],[45.84369,31.57738],[45.84101,31.58702],[45.83834,31.59505],[45.8378,31.60041],[45.83673,31.60362],[45.8378,31.61058],[45.83994,31.61486],[45.84155,31.63039],[45.82977,31.63788],[45.81692,31.64484],[45.81371,31.64699],[45.80835,31.65288],[45.80407,31.65823],[45.79176,31.65013],[45.78172,31.6421],[45.77328,31.63527],[45.76726,31.63608],[45.74999,31.6417],[45.72309,31.64973],[45.69779,31.65736],[45.67771,31.66338],[45.66486,31.6682],[45.65322,31.67142],[45.63956,31.67623],[45.62712,31.68025],[45.61788,31.68306],[45.60985,31.68507],[45.60142,31.68828],[45.59499,31.68908],[45.58696,31.69109],[45.57853,31.6927],[45.56046,31.69671],[45.54881,31.69912],[45.52472,31.70314],[45.51588,31.70474],[45.49902,31.70675],[45.47974,31.70756],[45.46689,31.70876],[45.45203,31.70956],[45.43437,31.70956],[45.42714,31.70956],[45.42392,31.70956],[45.41991,31.71117],[45.41429,31.71237],[45.40344,31.71599],[45.39019,31.72],[45.38056,31.72282],[45.37493,31.72522],[45.3673,31.72683],[45.36409,31.72804],[45.35967,31.72804],[45.34723,31.73044],[45.33518,31.73205],[45.33036,31.73245],[45.31229,31.73486],[45.29824,31.73647],[45.289,31.73727],[45.26972,31.73928],[45.25728,31.74048],[45.24884,31.74048],[45.24242,31.74129]]]},"properties":{"level":1,"name":"Al-Muthanna","name_ar":"المثنى","pcode":"IQG03","governorate":"Al-Muthanna","city":"Samawa"}},{"type":"Feature","geometry":{"type":"Polygon","coordinates":[[[47.16777,32.45186],[47.15226,32.45586],[47.13574,32.46487],[47.11828,32.47148],[47.11722,32.47188],[47.11122,32.47338],[47.10421,32.47638],[47.0947,32.48539],[47.07919,32.49891],[47.07118,32.50591],[47.06367,32.51442],[47.05767,32.52093],[47.04465,32.52943],[47.04015,32.53244],[47.02964,32.54245],[47.01863,32.55145],[47.00912,32.55896],[47.00491,32.56374],[47.00161,32.56747],[46.99461,32.57247],[46.9816,32.57898],[46.96758,32.58599],[46.95657,32.59299],[46.95057,32.5975],[46.94506,32.604],[46.94106,32.61001],[46.93605,32.61301],[46.93055,32.61602],[46.92754,32.62002],[46.92304,32.62352],[46.91804,32.62703],[46.90903,32.62903],[46.89752,32.63503],[46.89151,32.63904],[46.88851,32.64204],[46.8855,32.64554],[46.882,32.65005],[46.8765,32.65605],[46.86999,32.66406],[46.86098,32.67007],[46.85247,32.67807],[46.84447,32.68358],[46.83546,32.69009],[46.82695,32.69909],[46.82395,32.7021],[46.82094,32.7036],[46.81344,32.7071],[46.79992,32.7101],[46.79242,32.71161],[46.78691,32.71411],[46.78291,32.71911],[46.7759,32.72812],[46.76689,32.73613],[46.76139,32.74013],[46.75588,32.74614],[46.75038,32.75264],[46.73937,32.75965],[46.73286,32.76315],[46.72535,32.76666],[46.71685,32.76916],[46.70934,32.77266],[46.70433,32.77467],[46.69833,32.77917],[46.69483,32.78417],[46.69132,32.78868],[46.68732,32.79068],[46.68031,32.79318],[46.6718,32.79568],[46.6643,32.79969],[46.65779,32.80419],[46.65229,32.8107],[46.64828,32.81721],[46.64528,32.82171],[46.64228,32.82371],[46.63427,32.82621],[46.62076,32.83172],[46.60624,32.83973],[46.59823,32.84273],[46.58161,32.85107],[46.57447,32.84631],[46.56937,32.84317],[46.56674,32.84155],[46.55663,32.8356],[46.54949,32.83084],[46.54413,32.82846],[46.54057,32.82549],[46.53878,32.82371],[46.53759,32.82014],[46.53997,32.81716],[46.54235,32.81419],[46.54711,32.8124],[46.55187,32.80883],[46.55365,32.80764],[46.55365,32.79991],[46.55365,32.79396],[46.55306,32.79218],[46.5477,32.78742],[46.53462,32.76957],[46.52629,32.75649],[46.52331,32.75113],[46.52034,32.74399],[46.51677,32.72853],[46.5132,32.71425],[46.50487,32.69759],[46.49298,32.67202],[46.48465,32.65298],[46.47156,32.62086],[46.46799,32.60599],[46.45847,32.57743],[46.45788,32.56672],[46.46026,32.56018],[46.46204,32.55423],[46.46264,32.54947],[46.46085,32.52627],[46.46145,32.51259],[46.46085,32.50069],[46.46085,32.48701],[46.45847,32.47987],[46.4549,32.47333],[46.45193,32.46203],[46.44658,32.45727],[46.44182,32.45132],[46.43944,32.44537],[46.43944,32.44359],[46.43944,32.43347],[46.43944,32.42693],[46.44063,32.42158],[46.43587,32.41563],[46.43052,32.40908],[46.42457,32.40076],[46.42235,32.39715],[46.41505,32.38529],[46.41267,32.37815],[46.40969,32.3728],[46.42873,32.36923],[46.44063,32.36744],[46.44836,32.36566],[46.4555,32.36566],[46.46502,32.36328],[46.46799,32.35317],[46.47513,32.34068],[46.48048,32.33116],[46.47989,32.3145],[46.47275,32.29487],[46.46502,32.28059],[46.46085,32.26989],[46.45847,32.26453],[46.45609,32.24728],[46.45371,32.23241],[46.45371,32.22706],[46.47394,32.21932],[46.50666,32.20326],[46.54532,32.18542],[46.5715,32.17292],[46.58815,32.16519],[46.59827,32.16103],[46.58994,32.13426],[46.58102,32.09083],[46.56852,32.0361],[46.56198,32.00696],[46.5596,31.99506],[46.5596,31.9903],[46.55425,31.98911],[46.54949,31.98911],[46.52153,32.0016],[46.50249,32.00874],[46.49417,32.01112],[46.4668,32.02004],[46.44598,32.02064],[46.42814,32.02064],[46.41088,32.02004],[46.38471,32.01469],[46.37281,32.00934],[46.36508,32.00458],[46.36211,32.0022],[46.36071,31.99439],[46.36071,31.98917],[46.36443,31.98395],[46.37636,31.97575],[46.38754,31.96755],[46.39053,31.96382],[46.38307,31.96308],[46.35772,31.96084],[46.33297,31.95872],[46.33163,31.9586],[46.31597,31.95711],[46.31672,31.95264],[46.32417,31.9422],[46.33387,31.92655],[46.33834,31.92058],[46.35027,31.9012],[46.36145,31.88852],[46.36742,31.87958],[46.37934,31.86765],[46.38158,31.86392],[46.38158,31.86169],[46.38158,31.85796],[46.38233,31.85348],[46.38904,31.84678],[46.4032,31.83112],[46.42407,31.81024],[46.43749,31.79459],[46.44197,31.7849],[46.44569,31.77371],[46.44122,31.76328],[46.44122,31.74837],[46.44197,31.73868],[46.44495,31.71855],[46.44719,31.71035],[46.45613,31.69171],[46.46284,31.6768],[46.47104,31.65816],[46.48744,31.64623],[46.49266,31.63803],[46.48595,31.61865],[46.49863,31.60448],[46.52248,31.57615],[46.53734,31.55613],[46.53963,31.55304],[46.54634,31.54335],[46.55901,31.52322],[46.58063,31.49116],[46.60449,31.45911],[46.61269,31.4509],[46.62339,31.43919],[46.62835,31.43376],[46.65891,31.40319],[46.70812,31.35026],[46.73719,31.31969],[46.75509,31.29733],[46.75509,31.27794],[46.73719,31.25782],[46.74316,31.24514],[46.7782,31.18028],[46.79534,31.17581],[46.79534,31.16761],[46.79758,31.16239],[46.79982,31.14673],[46.81641,31.14714],[46.83038,31.14748],[46.88853,31.14822],[46.93681,31.14853],[47.00707,31.14897],[47.01825,31.14971],[47.04658,31.15046],[47.14052,31.15121],[47.14872,31.15195],[47.15319,31.15195],[47.16214,31.15195],[47.17027,31.15164],[47.17077,31.16465],[47.17378,31.18066],[47.17578,31.19718],[47.17828,31.20919],[47.18078,31.2202],[47.18679,31.2232],[47.2028,31.23121],[47.21372,31.23558],[47.21782,31.23722],[47.26937,31.25774],[47.28438,31.26274],[47.29739,31.26224],[47.30316,31.26443],[47.35945,31.28576],[47.37296,31.29077],[47.38197,31.29427],[47.39398,31.29877],[47.39949,31.30178],[47.40249,31.30528],[47.407,31.30528],[47.41,31.30528],[47.41751,31.30528],[47.42301,31.30528],[47.42651,31.30328],[47.43502,31.29827],[47.4388,31.29653],[47.44153,31.29527],[47.45004,31.29427],[47.46455,31.29277],[47.48257,31.29077],[47.49808,31.28826],[47.54112,31.28226],[47.55413,31.28126],[47.66124,31.26825],[47.66724,31.26725],[47.68976,31.26725],[47.69896,31.26524],[47.69877,31.28176],[47.69877,31.3248],[47.69877,31.35983],[47.69927,31.39136],[47.69927,31.40087],[47.70277,31.41038],[47.71829,31.44591],[47.72724,31.46606],[47.74031,31.49546],[47.74092,31.49687],[47.75683,31.534],[47.77234,31.56903],[47.78635,31.60106],[47.79786,31.62758],[47.81788,31.67063],[47.8374,31.71667],[47.85642,31.76121],[47.86443,31.77672],[47.86469,31.78045],[47.86493,31.78373],[47.86443,31.79174],[47.85442,31.79975],[47.8364,31.81226],[47.82439,31.82127],[47.81588,31.82927],[47.80887,31.83628],[47.80387,31.84329],[47.80037,31.85029],[47.79887,31.8588],[47.79836,31.86431],[47.80137,31.87282],[47.80287,31.87932],[47.79686,31.88483],[47.78685,31.89283],[47.77835,31.90134],[47.77184,31.90435],[47.76483,31.90735],[47.75332,31.91335],[47.74732,31.91786],[47.74081,31.92386],[47.73681,31.92987],[47.73631,31.93638],[47.73581,31.94338],[47.73531,31.94889],[47.7343,31.95589],[47.7298,31.9644],[47.71579,31.98192],[47.71078,31.98842],[47.70878,31.99293],[47.70778,31.99843],[47.70428,32.00444],[47.69226,32.01795],[47.68426,32.02946],[47.67525,32.03647],[47.66574,32.04097],[47.65773,32.04598],[47.65473,32.04848],[47.65378,32.05384],[47.65323,32.05699],[47.65123,32.0685],[47.65223,32.07501],[47.65223,32.08051],[47.64822,32.08451],[47.64272,32.08702],[47.63321,32.09152],[47.6282,32.09603],[47.6202,32.10303],[47.60969,32.11154],[47.60268,32.11554],[47.59667,32.11604],[47.58967,32.11604],[47.58166,32.11504],[47.57515,32.11304],[47.56765,32.11354],[47.56164,32.11705],[47.55714,32.12455],[47.55464,32.12956],[47.55113,32.13256],[47.54663,32.13556],[47.53962,32.13706],[47.53612,32.13907],[47.53612,32.14507],[47.53512,32.15158],[47.53462,32.15909],[47.53412,32.16709],[47.53562,32.1716],[47.53712,32.1751],[47.54012,32.1801],[47.54513,32.18261],[47.55063,32.18761],[47.55514,32.19061],[47.55964,32.19662],[47.56114,32.20012],[47.56314,32.20513],[47.56565,32.21013],[47.56665,32.21564],[47.56715,32.22114],[47.56515,32.22665],[47.55814,32.23165],[47.54963,32.23466],[47.54262,32.23516],[47.53712,32.23816],[47.53111,32.24366],[47.52711,32.25217],[47.5206,32.25718],[47.5126,32.26418],[47.50209,32.27069],[47.49758,32.2777],[47.49708,32.2837],[47.49808,32.28971],[47.50159,32.29521],[47.50159,32.29872],[47.49908,32.30272],[47.49608,32.30572],[47.48457,32.31573],[47.47906,32.31723],[47.47006,32.32024],[47.46405,32.32024],[47.45804,32.31924],[47.45254,32.31924],[47.44753,32.32074],[47.44453,32.32324],[47.44353,32.32774],[47.44353,32.33225],[47.44353,32.33925],[47.44103,32.34176],[47.43752,32.34626],[47.43402,32.34726],[47.42701,32.35077],[47.42351,32.35477],[47.42551,32.35577],[47.42952,32.35577],[47.43803,32.35627],[47.44303,32.35677],[47.44854,32.35927],[47.45304,32.36528],[47.45554,32.37179],[47.45554,32.37879],[47.45404,32.3858],[47.45254,32.39631],[47.44803,32.40181],[47.44253,32.40832],[47.43602,32.41282],[47.42952,32.41783],[47.42351,32.42133],[47.41901,32.42734],[47.415,32.43484],[47.411,32.44085],[47.4065,32.44535],[47.39899,32.45286],[47.39298,32.46087],[47.38698,32.46637],[47.38397,32.46738],[47.37947,32.46788],[47.37246,32.46838],[47.35995,32.46888],[47.35295,32.46788],[47.34344,32.46838],[47.33543,32.47088],[47.32792,32.47538],[47.31941,32.47939],[47.31141,32.48639],[47.3039,32.4904],[47.2999,32.4914],[47.29439,32.4914],[47.28989,32.4899],[47.28488,32.48639],[47.27938,32.48189],[47.26787,32.47588],[47.25786,32.47038],[47.24584,32.46637],[47.23684,32.46487],[47.23183,32.46237],[47.22282,32.45737],[47.21031,32.45536],[47.19229,32.45837],[47.18379,32.46037],[47.17978,32.45887],[47.17978,32.45486],[47.17828,32.45136],[47.17278,32.45136],[47.16777,32.45186]]]},"properties":{"level":1,"name":"Maysan","name_ar":"ميسان","pcode":"IQG14","governorate":"Maysan","city":"Emarah"}},{"type":"Feature","geometry":{"type":"Polygon","coordinates":[[[46.09025,31.99684],[46.08728,31.99863],[46.08728,32.00577],[46.08728,32.01112],[46.08311,32.0135],[46.07895,32.01409],[46.07181,32.01588],[46.06824,32.01707],[46.06527,32.01647],[46.0611,32.01409],[46.05337,32.00636],[46.04921,32.00339],[46.04623,31.99922],[46.04385,31.9897],[46.04207,31.98376],[46.03671,31.98019],[46.02898,31.9784],[46.01768,31.98078],[46.00697,31.98435],[45.99805,31.98614],[45.9921,31.98792],[45.98853,31.9897],[45.98377,31.98614],[45.97782,31.98197],[45.97425,31.9784],[45.96949,31.97543],[45.96771,31.96888],[45.96355,31.96472],[45.95998,31.96234],[45.95581,31.96056],[45.95343,31.95877],[45.95165,31.95818],[45.95046,31.95937],[45.94629,31.96472],[45.9457,31.96948],[45.94094,31.97007],[45.93797,31.97067],[45.93499,31.97067],[45.93083,31.96829],[45.92547,31.96591],[45.92428,31.96175],[45.92309,31.95996],[45.92012,31.96294],[45.91774,31.9671],[45.91298,31.9671],[45.90763,31.9671],[45.90227,31.9665],[45.8999,31.96532],[45.89573,31.96294],[45.89335,31.95699],[45.89216,31.9552],[45.88721,31.95273],[45.88502,31.95163],[45.87551,31.94568],[45.87075,31.9439],[45.86599,31.94212],[45.86242,31.94093],[45.86123,31.93855],[45.85588,31.93855],[45.84874,31.93914],[45.83803,31.94033],[45.82673,31.94212],[45.81245,31.94628],[45.80293,31.94747],[45.7952,31.94747],[45.78509,31.94866],[45.77854,31.94806],[45.77438,31.94925],[45.76784,31.94925],[45.76367,31.94925],[45.75713,31.94925],[45.75356,31.94925],[45.74583,31.94985],[45.7431,31.93906],[45.73659,31.92001],[45.73358,31.90999],[45.73458,31.89044],[45.73844,31.88218],[45.74511,31.86788],[45.75213,31.85535],[45.75965,31.83479],[45.76867,31.81624],[45.77819,31.79669],[45.78271,31.78917],[45.78471,31.77915],[45.78672,31.77113],[45.78822,31.76461],[45.78872,31.75007],[45.78972,31.73704],[45.80326,31.70195],[45.80376,31.6849],[45.80376,31.66485],[45.80407,31.65823],[45.80835,31.65288],[45.81371,31.64699],[45.81692,31.64484],[45.82977,31.63788],[45.84155,31.63039],[45.83994,31.61486],[45.8378,31.61058],[45.83673,31.60362],[45.8378,31.60041],[45.83834,31.59505],[45.84101,31.58702],[45.84369,31.57738],[45.84476,31.57042],[45.84048,31.56935],[45.83673,31.56935],[45.83459,31.57096],[45.83084,31.57363],[45.82442,31.57899],[45.81746,31.57899],[45.80835,31.57899],[45.79925,31.57899],[45.79604,31.57524],[45.79122,31.57149],[45.78908,31.56721],[45.78908,31.56293],[45.78908,31.55597],[45.78801,31.54901],[45.78694,31.54044],[45.78854,31.53455],[45.79015,31.53134],[45.7955,31.52866],[45.80407,31.52652],[45.81478,31.52331],[45.82549,31.52063],[45.82549,31.51634],[45.82549,31.50885],[45.82442,31.49868],[45.82495,31.48529],[45.82656,31.47672],[45.82977,31.46655],[45.82709,31.46173],[45.81585,31.45156],[45.80782,31.44299],[45.78373,31.41943],[45.76445,31.40016],[45.74089,31.37446],[45.72965,31.36107],[45.7184,31.34769],[45.72001,31.34769],[45.72804,31.34769],[45.735,31.34769],[45.7441,31.34715],[45.76231,31.34715],[45.79925,31.34662],[45.82067,31.34662],[45.81692,31.34073],[45.81371,31.33323],[45.803,31.31074],[45.78801,31.28183],[45.77998,31.26523],[45.77623,31.2572],[45.76766,31.24007],[45.75856,31.22294],[45.75428,31.21598],[45.75428,31.21169],[45.75588,31.2058],[45.75695,31.19509],[45.75856,31.19081],[45.76606,31.18653],[45.77034,31.18278],[45.77409,31.1801],[45.78212,31.1785],[45.79925,31.17314],[45.80728,31.17046],[45.81371,31.16672],[45.81371,31.16029],[45.81157,31.14798],[45.80728,31.13513],[45.80621,31.12335],[45.80193,31.10729],[45.79872,31.09283],[45.78373,31.09872],[45.75963,31.10568],[45.74678,31.10996],[45.74571,31.09979],[45.74036,31.07302],[45.73607,31.04785],[45.73233,31.04196],[45.72644,31.03179],[45.71787,31.01573],[45.70823,31.01305],[45.69538,31.00663],[45.68578,31.00256],[45.67771,30.99913],[45.66433,30.99217],[45.66433,30.97932],[45.66433,30.96112],[45.66647,30.93756],[45.66647,30.9215],[45.66807,30.89365],[45.66861,30.87224],[45.66968,30.86474],[45.6745,30.86421],[45.69217,30.86099],[45.7168,30.8551],[45.72858,30.85296],[45.75428,30.84707],[45.78426,30.84065],[45.80675,30.83636],[45.81317,30.83529],[45.82174,30.83369],[45.83994,30.83101],[45.85333,30.8294],[45.86779,30.8278],[45.88171,30.82619],[45.89456,30.82458],[45.91919,30.82137],[45.93685,30.8187],[45.95131,30.81709],[45.96416,30.81441],[45.9995,30.80852],[46.0268,30.80424],[46.06375,30.79942],[46.07713,30.79728],[46.09373,30.79514],[46.12586,30.79085],[46.15638,30.78818],[46.22491,30.78122],[46.22577,30.78117],[46.24579,30.78015],[46.2731,30.77747],[46.29612,30.77693],[46.31861,30.77533],[46.33092,30.77479],[46.35555,30.77318],[46.37268,30.77211],[46.38393,30.77158],[46.38768,30.7673],[46.39517,30.75605],[46.4032,30.7432],[46.41338,30.72875],[46.41873,30.71911],[46.43426,30.69769],[46.4439,30.68216],[46.45728,30.66235],[46.4803,30.6313],[46.49851,30.60613],[46.51457,30.58258],[46.52153,30.57401],[46.52421,30.57347],[46.5317,30.57294],[46.53555,30.57333],[46.5417,30.5741],[46.56109,30.57794],[46.57127,30.57986],[46.5828,30.58178],[46.59048,30.58332],[46.59624,30.58428],[46.60719,30.58428],[46.62486,30.58447],[46.63657,30.58466],[46.64406,30.58927],[46.65616,30.59542],[46.66634,30.6008],[46.67652,30.60617],[46.68535,30.61136],[46.69323,30.61482],[46.70033,30.61731],[46.70571,30.61923],[46.71186,30.62135],[46.71339,30.62231],[46.71781,30.6225],[46.72511,30.62269],[46.73126,30.62327],[46.74239,30.62404],[46.7472,30.62404],[46.75315,30.625],[46.75795,30.62519],[46.76928,30.62557],[46.77716,30.62596],[46.78215,30.62615],[46.79425,30.6321],[46.80366,30.63575],[46.80808,30.63825],[46.81461,30.6417],[46.82671,30.64747],[46.83113,30.64928],[46.8342,30.65054],[46.8413,30.65304],[46.84726,30.65534],[46.85321,30.65669],[46.86281,30.6588],[46.87357,30.66129],[46.88432,30.6636],[46.88797,30.66379],[46.89239,30.66283],[46.89719,30.6611],[46.90353,30.65861],[46.90872,30.65803],[46.91409,30.6563],[46.92562,30.65553],[46.93253,30.65476],[46.93887,30.65323],[46.94636,30.65073],[46.95346,30.64727],[46.95865,30.64516],[46.96211,30.64439],[46.96499,30.64286],[46.96864,30.64151],[46.97325,30.64113],[46.97997,30.64113],[46.98932,30.64033],[46.99341,30.63998],[47.00686,30.63882],[47.01262,30.63863],[47.02164,30.6371],[47.04008,30.63037],[47.06198,30.62288],[47.0879,30.61405],[47.09808,30.61002],[47.10788,30.60675],[47.11018,30.60598],[47.10781,30.615],[47.10611,30.62217],[47.10133,30.64334],[47.09723,30.66246],[47.09586,30.67099],[47.09416,30.68124],[47.09245,30.69114],[47.09245,30.69933],[47.0904,30.70889],[47.08903,30.72084],[47.08733,30.72972],[47.08835,30.73313],[47.09074,30.74133],[47.09518,30.7526],[47.09689,30.7584],[47.09723,30.76455],[47.10508,30.79015],[47.10781,30.80552],[47.1102,30.8161],[47.11054,30.81849],[47.11225,30.82635],[47.11942,30.85332],[47.12338,30.8658],[47.12625,30.87483],[47.12967,30.8861],[47.13923,30.91922],[47.14537,30.94004],[47.14879,30.95097],[47.14981,30.95643],[47.15186,30.96087],[47.15254,30.96599],[47.15254,30.97111],[47.15322,30.99228],[47.15357,30.99979],[47.15357,31.0056],[47.15357,31.00833],[47.15561,31.01311],[47.15699,31.018],[47.15937,31.02643],[47.16278,31.03701],[47.16756,31.04896],[47.16791,31.05613],[47.16791,31.06296],[47.16791,31.07115],[47.16791,31.0773],[47.16791,31.0814],[47.16722,31.08584],[47.16756,31.10086],[47.16756,31.10837],[47.16756,31.1111],[47.16756,31.11383],[47.16756,31.11759],[47.16961,31.135],[47.16961,31.14456],[47.17027,31.15164],[47.16214,31.15195],[47.15319,31.15195],[47.14872,31.15195],[47.14052,31.15121],[47.04658,31.15046],[47.01825,31.14971],[47.00707,31.14897],[46.93681,31.14853],[46.88853,31.14822],[46.83038,31.14748],[46.81641,31.14714],[46.79982,31.14673],[46.79758,31.16239],[46.79534,31.16761],[46.79534,31.17581],[46.7782,31.18028],[46.74316,31.24514],[46.73719,31.25782],[46.75509,31.27794],[46.75509,31.29733],[46.73719,31.31969],[46.70812,31.35026],[46.65891,31.40319],[46.62835,31.43376],[46.62339,31.43919],[46.61269,31.4509],[46.60449,31.45911],[46.58063,31.49116],[46.55901,31.52322],[46.54634,31.54335],[46.53963,31.55304],[46.53734,31.55613],[46.52248,31.57615],[46.49863,31.60448],[46.48595,31.61865],[46.49266,31.63803],[46.48744,31.64623],[46.47104,31.65816],[46.46284,31.6768],[46.45613,31.69171],[46.44719,31.71035],[46.44495,31.71855],[46.44197,31.73868],[46.44122,31.74837],[46.44122,31.76328],[46.44569,31.77371],[46.44197,31.7849],[46.43749,31.79459],[46.42407,31.81024],[46.4032,31.83112],[46.38904,31.84678],[46.38233,31.85348],[46.38158,31.85796],[46.38158,31.86169],[46.38158,31.86392],[46.37934,31.86765],[46.36742,31.87958],[46.36145,31.88852],[46.35027,31.9012],[46.33834,31.92058],[46.33387,31.92655],[46.32417,31.9422],[46.31672,31.95264],[46.31597,31.95711],[46.33163,31.9586],[46.33297,31.95872],[46.35772,31.96084],[46.38307,31.96308],[46.39053,31.96382],[46.38754,31.96755],[46.37636,31.97575],[46.36443,31.98395],[46.36071,31.98917],[46.36071,31.99439],[46.36211,32.0022],[46.35378,32.00279],[46.34366,32.00458],[46.34188,32.00815],[46.33653,32.01409],[46.33193,32.01409],[46.3276,32.01409],[46.31749,32.01409],[46.30202,32.01171],[46.29251,32.00993],[46.2812,32.00755],[46.27228,32.00517],[46.26931,32.00458],[46.26455,32.00815],[46.2586,32.01112],[46.24968,32.01231],[46.23956,32.01231],[46.23183,32.01231],[46.22648,32.01112],[46.21934,32.00636],[46.20863,31.99922],[46.20328,31.99803],[46.2009,31.99625],[46.19833,31.99715],[46.19078,31.99982],[46.18543,32.0016],[46.16461,32.0022],[46.15271,32.0022],[46.14617,32.0022],[46.13963,32.0022],[46.13665,32.0022],[46.1313,32.00101],[46.12654,32.00041],[46.11226,31.99744],[46.10274,31.99565],[46.09739,31.99506],[46.09382,31.99506],[46.09025,31.99684]]]},"properties":{"level":1,"name":"Thi Qar","name_ar":"ذي قار","pcode":"IQG17","governorate":"Thi Qar","city":"Nassriya"}},{"type":"Feature","geometry":{"type":"Polygon","coordinates":[[[46.62339,31.01474],[46.6138,31.01474],[46.5985,31.01675],[46.58695,31.01825],[46.5762,31.02005],[46.56416,31.02273],[46.55278,31.0244],[46.54408,31.02473],[46.53873,31.02841],[46.53024,31.03205],[46.52321,31.03582],[46.51568,31.03908],[46.50941,31.04084],[46.50388,31.04535],[46.49887,31.04786],[46.4946,31.05113],[46.49033,31.05464],[46.48406,31.05138],[46.47854,31.04686],[46.47402,31.0436],[46.47051,31.04259],[46.46172,31.04209],[46.45921,31.04184],[46.45545,31.03557],[46.45093,31.02904],[46.44692,31.02352],[46.44441,31.02101],[46.43763,31.02051],[46.43211,31.02051],[46.42559,31.01976],[46.41906,31.02001],[46.4072,31.0221],[46.39465,31.02599],[46.38327,31.02967],[46.37424,31.03435],[46.36955,31.03435],[46.36152,31.02632],[46.3565,31.02063],[46.35416,31.0116],[46.35449,31.00223],[46.35784,30.99253],[46.36052,30.98617],[46.36152,30.98249],[46.3555,30.9758],[46.34847,30.97078],[46.34144,30.96342],[46.3381,30.96676],[46.33141,30.97345],[46.32572,30.97714],[46.33001,30.96556],[46.34266,30.95122],[46.37511,30.93264],[46.40206,30.92296],[46.4332,30.91328],[46.46225,30.90464],[46.48502,30.8981],[46.51276,30.89339],[46.51616,30.89286],[46.51905,30.89222],[46.52086,30.90272],[46.52412,30.91901],[46.531,30.93458],[46.53896,30.94942],[46.5462,30.96281],[46.5567,30.97222],[46.55923,30.97657],[46.56177,30.97765],[46.56647,30.97946],[46.57263,30.98272],[46.59109,30.98924],[46.60774,30.99141],[46.61458,30.99093],[46.62156,31.00328],[46.62339,31.00803],[46.62339,31.01132],[46.62339,31.01424],[46.62339,31.01474]]]},"properties":{"level":3,"name":"Akaika","name_ar":"عكيكة","pcode":"IQG17Q05N04","district":"Suq Al-Shoyokh","governorate":"Thi Qar","city":"Nassriya"}},{"type":"Feature","geometry":{"type":"Polygon","coordinates":[[[47.19442,31.66401],[47.18772,31.66936],[47.17702,31.67739],[47.16586,31.69524],[47.16185,31.70148],[47.15516,31.71085],[47.15203,31.71487],[47.13636,31.70823],[47.1213,31.70154],[47.1135,31.70712],[47.1029,31.70265],[47.09565,31.69373],[47.0778,31.69039],[47.06498,31.68202],[47.05717,31.66696],[47.06832,31.6625],[47.07725,31.648],[47.0633,31.63517],[47.07,31.61398],[47.06832,31.59279],[47.06832,31.57216],[47.06554,31.55041],[47.06275,31.53702],[47.05271,31.51973],[47.04323,31.50746],[47.03542,31.48571],[47.03293,31.48033],[47.02538,31.46396],[47.01869,31.44333],[47.01534,31.41879],[47.01367,31.39425],[47.01367,31.36916],[47.01367,31.34741],[47.012,31.32343],[47.01088,31.30279],[47.0106,31.27519],[47.00986,31.24619],[47.00986,31.21719],[47.00689,31.18224],[47.00707,31.14897],[47.01825,31.14971],[47.04658,31.15046],[47.14052,31.15121],[47.14872,31.15195],[47.15319,31.15195],[47.16214,31.15195],[47.17027,31.15164],[47.17077,31.16465],[47.17378,31.18066],[47.17578,31.19718],[47.17828,31.20919],[47.18078,31.2202],[47.18679,31.2232],[47.2028,31.23121],[47.21372,31.23558],[47.21379,31.23607],[47.21714,31.25949],[47.21937,31.27511],[47.22104,31.29686],[47.22439,31.32028],[47.22494,31.34092],[47.22773,31.35876],[47.22718,31.37884],[47.22749,31.38555],[47.22829,31.40282],[47.22662,31.42736],[47.2255,31.44353],[47.2216,31.47365],[47.21658,31.48368],[47.21212,31.49595],[47.21825,31.50543],[47.21881,31.51157],[47.21658,31.52161],[47.20821,31.51938],[47.21993,31.53499],[47.22718,31.54726],[47.23108,31.56232],[47.24725,31.56734],[47.22944,31.57603],[47.21664,31.58108],[47.20417,31.58715],[47.19204,31.59288],[47.188,31.59726],[47.1917,31.60568],[47.19777,31.61411],[47.2035,31.62489],[47.2008,31.64545],[47.19676,31.65724],[47.19442,31.66401]]]},"properties":{"level":3,"name":"Al-Adel","name_ar":"العدل","pcode":"IQG14Q05N02","district":"Al-Mejar Al-Kabir","governorate":"Maysan","city":"Emarah"}},{"type":"Feature","geometry":{"type":"Polygon","coordinates":[[[47.72724,31.46606],[47.66284,31.48968],[47.5666,31.5242],[47.49737,31.54996],[47.47209,31.55888],[47.44755,31.56706],[47.43575,31.5718],[47.42288,31.57346],[47.42462,31.5613],[47.42796,31.54491],[47.42917,31.52944],[47.44495,31.52944],[47.45223,31.52944],[47.46224,31.51123],[47.45071,31.51032],[47.44374,31.50972],[47.43251,31.50911],[47.43494,31.49515],[47.43645,31.48545],[47.43797,31.46754],[47.44434,31.43872],[47.44647,31.4278],[47.42857,31.42203],[47.41613,31.41779],[47.40611,31.41354],[47.40156,31.41263],[47.39428,31.42385],[47.39246,31.42658],[47.38488,31.4372],[47.37395,31.44813],[47.36728,31.45419],[47.36242,31.45844],[47.34665,31.46997],[47.33481,31.47756],[47.3248,31.48029],[47.31843,31.48332],[47.31115,31.48909],[47.30811,31.49424],[47.29598,31.49273],[47.28414,31.48878],[47.27565,31.48636],[47.27383,31.4818],[47.27079,31.47847],[47.26746,31.47422],[47.26533,31.4724],[47.2711,31.46754],[47.27626,31.46421],[47.28172,31.46117],[47.28536,31.45814],[47.29082,31.4545],[47.29446,31.44964],[47.2978,31.44479],[47.29901,31.43842],[47.2978,31.43538],[47.29416,31.42931],[47.28809,31.42021],[47.28172,31.41323],[47.27929,31.40292],[47.27808,31.39503],[47.27656,31.38896],[47.2538,31.38714],[47.24379,31.38623],[47.23378,31.38532],[47.22749,31.38555],[47.22718,31.37884],[47.22773,31.35876],[47.22494,31.34092],[47.22439,31.32028],[47.22104,31.29686],[47.21937,31.27511],[47.21714,31.25949],[47.21379,31.23607],[47.21372,31.23558],[47.21782,31.23722],[47.26937,31.25774],[47.28438,31.26274],[47.29739,31.26224],[47.30316,31.26443],[47.35945,31.28576],[47.37296,31.29077],[47.38197,31.29427],[47.39398,31.29877],[47.39949,31.30178],[47.40249,31.30528],[47.407,31.30528],[47.41,31.30528],[47.41751,31.30528],[47.42301,31.30528],[47.42651,31.30328],[47.43502,31.29827],[47.4388,31.29653],[47.44153,31.29527],[47.45004,31.29427],[47.46455,31.29277],[47.48257,31.29077],[47.49808,31.28826],[47.54112,31.28226],[47.55413,31.28126],[47.66124,31.26825],[47.66724,31.26725],[47.68976,31.26725],[47.69896,31.26524],[47.69877,31.28176],[47.69877,31.3248],[47.69877,31.35983],[47.69927,31.39136],[47.69927,31.40087],[47.70277,31.41038],[47.71829,31.44591],[47.72724,31.46606]]]},"properties":{"level":3,"name":"Al-Aziz","name_ar":"العزير","pcode":"IQG14Q05N01","district":"Al-Mejar Al-Kabir","governorate":"Maysan","city":"Emarah"}},{"type":"Feature","geometry":{"type":"Polygon","coordinates":[[[48.46115,29.995],[48.45876,29.997],[48.44844,30.00674],[48.44615,30.01762],[48.44328,30.02851],[48.44328,30.04341],[48.44157,30.05773],[48.43927,30.07148],[48.43354,30.08123],[48.42724,30.08925],[48.41807,30.09727],[48.40833,30.10414],[48.39515,30.11274],[48.38828,30.12133],[48.38427,30.1242],[48.38255,30.12649],[48.38255,30.12936],[48.38771,30.13738],[48.39344,30.14597],[48.40203,30.15686],[48.4049,30.1603],[48.40776,30.16316],[48.41234,30.1666],[48.41464,30.1729],[48.41292,30.18493],[48.40891,30.19754],[48.39687,30.21186],[48.38198,30.22562],[48.36479,30.23879],[48.35848,30.24624],[48.35781,30.24708],[48.35144,30.24617],[48.34034,30.24459],[48.32606,30.24141],[48.29275,30.23745],[48.26895,30.2319],[48.24436,30.23031],[48.20709,30.22238],[48.17536,30.21683],[48.14284,30.21365],[48.11349,30.20731],[48.08335,30.20334],[48.04132,30.197],[48.00959,30.19145],[47.98104,30.18669],[47.94773,30.18193],[47.893,30.174],[47.89643,30.16766],[47.89858,30.15642],[47.90446,30.13448],[47.91356,30.11842],[47.9232,30.10825],[47.93712,30.10075],[47.9521,30.08469],[47.95692,30.07131],[47.9612,30.04883],[47.96174,30.03866],[47.96549,30.02795],[47.96923,30.01457],[47.97344,30.00502],[47.99178,30.00043],[48.00667,29.99471],[48.01298,29.99471],[48.01756,29.99814],[48.02615,30.00616],[48.0359,30.01476],[48.04678,30.01934],[48.05996,30.0245],[48.07371,30.02908],[48.08231,30.0308],[48.10179,30.0308],[48.12356,30.02794],[48.15393,30.02278],[48.17513,30.0182],[48.18774,30.01304],[48.20836,30.00215],[48.22566,29.98936],[48.2713,29.99085],[48.28899,29.99085],[48.31034,29.99268],[48.33902,29.99268],[48.37074,29.9939],[48.41589,29.99451],[48.46115,29.995]]]},"properties":{"level":3,"name":"Al-Bahhar","name_ar":"البحار","pcode":"IQG02Q03N01","district":"Al-Faw","governorate":"Al-Basrah","city":"Basrah"}},{"type":"Feature","geometry":{"type":"Polygon","coordinates":[[[45.93125,31.31548],[45.93303,31.32024],[45.94374,31.33154],[45.95623,31.34046],[45.96634,31.34938],[45.97646,31.35414],[45.99371,31.3595],[46.00917,31.36485],[46.01393,31.37139],[45.99787,31.37972],[45.9836,31.3821],[45.96337,31.38448],[45.9485,31.38686],[45.93065,31.3934],[45.92054,31.38091],[45.91162,31.36545],[45.90031,31.3476],[45.88901,31.33273],[45.86998,31.33808],[45.8557,31.34106],[45.82067,31.34662],[45.81692,31.34073],[45.81371,31.33323],[45.803,31.31074],[45.78801,31.28183],[45.77998,31.26523],[45.77623,31.2572],[45.76766,31.24007],[45.75856,31.22294],[45.75428,31.21598],[45.75428,31.21169],[45.75588,31.2058],[45.75695,31.19509],[45.75856,31.19081],[45.76606,31.18653],[45.77034,31.18278],[45.77409,31.1801],[45.78212,31.1785],[45.79925,31.17314],[45.80728,31.17046],[45.81371,31.16672],[45.81371,31.16029],[45.81157,31.14798],[45.80728,31.13513],[45.80621,31.12335],[45.80193,31.10729],[45.79872,31.09283],[45.78373,31.09872],[45.75963,31.10568],[45.74678,31.10996],[45.74571,31.09979],[45.74036,31.07302],[45.73607,31.04785],[45.73233,31.04196],[45.72644,31.03179],[45.71787,31.01573],[45.70823,31.01305],[45.69538,31.00663],[45.68578,31.00256],[45.67771,30.99913],[45.66433,30.99217],[45.66433,30.97932],[45.66433,30.96112],[45.66647,30.93756],[45.66647,30.9215],[45.66807,30.89365],[45.66861,30.87224],[45.66968,30.86474],[45.6745,30.86421],[45.69217,30.86099],[45.7168,30.8551],[45.72858,30.85296],[45.75428,30.84707],[45.78426,30.84065],[45.80675,30.83636],[45.81317,30.83529],[45.82174,30.83369],[45.83994,30.83101],[45.85333,30.8294],[45.86779,30.8278],[45.88171,30.82619],[45.89456,30.82458],[45.91919,30.82137],[45.93685,30.8187],[45.95131,30.81709],[45.96416,30.81441],[45.9995,30.80852],[46.0268,30.80424],[46.06375,30.79942],[46.07713,30.79728],[46.09373,30.79514],[46.09303,30.82938],[46.0935,30.87383],[46.0935,30.89791],[46.09303,30.90486],[46.0935,30.91458],[46.09303,30.91783],[46.07775,30.92894],[46.06386,30.94005],[46.05367,30.95024],[46.04256,30.9595],[46.04244,30.96082],[46.04088,30.96186],[46.03723,30.96577],[46.03619,30.96811],[46.03984,30.96993],[46.04375,30.96993],[46.04765,30.96993],[46.05416,30.97306],[46.06042,30.97514],[46.06615,30.97749],[46.0836,30.98582],[46.09376,30.99207],[46.09923,30.9965],[46.10339,30.99911],[46.10391,31.00223],[46.1073,31.00718],[46.10756,31.01057],[46.11095,31.01708],[46.11381,31.02125],[46.12397,31.02437],[46.12788,31.02568],[46.13205,31.02646],[46.14481,31.03062],[46.14507,31.03219],[46.14507,31.03427],[46.14377,31.03609],[46.14377,31.03896],[46.14325,31.04261],[46.14325,31.04625],[46.14377,31.0473],[46.14872,31.04651],[46.15783,31.04651],[46.16304,31.04651],[46.16565,31.04677],[46.17554,31.05068],[46.17997,31.05303],[46.18023,31.05537],[46.18023,31.06006],[46.17893,31.06813],[46.17789,31.07465],[46.17528,31.08975],[46.17268,31.096],[46.17164,31.10069],[46.1706,31.10512],[46.16825,31.11085],[46.16591,31.1158],[46.16272,31.11925],[46.15202,31.13129],[46.14086,31.13888],[46.13239,31.14423],[46.11186,31.14825],[46.09179,31.15092],[46.0784,31.1536],[46.07126,31.15538],[46.06814,31.15851],[46.07349,31.16921],[46.07929,31.17948],[46.08509,31.18974],[46.08688,31.19465],[46.07483,31.2058],[46.06145,31.21428],[46.05119,31.22364],[46.03869,31.23301],[46.0271,31.2406],[46.01594,31.24952],[46.00434,31.258],[45.99497,31.26469],[45.98122,31.27562],[45.96813,31.28633],[45.95326,31.29704],[45.94314,31.30536],[45.93482,31.31191],[45.93125,31.31548]]]},"properties":{"level":3,"name":"Al-Battha'a","name_ar":"البطحاء","pcode":"IQG17Q04N01","district":"Al-Nasiriya","governorate":"Thi Qar","city":"Nassriya"}},{"type":"Feature","geometry":{"type":"Polygon","coordinates":[[[47.49807,30.97416],[47.49772,30.97414],[47.48737,30.97367],[47.48172,30.97508],[47.46147,30.97461],[47.46147,30.9732],[47.461,30.96614],[47.45912,30.94731],[47.45818,30.93318],[47.45488,30.92471],[47.45112,30.92659],[47.44453,30.93036],[47.43888,30.93554],[47.43323,30.94213],[47.41628,30.93836],[47.40318,30.93602],[47.40101,30.92671],[47.39655,30.91957],[47.38405,30.91332],[47.3729,30.91154],[47.35862,30.90931],[47.34613,30.90663],[47.33855,30.90262],[47.32338,30.88477],[47.31356,30.87585],[47.30196,30.86826],[47.29839,30.86157],[47.29929,30.84506],[47.29839,30.829],[47.29884,30.80982],[47.29795,30.79242],[47.29929,30.77279],[47.29918,30.76776],[47.29884,30.75182],[47.29884,30.73219],[47.29884,30.71613],[47.29839,30.7072],[47.29349,30.70586],[47.27742,30.7072],[47.26092,30.70854],[47.25467,30.70854],[47.24671,30.71036],[47.19682,30.71364],[47.17052,30.71373],[47.16416,30.7067],[47.15579,30.699],[47.14944,30.69298],[47.14341,30.68729],[47.14743,30.68361],[47.15613,30.67759],[47.16449,30.66922],[47.17119,30.66354],[47.17922,30.65484],[47.19093,30.6448],[47.20264,30.63509],[47.21234,30.62506],[47.22104,30.6187],[47.23108,30.60966],[47.23878,30.60331],[47.24781,30.5936],[47.26053,30.59327],[47.2709,30.59193],[47.28261,30.5926],[47.29499,30.59159],[47.30871,30.59092],[47.32197,30.59055],[47.33025,30.58929],[47.33979,30.58904],[47.3443,30.58578],[47.35355,30.58256],[47.36024,30.59394],[47.36292,30.60264],[47.36459,30.61167],[47.36727,30.62004],[47.37028,30.62941],[47.37128,30.63509],[47.37342,30.64074],[47.37367,30.64375],[47.37793,30.64802],[47.3822,30.65304],[47.38672,30.65705],[47.39199,30.66207],[47.39676,30.66809],[47.40177,30.67186],[47.41152,30.67607],[47.42789,30.68278],[47.44971,30.69013],[47.4609,30.69459],[47.48647,30.70113],[47.49802,30.70428],[47.5061,30.70649],[47.53109,30.71184],[47.56143,30.72314],[47.58403,30.73623],[47.60485,30.74932],[47.61378,30.76121],[47.61675,30.77014],[47.61081,30.77379],[47.59512,30.7874],[47.57558,30.8102],[47.54301,30.85194],[47.52407,30.87799],[47.50305,30.90433],[47.48618,30.92683],[47.47907,30.94578],[47.47929,30.95491],[47.48197,30.95982],[47.49491,30.96339],[47.5016,30.96785],[47.49807,30.97416]]]},"properties":{"level":3,"name":"Al-Dair","name_ar":"الدير","pcode":"IQG02Q05N01","district":"Al-Qurna","governorate":"Al-Basrah","city":"Basrah"}},{"type":"Feature","geometry":{"type":"Polygon","coordinates":[[[46.60449,31.45911],[46.58063,31.49116],[46.55901,31.52322],[46.54634,31.54335],[46.53963,31.55304],[46.53734,31.55613],[46.52248,31.57615],[46.49863,31.60448],[46.48595,31.61865],[46.49266,31.63803],[46.48744,31.64623],[46.47104,31.65816],[46.46284,31.6768],[46.45613,31.69171],[46.44878,31.67716],[46.44224,31.66526],[46.43034,31.64622],[46.41904,31.626],[46.41011,31.61113],[46.41368,31.59804],[46.42023,31.58079],[46.42439,31.56592],[46.41487,31.56889],[46.40476,31.57067],[46.39108,31.57067],[46.3774,31.57067],[46.35777,31.57008],[46.34111,31.56829],[46.33278,31.55759],[46.32564,31.55223],[46.31969,31.56235],[46.31315,31.56294],[46.29828,31.55937],[46.28476,31.55396],[46.28341,31.55342],[46.27189,31.54928],[46.27198,31.54919],[46.28639,31.53407],[46.29765,31.52317],[46.30222,31.51719],[46.30222,31.51578],[46.29589,31.51016],[46.28534,31.50172],[46.27725,31.49398],[46.26952,31.4859],[46.25299,31.47394],[46.24623,31.46846],[46.24193,31.46742],[46.23437,31.46297],[46.23051,31.45882],[46.23051,31.45407],[46.23081,31.44992],[46.23318,31.44681],[46.23615,31.44562],[46.24074,31.44859],[46.24801,31.45422],[46.25053,31.45541],[46.25632,31.45511],[46.26552,31.45259],[46.27175,31.45111],[46.27397,31.44962],[46.27723,31.44414],[46.28035,31.4382],[46.28124,31.43108],[46.2805,31.42678],[46.27872,31.42203],[46.27753,31.4164],[46.27976,31.41388],[46.28539,31.41358],[46.28806,31.41566],[46.30512,31.4247],[46.31358,31.42648],[46.32129,31.43182],[46.3293,31.43761],[46.33078,31.43791],[46.3385,31.43657],[46.34354,31.43464],[46.35184,31.43004],[46.36015,31.42233],[46.36712,31.41818],[46.37439,31.41121],[46.37825,31.40898],[46.3824,31.40067],[46.38388,31.39311],[46.38359,31.39177],[46.37988,31.38495],[46.3778,31.38154],[46.37231,31.37219],[46.3695,31.36656],[46.36149,31.35083],[46.35971,31.34742],[46.35807,31.33941],[46.35763,31.33467],[46.35814,31.33206],[46.36528,31.3276],[46.37554,31.32046],[46.38981,31.31377],[46.40186,31.30529],[46.41078,31.29771],[46.42194,31.29815],[46.43621,31.30172],[46.45049,31.30217],[46.45852,31.29547],[46.46655,31.28209],[46.47994,31.27451],[46.48663,31.26826],[46.49823,31.26469],[46.50804,31.27094],[46.51741,31.27763],[46.52901,31.28611],[46.53124,31.30217],[46.53258,31.31689],[46.53481,31.33072],[46.5366,31.34589],[46.53749,31.35972],[46.5357,31.37087],[46.53214,31.38694],[46.53035,31.40166],[46.54418,31.41415],[46.55578,31.42307],[46.56961,31.43289],[46.58032,31.4427],[46.59415,31.45386],[46.60449,31.45911]]]},"properties":{"level":3,"name":"Al-Dawaya","name_ar":"الدواية","pcode":"IQG17Q03N03","district":"Al-Shatra","governorate":"Thi Qar","city":"Nassriya"}},{"type":"Feature","geometry":{"type":"Polygon","coordinates":[[[46.32572,30.97714],[46.32237,30.98517],[46.31903,30.9942],[46.31568,31.00257],[46.31334,31.00892],[46.31233,31.0126],[46.30865,31.02164],[46.29728,31.01428],[46.29426,31.01127],[46.29828,31.00491],[46.30163,30.99822],[46.29928,30.99454],[46.28958,30.98851],[46.28322,30.98282],[46.27921,30.97412],[46.27653,30.96643],[46.27419,30.95974],[46.27339,30.94104],[46.2739,30.93451],[46.28393,30.93351],[46.29372,30.932],[46.3005,30.9305],[46.30677,30.92924],[46.31355,30.92924],[46.31756,30.92699],[46.3133,30.91921],[46.30878,30.91243],[46.30376,30.9049],[46.29949,30.89863],[46.29648,30.89336],[46.29071,30.88332],[46.28619,30.87704],[46.28142,30.86926],[46.27741,30.86425],[46.27339,30.85722],[46.26888,30.84869],[46.26361,30.84066],[46.25783,30.83137],[46.25256,30.82384],[46.24754,30.81481],[46.24328,30.80803],[46.23901,30.80201],[46.23475,30.79498],[46.23048,30.78971],[46.22646,30.78243],[46.22577,30.78117],[46.24579,30.78015],[46.2731,30.77747],[46.29612,30.77693],[46.31861,30.77533],[46.33092,30.77479],[46.35555,30.77318],[46.37268,30.77211],[46.38393,30.77158],[46.38768,30.7673],[46.39517,30.75605],[46.4032,30.7432],[46.41338,30.72875],[46.41873,30.71911],[46.43426,30.69769],[46.4439,30.68216],[46.45728,30.66235],[46.4803,30.6313],[46.49851,30.60613],[46.51457,30.58258],[46.52153,30.57401],[46.52421,30.57347],[46.5317,30.57294],[46.53353,30.60444],[46.53462,30.62],[46.53534,30.63665],[46.53751,30.66163],[46.53788,30.67466],[46.53896,30.68589],[46.5386,30.69168],[46.54005,30.70181],[46.54113,30.72136],[46.5415,30.73041],[46.5415,30.7362],[46.5415,30.74018],[46.5415,30.74453],[46.5415,30.75937],[46.54186,30.7648],[46.53426,30.78],[46.52846,30.78688],[46.5234,30.79629],[46.51797,30.80571],[46.51543,30.80933],[46.51362,30.8191],[46.51254,30.82634],[46.50964,30.83322],[46.50892,30.83756],[46.50892,30.84154],[46.51037,30.84661],[46.51399,30.85783],[46.5158,30.86724],[46.51724,30.87666],[46.51797,30.88028],[46.51905,30.8886],[46.51905,30.89222],[46.51616,30.89286],[46.51276,30.89339],[46.48502,30.8981],[46.46225,30.90464],[46.4332,30.91328],[46.40206,30.92296],[46.37511,30.93264],[46.34266,30.95122],[46.33001,30.96556],[46.32572,30.97714]]]},"properties":{"level":3,"name":"Al-Fadhliya","name_ar":"الفضلية","pcode":"IQG17Q05N03","district":"Suq Al-Shoyokh","governorate":"Thi Qar","city":"Nassriya"}},{"type":"Feature","geometry":{"type":"Polygon","coordinates":[[[46.03671,31.98019],[46.02898,31.9784],[46.01768,31.98078],[46.00697,31.98435],[45.99805,31.98614],[45.9921,31.98792],[45.98853,31.9897],[45.98377,31.98614],[45.97782,31.98197],[45.97425,31.9784],[45.96949,31.97543],[45.96771,31.96888],[45.96355,31.96472],[45.95998,31.96234],[45.95581,31.96056],[45.95343,31.95877],[45.95165,31.95818],[45.95046,31.95937],[45.94629,31.96472],[45.9457,31.96948],[45.94094,31.97007],[45.93797,31.97067],[45.93499,31.97067],[45.93083,31.96829],[45.92547,31.96591],[45.92428,31.96175],[45.92309,31.95996],[45.92012,31.96294],[45.91774,31.9671],[45.91298,31.9671],[45.90763,31.9671],[45.90227,31.9665],[45.8999,31.96532],[45.89573,31.96294],[45.89335,31.95699],[45.89216,31.9552],[45.88721,31.95273],[45.88502,31.95163],[45.87551,31.94568],[45.87075,31.9439],[45.86599,31.94212],[45.86242,31.94093],[45.86123,31.93855],[45.85588,31.93855],[45.84874,31.93914],[45.83803,31.94033],[45.82673,31.94212],[45.81245,31.94628],[45.80293,31.94747],[45.7952,31.94747],[45.78509,31.94866],[45.77854,31.94806],[45.77438,31.94925],[45.76784,31.94925],[45.76367,31.94925],[45.75713,31.94925],[45.75356,31.94925],[45.74583,31.94985],[45.7431,31.93906],[45.73659,31.92001],[45.73358,31.90999],[45.73458,31.89044],[45.73844,31.88218],[45.74511,31.86788],[45.75213,31.85535],[45.75965,31.83479],[45.76867,31.81624],[45.77819,31.79669],[45.78271,31.78917],[45.80704,31.7881],[45.82532,31.78763],[45.83564,31.78716],[45.85486,31.77919],[45.85814,31.77873],[45.86002,31.78295],[45.86283,31.79513],[45.86517,31.80451],[45.86564,31.81107],[45.88721,31.8106],[45.90361,31.79279],[45.91158,31.78201],[45.9158,31.77873],[45.93268,31.78716],[45.95425,31.79888],[45.98003,31.81436],[45.99597,31.82279],[46.00556,31.8286],[46.01378,31.83358],[46.01941,31.83826],[46.01988,31.84295],[46.01988,31.85514],[46.0166,31.86358],[46.01425,31.87108],[46.01378,31.87342],[46.00816,31.87764],[46.00488,31.88093],[46.00441,31.88421],[46.00394,31.88608],[46.01847,31.88983],[46.03113,31.89546],[46.04473,31.90249],[46.04894,31.90624],[46.05176,31.90952],[46.05457,31.91374],[46.05457,31.91702],[46.05129,31.92968],[46.04848,31.93906],[46.04519,31.95125],[46.04191,31.96344],[46.03957,31.97141],[46.03671,31.98019]]]},"properties":{"level":3,"name":"Al-Fajer","name_ar":"الفجر","pcode":"IQG17Q02N01","district":"Al-Rifai","governorate":"Thi Qar","city":"Nassriya"}},{"type":"Feature","geometry":{"type":"Polygon","coordinates":[[[46.83113,30.64928],[46.82566,30.6591],[46.80141,30.6924],[46.78946,30.70761],[46.78077,30.71991],[46.77209,30.73077],[46.76448,30.74199],[46.75326,30.75901],[46.7453,30.77023],[46.74964,30.77783],[46.75688,30.79231],[46.75942,30.79629],[46.76195,30.80498],[46.76267,30.81295],[46.76267,30.81982],[46.76304,30.82779],[46.76774,30.83394],[46.77209,30.84227],[46.77969,30.85421],[46.78222,30.86254],[46.78186,30.87231],[46.78186,30.8839],[46.78295,30.89114],[46.78729,30.90381],[46.792,30.92154],[46.79381,30.93059],[46.79381,30.93747],[46.79055,30.94942],[46.78765,30.96136],[46.78657,30.97258],[46.78512,30.98308],[46.78476,30.99105],[46.78657,31.00082],[46.78492,31.00547],[46.78496,31.0056],[46.78433,31.00558],[46.76053,31.00479],[46.7407,31.00241],[46.71849,31.00082],[46.70263,31.00003],[46.69311,30.99844],[46.70263,30.97306],[46.70898,30.94927],[46.71093,30.93936],[46.71628,30.92698],[46.72163,30.91326],[46.72465,30.90389],[46.71494,30.89084],[46.70357,30.87645],[46.69319,30.86273],[46.68449,30.85202],[46.67457,30.8388],[46.67044,30.83329],[46.66609,30.8276],[46.6701,30.80986],[46.67177,30.78517],[46.66852,30.77347],[46.66462,30.77347],[46.65747,30.77087],[46.65357,30.76502],[46.64057,30.74422],[46.62302,30.71628],[46.60027,30.67143],[46.59572,30.66428],[46.58142,30.63958],[46.55153,30.59668],[46.5317,30.57294],[46.53555,30.57333],[46.5417,30.5741],[46.56109,30.57794],[46.57127,30.57986],[46.5828,30.58178],[46.59048,30.58332],[46.59624,30.58428],[46.60719,30.58428],[46.62486,30.58447],[46.63657,30.58466],[46.64406,30.58927],[46.65616,30.59542],[46.66634,30.6008],[46.67652,30.60617],[46.68535,30.61136],[46.69323,30.61482],[46.70033,30.61731],[46.70571,30.61923],[46.71186,30.62135],[46.71339,30.62231],[46.71781,30.6225],[46.72511,30.62269],[46.73126,30.62327],[46.74239,30.62404],[46.7472,30.62404],[46.75315,30.625],[46.75795,30.62519],[46.76928,30.62557],[46.77716,30.62596],[46.78215,30.62615],[46.79425,30.6321],[46.80366,30.63575],[46.80808,30.63825],[46.81461,30.6417],[46.82671,30.64747],[46.83113,30.64928]]]},"properties":{"level":3,"name":"Al-Fuhood","name_ar":"الفهود","pcode":"IQG17Q01N01","district":"Al-Chibayish","governorate":"Thi Qar","city":"Nassriya"}},{"type":"Feature","geometry":{"type":"Polygon","coordinates":[[[46.35763,31.33467],[46.35303,31.33971],[46.34814,31.34416],[46.34473,31.34713],[46.33805,31.35336],[46.33449,31.35617],[46.33078,31.35914],[46.32811,31.36122],[46.32515,31.36329],[46.31936,31.36582],[46.31343,31.36834],[46.30586,31.37279],[46.30141,31.37427],[46.29741,31.37501],[46.29281,31.37368],[46.28539,31.37012],[46.28332,31.36938],[46.28228,31.36952],[46.28005,31.37071],[46.27709,31.3716],[46.27486,31.37264],[46.27249,31.37353],[46.27011,31.37353],[46.26878,31.37338],[46.26759,31.37323],[46.26566,31.37323],[46.26374,31.37323],[46.2621,31.37323],[46.25765,31.37249],[46.24994,31.3719],[46.24564,31.37116],[46.24282,31.37145],[46.23911,31.37145],[46.23763,31.37086],[46.23377,31.36939],[46.22992,31.3688],[46.22547,31.3688],[46.2225,31.36865],[46.22027,31.37013],[46.21775,31.37325],[46.21523,31.37636],[46.20989,31.37636],[46.20351,31.3774],[46.19832,31.37755],[46.19446,31.37844],[46.19179,31.37859],[46.18883,31.37755],[46.18126,31.37651],[46.17923,31.37525],[46.17686,31.3713],[46.17805,31.36694],[46.18042,31.36101],[46.18101,31.35824],[46.18319,31.34875],[46.18438,31.34638],[46.18438,31.34242],[46.18398,31.33708],[46.17983,31.32937],[46.17291,31.32363],[46.16341,31.31809],[46.15372,31.31453],[46.15016,31.31394],[46.13948,31.31275],[46.12841,31.31097],[46.11535,31.31097],[46.08311,31.31157],[46.07936,31.31198],[46.07283,31.31429],[46.06747,31.31429],[46.04368,31.31429],[46.01215,31.31369],[45.99073,31.31369],[45.95683,31.31488],[45.93125,31.31548],[45.93482,31.31191],[45.94314,31.30536],[45.95326,31.29704],[45.96813,31.28633],[45.98122,31.27562],[45.99497,31.26469],[46.00434,31.258],[46.01594,31.24952],[46.0271,31.2406],[46.03869,31.23301],[46.05119,31.22364],[46.06145,31.21428],[46.07483,31.2058],[46.08688,31.19465],[46.08509,31.18974],[46.07929,31.17948],[46.07349,31.16921],[46.06814,31.15851],[46.07126,31.15538],[46.0784,31.1536],[46.09179,31.15092],[46.11186,31.14825],[46.13239,31.14423],[46.14086,31.13888],[46.15202,31.13129],[46.16272,31.11925],[46.16266,31.11965],[46.16139,31.12817],[46.16272,31.13798],[46.17254,31.15181],[46.18369,31.16341],[46.1886,31.15806],[46.19172,31.1478],[46.19619,31.13665],[46.2002,31.13441],[46.20868,31.13174],[46.21983,31.14378],[46.22652,31.15226],[46.23366,31.16386],[46.23902,31.17278],[46.25374,31.17412],[46.26534,31.17011],[46.27515,31.16341],[46.2814,31.15717],[46.29166,31.15895],[46.30326,31.16208],[46.31665,31.17145],[46.3278,31.1768],[46.33761,31.17234],[46.34565,31.18081],[46.35189,31.19063],[46.35769,31.19911],[46.36438,31.20848],[46.37012,31.21565],[46.3694,31.21926],[46.36614,31.22143],[46.36325,31.22794],[46.3607,31.23],[46.35457,31.23748],[46.35992,31.25086],[46.36394,31.26068],[46.36394,31.26737],[46.35903,31.27495],[46.35814,31.28744],[46.35727,31.29305],[46.35635,31.29904],[46.35591,31.30975],[46.35769,31.31867],[46.35814,31.33206],[46.35763,31.33467]]]},"properties":{"level":3,"name":"Al-Gharraf","name_ar":"القراف","pcode":"IQG17Q03N02","district":"Al-Shatra","governorate":"Thi Qar","city":"Nassriya"}},{"type":"Feature","geometry":{"type":"Polygon","coordinates":[[[46.98932,30.64033],[46.98964,30.64534],[46.98964,30.65005],[46.98928,30.66308],[46.98747,30.68408],[46.98747,30.68697],[46.97987,30.7058],[46.97553,30.71991],[46.96756,30.74272],[46.96394,30.75647],[46.96249,30.76335],[46.92593,30.83611],[46.92159,30.84227],[46.91037,30.86181],[46.90385,30.87448],[46.90277,30.87955],[46.90168,30.88896],[46.89987,30.89729],[46.89697,30.92553],[46.89915,30.92661],[46.90964,30.93639],[46.9234,30.94507],[46.92738,30.95195],[46.93498,30.96498],[46.94801,30.98706],[46.94838,30.99322],[46.94838,31.0048],[46.94331,31.01675],[46.93716,31.02471],[46.93716,31.03557],[46.94114,31.05222],[46.94114,31.0591],[46.94041,31.09277],[46.93752,31.13476],[46.93681,31.14853],[46.88853,31.14822],[46.83038,31.14748],[46.81641,31.14714],[46.81672,31.14435],[46.81782,31.13557],[46.81964,31.11218],[46.82037,31.09281],[46.82111,31.07673],[46.82037,31.0654],[46.81964,31.05736],[46.81928,31.05225],[46.81928,31.04932],[46.81782,31.04713],[46.81562,31.04494],[46.81343,31.04201],[46.80722,31.03397],[46.80247,31.0252],[46.80064,31.02082],[46.79845,31.01643],[46.79516,31.0146],[46.79187,31.01314],[46.78894,31.01095],[46.78675,31.00985],[46.78565,31.00803],[46.78496,31.0056],[46.78492,31.00547],[46.78657,31.00082],[46.78476,30.99105],[46.78512,30.98308],[46.78657,30.97258],[46.78765,30.96136],[46.79055,30.94942],[46.79381,30.93747],[46.79381,30.93059],[46.792,30.92154],[46.78729,30.90381],[46.78295,30.89114],[46.78186,30.8839],[46.78186,30.87231],[46.78222,30.86254],[46.77969,30.85421],[46.77209,30.84227],[46.76774,30.83394],[46.76304,30.82779],[46.76267,30.81982],[46.76267,30.81295],[46.76195,30.80498],[46.75942,30.79629],[46.75688,30.79231],[46.74964,30.77783],[46.7453,30.77023],[46.75326,30.75901],[46.76448,30.74199],[46.77209,30.73077],[46.78077,30.71991],[46.78946,30.70761],[46.80141,30.6924],[46.82566,30.6591],[46.83113,30.64928],[46.8342,30.65054],[46.8413,30.65304],[46.84726,30.65534],[46.85321,30.65669],[46.86281,30.6588],[46.87357,30.66129],[46.88432,30.6636],[46.88797,30.66379],[46.89239,30.66283],[46.89719,30.6611],[46.90353,30.65861],[46.90872,30.65803],[46.91409,30.6563],[46.92562,30.65553],[46.93253,30.65476],[46.93887,30.65323],[46.94636,30.65073],[46.95346,30.64727],[46.95865,30.64516],[46.96211,30.64439],[46.96499,30.64286],[46.96864,30.64151],[46.97325,30.64113],[46.97997,30.64113],[46.98932,30.64033]]]},"properties":{"level":3,"name":"Al-Hammar","name_ar":"الحمار","pcode":"IQG17Q01N02","district":"Al-Chibayish","governorate":"Thi Qar","city":"Nassriya"}},{"type":"Feature","geometry":{"type":"Polygon","coordinates":[[[47.65152,30.76457],[47.64828,30.76538],[47.62924,30.77014],[47.61675,30.77014],[47.61378,30.76121],[47.60485,30.74932],[47.58403,30.73623],[47.56143,30.72314],[47.53109,30.71184],[47.5061,30.70649],[47.49802,30.70428],[47.48647,30.70113],[47.4609,30.69459],[47.44971,30.69013],[47.42789,30.68278],[47.41152,30.67607],[47.40177,30.67186],[47.39676,30.66809],[47.39199,30.66207],[47.38672,30.65705],[47.3822,30.65304],[47.37793,30.64802],[47.37367,30.64375],[47.37342,30.64074],[47.37128,30.63509],[47.37028,30.62941],[47.36727,30.62004],[47.36459,30.61167],[47.36292,30.60264],[47.36024,30.59394],[47.35355,30.58256],[47.36124,30.57854],[47.36861,30.57419],[47.37697,30.57085],[47.38768,30.56382],[47.39223,30.56084],[47.39738,30.55746],[47.40541,30.55278],[47.41177,30.54709],[47.41947,30.53939],[47.4275,30.53103],[47.43687,30.52166],[47.44389,30.5153],[47.45092,30.50794],[47.45895,30.50058],[47.46598,30.49322],[47.47367,30.48519],[47.48037,30.47816],[47.48706,30.47046],[47.49208,30.46344],[47.49509,30.46277],[47.4981,30.46377],[47.5078,30.46411],[47.51784,30.46511],[47.52192,30.46528],[47.52587,30.46545],[47.53524,30.46712],[47.54562,30.46745],[47.55632,30.46879],[47.56502,30.46913],[47.57406,30.46913],[47.59045,30.4698],[47.60317,30.46946],[47.6189,30.4698],[47.63128,30.46946],[47.64533,30.46879],[47.67198,30.48557],[47.69587,30.50349],[47.72069,30.51911],[47.74642,30.53658],[47.76021,30.54806],[47.77216,30.55358],[47.79342,30.56669],[47.78331,30.57383],[47.76487,30.59108],[47.76666,30.6119],[47.76368,30.63094],[47.76368,30.65116],[47.76249,30.67258],[47.75892,30.6934],[47.75357,30.71482],[47.74822,30.73088],[47.73632,30.74158],[47.70836,30.75051],[47.70241,30.75289],[47.69051,30.75586],[47.67267,30.75943],[47.66018,30.7624],[47.65152,30.76457]]]},"properties":{"level":3,"name":"Al-Hartha","name_ar":"الهارثة","pcode":"IQG02Q02N01","district":"Al-Basrah","governorate":"Al-Basrah","city":"Basrah"}},{"type":"Feature","geometry":{"type":"Polygon","coordinates":[[[45.18057,31.47839],[45.17462,31.48599],[45.16271,31.49394],[45.14881,31.50188],[45.13689,31.50188],[45.12696,31.49923],[45.1124,31.49195],[45.09982,31.50254],[45.08592,31.51644],[45.07296,31.52645],[45.06975,31.50878],[45.06533,31.49312],[45.05971,31.46822],[45.0573,31.45859],[45.05288,31.45056],[45.04605,31.4365],[45.04244,31.43008],[45.03963,31.42726],[45.03521,31.42285],[45.02598,31.41401],[45.01634,31.40518],[45.00429,31.39434],[45.00389,31.36904],[45.00228,31.36101],[45.00389,31.35097],[45.00268,31.34213],[45.00108,31.33772],[44.99977,31.33237],[44.99586,31.31643],[45.03057,31.29296],[45.05882,31.26942],[45.08516,31.25224],[45.08899,31.25714],[45.09982,31.26985],[45.11065,31.28656],[45.11394,31.29244],[45.11842,31.30021],[45.11921,31.30164],[45.12077,31.30445],[45.12736,31.3181],[45.13819,31.3374],[45.14901,31.35788],[45.15302,31.36612],[45.16196,31.37365],[45.16902,31.38118],[45.17702,31.39083],[45.17961,31.39295],[45.18173,31.39554],[45.18244,31.39836],[45.18314,31.4026],[45.18314,31.40375],[45.18257,31.40391],[45.18257,31.41583],[45.18455,31.43767],[45.18588,31.45356],[45.18654,31.47077],[45.18057,31.47839]]]},"properties":{"level":3,"name":"Al-Hilal","name_ar":"الهلال","pcode":"IQG03Q02N01","district":"Al-Rumaitha","governorate":"Al-Muthanna","city":"Samawa"}},{"type":"Feature","geometry":{"type":"Polygon","coordinates":[[[47.33855,31.03066],[47.33275,31.04895],[47.32739,31.06903],[47.32204,31.09267],[47.31847,31.11007],[47.31267,31.13238],[47.30107,31.14978],[47.30062,31.15514],[47.30152,31.1712],[47.3033,31.18904],[47.30509,31.21447],[47.30598,31.23857],[47.3033,31.2631],[47.30316,31.26443],[47.29739,31.26224],[47.28438,31.26274],[47.26937,31.25774],[47.21782,31.23722],[47.21372,31.23558],[47.2028,31.23121],[47.18679,31.2232],[47.18078,31.2202],[47.17828,31.20919],[47.17578,31.19718],[47.17378,31.18066],[47.17077,31.16465],[47.17027,31.15164],[47.16961,31.14456],[47.16961,31.135],[47.16756,31.11759],[47.16756,31.11383],[47.16756,31.1111],[47.16756,31.10837],[47.16756,31.10086],[47.16722,31.08584],[47.16791,31.0814],[47.16791,31.0773],[47.16791,31.07115],[47.16791,31.06296],[47.16791,31.05613],[47.18037,31.05311],[47.19253,31.04968],[47.21606,31.04127],[47.22813,31.0373],[47.24488,31.03862],[47.26127,31.04381],[47.2788,31.047],[47.29187,31.05052],[47.3022,31.05168],[47.30597,31.05076],[47.31156,31.04842],[47.31904,31.04493],[47.32713,31.03616],[47.33855,31.03066]]]},"properties":{"level":3,"name":"Al-Howweir","name_ar":"الهوير","pcode":"IQG02Q04N01","district":"Al-Midaina","governorate":"Al-Basrah","city":"Basrah"}},{"type":"Feature","geometry":{"type":"Polygon","coordinates":[[[46.81641,31.14714],[46.79982,31.14673],[46.79758,31.16239],[46.79534,31.16761],[46.79534,31.17581],[46.7782,31.18028],[46.74316,31.24514],[46.73719,31.25782],[46.75509,31.27794],[46.75509,31.29733],[46.73719,31.31969],[46.70812,31.35026],[46.65891,31.40319],[46.62835,31.43376],[46.62339,31.43919],[46.61269,31.4509],[46.60449,31.45911],[46.59415,31.45386],[46.58032,31.4427],[46.56961,31.43289],[46.55578,31.42307],[46.54418,31.41415],[46.53035,31.40166],[46.53214,31.38694],[46.5357,31.37087],[46.53749,31.35972],[46.5366,31.34589],[46.53481,31.33072],[46.53258,31.31689],[46.53124,31.30217],[46.52901,31.28611],[46.52937,31.27958],[46.52783,31.27588],[46.5269,31.27063],[46.52505,31.26353],[46.5232,31.25458],[46.51826,31.2373],[46.50777,31.22434],[46.50592,31.22157],[46.50222,31.21663],[46.49388,31.20922],[46.49234,31.20336],[46.4945,31.1941],[46.4945,31.1904],[46.49728,31.18207],[46.50283,31.17466],[46.50746,31.16788],[46.50561,31.16633],[46.50129,31.16016],[46.4945,31.15522],[46.49512,31.14998],[46.49543,31.14319],[46.49944,31.1364],[46.50561,31.1256],[46.50808,31.12282],[46.51363,31.11881],[46.51734,31.11511],[46.52042,31.11141],[46.52382,31.1074],[46.52783,31.10431],[46.53122,31.10153],[46.53462,31.09876],[46.54048,31.09382],[46.54449,31.09228],[46.55622,31.08857],[46.5627,31.08333],[46.56609,31.07808],[46.57257,31.06728],[46.57812,31.06265],[46.58214,31.06049],[46.588,31.05586],[46.61423,31.04074],[46.61947,31.03766],[46.62225,31.03519],[46.6241,31.02933],[46.62339,31.01474],[46.62836,31.01474],[46.63397,31.01449],[46.63842,31.01131],[46.64173,31.0089],[46.64643,31.00598],[46.65062,31.00255],[46.65396,30.99993],[46.65948,30.99717],[46.66751,30.99868],[46.67454,30.99817],[46.68407,30.99968],[46.69311,30.99844],[46.70263,31.00003],[46.71849,31.00082],[46.7407,31.00241],[46.76053,31.00479],[46.78433,31.00558],[46.78496,31.0056],[46.78565,31.00803],[46.78675,31.00985],[46.78894,31.01095],[46.79187,31.01314],[46.79516,31.0146],[46.79845,31.01643],[46.80064,31.02082],[46.80247,31.0252],[46.80722,31.03397],[46.81343,31.04201],[46.81562,31.04494],[46.81782,31.04713],[46.81928,31.04932],[46.81928,31.05225],[46.81964,31.05736],[46.82037,31.0654],[46.82111,31.07673],[46.82037,31.09281],[46.81964,31.11218],[46.81782,31.13557],[46.81672,31.14435],[46.81641,31.14714]]]},"properties":{"level":3,"name":"Al-Islah","name_ar":"الاصلاح","pcode":"IQG17Q04N04","district":"Al-Nasiriya","governorate":"Thi Qar","city":"Nassriya"}},{"type":"Feature","geometry":{"type":"Polygon","coordinates":[[[45.20631,31.37867],[45.20284,31.38364],[45.20234,31.39853],[45.18314,31.40375],[45.18314,31.4026],[45.18244,31.39836],[45.18173,31.39554],[45.17961,31.39295],[45.17702,31.39083],[45.16902,31.38118],[45.16196,31.37365],[45.15302,31.36612],[45.14901,31.35788],[45.13819,31.3374],[45.12736,31.3181],[45.12077,31.30445],[45.11921,31.30164],[45.12086,31.30185],[45.12682,31.2944],[45.13725,31.28844],[45.14023,31.29291],[45.14072,31.30085],[45.15214,31.30483],[45.15313,31.29341],[45.15562,31.28199],[45.16455,31.27653],[45.1715,31.27404],[45.18243,31.26809],[45.19434,31.26114],[45.19931,31.27156],[45.19782,31.27752],[45.18838,31.29291],[45.19633,31.29788],[45.20874,31.30532],[45.21271,31.31227],[45.22165,31.3088],[45.23108,31.30185],[45.23604,31.30681],[45.23952,31.31426],[45.24101,31.33163],[45.2281,31.35],[45.2147,31.35944],[45.21221,31.36738],[45.20826,31.37404],[45.20631,31.37867]]]},"properties":{"level":3,"name":"Al-Majd","name_ar":"المجد","pcode":"IQG03Q02N02","district":"Al-Rumaitha","governorate":"Al-Muthanna","city":"Samawa"}},{"type":"Feature","geometry":{"type":"Polygon","coordinates":[[[47.65378,32.05384],[47.63526,32.05371],[47.62142,32.0547],[47.59307,32.05634],[47.53737,32.057],[47.48529,32.05799],[47.4642,32.05799],[47.45563,32.03525],[47.44937,32.02141],[47.42761,32.0224],[47.40652,32.02437],[47.3907,32.02371],[47.36037,32.02338],[47.32445,32.02141],[47.27764,32.02042],[47.24271,32.01943],[47.22886,32.01811],[47.21436,32.01679],[47.20645,32.01712],[47.19524,32.01877],[47.19294,32.01317],[47.18898,32.0069],[47.18799,32.00064],[47.18799,31.99075],[47.18569,31.97724],[47.18569,31.96966],[47.1847,31.96076],[47.18437,31.95549],[47.18688,31.95009],[47.18935,31.94515],[47.18985,31.93946],[47.19084,31.93377],[47.19257,31.92562],[47.19331,31.92265],[47.19355,31.91944],[47.19158,31.91944],[47.18836,31.92265],[47.18416,31.92562],[47.18144,31.92809],[47.1723,31.92957],[47.16018,31.93229],[47.15227,31.93452],[47.14461,31.93575],[47.13398,31.93921],[47.12557,31.94119],[47.11989,31.94317],[47.11321,31.94613],[47.10432,31.95058],[47.09814,31.95207],[47.09196,31.95157],[47.08306,31.95157],[47.07663,31.95157],[47.0707,31.95108],[47.06946,31.95058],[47.0613,31.94861],[47.04968,31.94663],[47.0393,31.94712],[47.03114,31.94737],[47.02051,31.95034],[47.0089,31.9538],[46.99505,31.96022],[46.98591,31.96739],[46.978,31.97085],[46.97404,31.97308],[46.96737,31.97234],[46.96143,31.97184],[46.95575,31.97036],[46.95253,31.96987],[46.94537,31.96715],[46.94092,31.96492],[46.93647,31.96344],[46.93177,31.96369],[46.92559,31.96393],[46.91595,31.96294],[46.90853,31.96393],[46.90285,31.9664],[46.89518,31.9669],[46.89494,31.96171],[46.89593,31.95479],[46.89716,31.94762],[46.89815,31.93897],[46.90013,31.93081],[46.90779,31.92117],[46.91842,31.90955],[46.9251,31.90263],[46.93103,31.89768],[46.93671,31.89373],[46.93721,31.88508],[46.93746,31.87766],[46.93671,31.86876],[46.9424,31.86481],[46.95253,31.86159],[46.96218,31.85937],[46.97503,31.85788],[46.98294,31.85665],[46.99456,31.85368],[46.99678,31.85294],[47.00197,31.848],[47.01285,31.83662],[47.02398,31.8255],[47.0262,31.82303],[47.02398,31.82031],[47.01804,31.81265],[47.01409,31.8077],[47.00964,31.80152],[47.00593,31.79608],[47.00445,31.79064],[47.0042,31.78817],[46.99543,31.77376],[46.999,31.76751],[47.0048,31.75948],[47.01105,31.75056],[47.01373,31.74342],[47.02086,31.74342],[47.0289,31.7461],[47.0396,31.74922],[47.04853,31.74788],[47.06771,31.7461],[47.08422,31.74342],[47.10296,31.74119],[47.12303,31.73807],[47.14043,31.7345],[47.14489,31.72691],[47.15203,31.71487],[47.15516,31.71085],[47.16185,31.70148],[47.16586,31.69524],[47.17702,31.67739],[47.18772,31.66936],[47.19442,31.66401],[47.20066,31.66668],[47.20379,31.67159],[47.20512,31.68007],[47.20646,31.68721],[47.21226,31.69033],[47.22208,31.69747],[47.22877,31.70416],[47.22699,31.70728],[47.21851,31.71308],[47.21003,31.72334],[47.20379,31.7345],[47.19977,31.7461],[47.20111,31.75502],[47.20602,31.75725],[47.21271,31.75458],[47.21494,31.7577],[47.22565,31.76662],[47.23368,31.76439],[47.24572,31.76082],[47.24913,31.75972],[47.26357,31.75502],[47.27428,31.75368],[47.29034,31.75368],[47.30328,31.75368],[47.31845,31.75279],[47.32603,31.74699],[47.33585,31.74164],[47.34477,31.73628],[47.35548,31.73004],[47.36351,31.73004],[47.37332,31.73093],[47.38225,31.73004],[47.39251,31.72647],[47.40812,31.71799],[47.42195,31.70951],[47.43534,31.70059],[47.4365,31.69981],[47.4396,31.70386],[47.44763,31.71323],[47.45388,31.72305],[47.46369,31.73688],[47.4744,31.75071],[47.48243,31.76231],[47.48912,31.7516],[47.49671,31.73822],[47.50385,31.72974],[47.51098,31.71948],[47.51857,31.70922],[47.52794,31.69449],[47.5382,31.69806],[47.54846,31.70163],[47.56185,31.7052],[47.57568,31.70654],[47.58683,31.70654],[47.60423,31.70654],[47.62386,31.70743],[47.64661,31.70966],[47.65821,31.71725],[47.66892,31.72706],[47.68141,31.74179],[47.69391,31.75428],[47.70595,31.76499],[47.72201,31.76632],[47.73361,31.76722],[47.7519,31.76989],[47.7702,31.77123],[47.7876,31.77302],[47.80633,31.77569],[47.82463,31.77748],[47.84872,31.77926],[47.86469,31.78045],[47.86493,31.78373],[47.86443,31.79174],[47.85442,31.79975],[47.8364,31.81226],[47.82439,31.82127],[47.81588,31.82927],[47.80887,31.83628],[47.80387,31.84329],[47.80037,31.85029],[47.79887,31.8588],[47.79836,31.86431],[47.80137,31.87282],[47.80287,31.87932],[47.79686,31.88483],[47.78685,31.89283],[47.77835,31.90134],[47.77184,31.90435],[47.76483,31.90735],[47.75332,31.91335],[47.74732,31.91786],[47.74081,31.92386],[47.73681,31.92987],[47.73631,31.93638],[47.73581,31.94338],[47.73531,31.94889],[47.7343,31.95589],[47.7298,31.9644],[47.71579,31.98192],[47.71078,31.98842],[47.70878,31.99293],[47.70778,31.99843],[47.70428,32.00444],[47.69226,32.01795],[47.68426,32.02946],[47.67525,32.03647],[47.66574,32.04097],[47.65773,32.04598],[47.65473,32.04848],[47.65378,32.05384]]]},"properties":{"level":3,"name":"Al-Msharah","name_ar":"المشرح","pcode":"IQG14Q03N02","district":"Al-Kahla","governorate":"Maysan","city":"Emarah"}},{"type":"Feature","geometry":{"type":"Polygon","coordinates":[[[45.61788,31.68306],[45.60985,31.68507],[45.60142,31.68828],[45.59499,31.68908],[45.58696,31.69109],[45.57853,31.6927],[45.56046,31.69671],[45.54881,31.69912],[45.52472,31.70314],[45.51588,31.70474],[45.49902,31.70675],[45.47974,31.70756],[45.46689,31.70876],[45.45203,31.70956],[45.43437,31.70956],[45.42714,31.70956],[45.42392,31.70956],[45.41991,31.71117],[45.41429,31.71237],[45.40344,31.71599],[45.39019,31.72],[45.38056,31.72282],[45.37493,31.72522],[45.3673,31.72683],[45.36409,31.72804],[45.35967,31.72804],[45.34723,31.73044],[45.33518,31.73205],[45.33036,31.73245],[45.31229,31.73486],[45.29824,31.73647],[45.289,31.73727],[45.26972,31.73928],[45.25728,31.74048],[45.24884,31.74048],[45.24242,31.74129],[45.24041,31.73607],[45.2384,31.72884],[45.2384,31.72402],[45.22957,31.72161],[45.21672,31.7184],[45.21034,31.71727],[45.20989,31.71719],[45.19784,31.71398],[45.17415,31.71037],[45.15448,31.70715],[45.11874,31.70113],[45.09263,31.69712],[45.07818,31.69511],[45.06975,31.6931],[45.05971,31.6927],[45.05248,31.69109],[45.04284,31.68908],[45.03802,31.68868],[45.03441,31.68708],[45.0324,31.68346],[45.0336,31.68105],[45.03963,31.67824],[45.05569,31.6674],[45.08621,31.64812],[45.09625,31.6409],[45.10709,31.63447],[45.11914,31.62684],[45.12476,31.62242],[45.12556,31.616],[45.12596,31.60877],[45.12556,31.60315],[45.12465,31.59995],[45.12877,31.59561],[45.13183,31.59302],[45.13701,31.58784],[45.14478,31.57678],[45.15669,31.56297],[45.15828,31.56204],[45.16768,31.55291],[45.17563,31.54563],[45.18891,31.53603],[45.19156,31.53515],[45.19509,31.53497],[45.20162,31.53426],[45.21115,31.53462],[45.21804,31.53479],[45.22245,31.53479],[45.22775,31.53532],[45.23631,31.53548],[45.23728,31.5355],[45.24522,31.53621],[45.24952,31.53621],[45.25264,31.53621],[45.25387,31.53638],[45.25811,31.53868],[45.2627,31.54221],[45.26535,31.54468],[45.2687,31.54468],[45.27947,31.54309],[45.28283,31.54327],[45.28494,31.54344],[45.28936,31.5475],[45.29306,31.55103],[45.29554,31.55439],[45.30348,31.55739],[45.30772,31.55898],[45.30772,31.56092],[45.30772,31.56498],[45.30648,31.5731],[45.30754,31.57928],[45.31036,31.58563],[45.31471,31.58827],[45.31892,31.58686],[45.32782,31.58265],[45.3414,31.5775],[45.35263,31.57188],[45.35825,31.56439],[45.36293,31.55549],[45.36715,31.54941],[45.37042,31.54473],[45.37792,31.53958],[45.3826,31.53677],[45.38681,31.54051],[45.39711,31.548],[45.42567,31.56814],[45.44768,31.58405],[45.46032,31.59248],[45.46968,31.59904],[45.47717,31.60091],[45.48654,31.60372],[45.49965,31.6098],[45.5076,31.61449],[45.5371,31.63415],[45.56098,31.65007],[45.58767,31.66505],[45.60452,31.67442],[45.61788,31.68306]]]},"properties":{"level":3,"name":"Al-Najmi","name_ar":"النجمي","pcode":"IQG03Q02N03","district":"Al-Rumaitha","governorate":"Al-Muthanna","city":"Samawa"}},{"type":"Feature","geometry":{"type":"Polygon","coordinates":[[[47.70077,30.99199],[47.69094,30.99267],[47.67554,30.99066],[47.66417,30.98832],[47.65681,30.991],[47.64944,30.993],[47.64175,30.991],[47.63305,30.98899],[47.62117,30.9857],[47.61225,30.98034],[47.60645,30.98213],[47.59574,30.98614],[47.5828,30.99194],[47.57388,30.99373],[47.56183,30.99596],[47.54889,30.99908],[47.53595,30.99953],[47.53057,30.99893],[47.52391,30.99819],[47.51142,30.99551],[47.49714,30.99373],[47.49446,30.99016],[47.49536,30.97901],[47.49807,30.97416],[47.5016,30.96785],[47.49491,30.96339],[47.48197,30.95982],[47.47929,30.95491],[47.47907,30.94578],[47.48618,30.92683],[47.50305,30.90433],[47.52407,30.87799],[47.54301,30.85194],[47.57558,30.8102],[47.59512,30.7874],[47.61081,30.77379],[47.61675,30.77014],[47.62924,30.77014],[47.64828,30.76538],[47.65152,30.76457],[47.6522,30.7651],[47.6585,30.77005],[47.6657,30.77771],[47.67651,30.79301],[47.69046,30.80877],[47.69766,30.81777],[47.71072,30.83442],[47.72332,30.85018],[47.74268,30.87404],[47.76339,30.90105],[47.78229,30.92535],[47.8057,30.95686],[47.82596,30.98432],[47.83361,30.99349],[47.83039,30.99349],[47.81038,30.99249],[47.75232,30.99299],[47.70077,30.99199]]]},"properties":{"level":3,"name":"Al-Nashwa","name_ar":"النشوة","pcode":"IQG02Q07N01","district":"Shat Al-Arab","governorate":"Al-Basrah","city":"Basrah"}},{"type":"Feature","geometry":{"type":"Polygon","coordinates":[[[46.28476,31.55396],[46.28077,31.55763],[46.27725,31.56009],[46.26073,31.57239],[46.24561,31.58681],[46.23576,31.59841],[46.22908,31.60298],[46.22346,31.60439],[46.21713,31.60439],[46.2115,31.60369],[46.20095,31.6065],[46.19041,31.61107],[46.17986,31.61599],[46.1672,31.62443],[46.16087,31.61775],[46.15665,31.61283],[46.1461,31.60826],[46.14224,31.60755],[46.14048,31.60966],[46.12712,31.61634],[46.10813,31.62478],[46.1011,31.62162],[46.09301,31.6188],[46.07508,31.61142],[46.05785,31.60439],[46.03465,31.59243],[46.0139,31.58013],[46.0037,31.5745],[45.99913,31.5738],[45.97909,31.57556],[45.96257,31.57591],[45.9471,31.57661],[45.91791,31.5745],[45.87889,31.57063],[45.84476,31.57042],[45.84048,31.56935],[45.83673,31.56935],[45.83459,31.57096],[45.83084,31.57363],[45.82442,31.57899],[45.81746,31.57899],[45.80835,31.57899],[45.79925,31.57899],[45.79604,31.57524],[45.79122,31.57149],[45.78908,31.56721],[45.78908,31.56293],[45.78908,31.55597],[45.78801,31.54901],[45.78694,31.54044],[45.78854,31.53455],[45.79015,31.53134],[45.7955,31.52866],[45.80407,31.52652],[45.81478,31.52331],[45.82549,31.52063],[45.82549,31.51634],[45.82549,31.50885],[45.82442,31.49868],[45.82495,31.48529],[45.82656,31.47672],[45.82977,31.46655],[45.82709,31.46173],[45.81585,31.45156],[45.80782,31.44299],[45.78373,31.41943],[45.76445,31.40016],[45.74089,31.37446],[45.72965,31.36107],[45.7184,31.34769],[45.72001,31.34769],[45.72804,31.34769],[45.735,31.34769],[45.7441,31.34715],[45.76231,31.34715],[45.79925,31.34662],[45.82067,31.34662],[45.8557,31.34106],[45.86998,31.33808],[45.88901,31.33273],[45.90031,31.3476],[45.91162,31.36545],[45.92054,31.38091],[45.93065,31.3934],[45.9485,31.38686],[45.96337,31.38448],[45.9836,31.3821],[45.99787,31.37972],[46.01393,31.37139],[46.00917,31.36485],[45.99371,31.3595],[45.97646,31.35414],[45.96634,31.34938],[45.95623,31.34046],[45.94374,31.33154],[45.93303,31.32024],[45.93125,31.31548],[45.95683,31.31488],[45.99073,31.31369],[46.01215,31.31369],[46.04368,31.31429],[46.06747,31.31429],[46.07283,31.31429],[46.08115,31.33273],[46.08948,31.34522],[46.09067,31.35533],[46.0877,31.37496],[46.0871,31.39221],[46.08948,31.4053],[46.09424,31.41601],[46.10376,31.42553],[46.09067,31.43802],[46.08697,31.4438],[46.08115,31.45289],[46.07877,31.46122],[46.07996,31.4749],[46.0871,31.48501],[46.09246,31.49156],[46.10435,31.49632],[46.11744,31.4981],[46.13112,31.49334],[46.13648,31.48858],[46.14128,31.48478],[46.14479,31.48056],[46.14666,31.47424],[46.1476,31.46956],[46.15017,31.46769],[46.15207,31.46858],[46.15328,31.46914],[46.16443,31.47074],[46.17098,31.47312],[46.16919,31.48858],[46.16919,31.49751],[46.17633,31.50881],[46.1799,31.51357],[46.19299,31.51654],[46.20191,31.51535],[46.21143,31.51297],[46.21381,31.53022],[46.22154,31.54093],[46.22511,31.55342],[46.22927,31.5564],[46.24236,31.55461],[46.25842,31.54985],[46.26854,31.54807],[46.27189,31.54928],[46.28341,31.55342],[46.28476,31.55396]]]},"properties":{"level":3,"name":"Al-Nasr","name_ar":"النصر","pcode":"IQG17Q02N02","district":"Al-Rifai","governorate":"Thi Qar","city":"Nassriya"}},{"type":"Feature","geometry":{"type":"Polygon","coordinates":[[[47.03293,31.48033],[47.02653,31.48831],[47.0229,31.4949],[47.02092,31.50215],[47.01894,31.51138],[47.01697,31.52423],[47.01697,31.53873],[47.01664,31.55489],[47.01697,31.56675],[47.0173,31.57532],[47.0186,31.57717],[47.01232,31.58783],[47.00861,31.59025],[46.99712,31.59469],[46.99156,31.59729],[46.98803,31.60007],[46.98637,31.60248],[46.98358,31.60545],[46.97747,31.6086],[46.97172,31.6099],[46.96653,31.60879],[46.96134,31.60619],[46.95819,31.60582],[46.95225,31.60934],[46.94576,31.6112],[46.93853,31.61286],[46.93482,31.60841],[46.92871,31.60155],[46.92314,31.59636],[46.91795,31.59599],[46.91017,31.59655],[46.90609,31.59803],[46.90349,31.59896],[46.90053,31.5971],[46.89886,31.59469],[46.89608,31.59377],[46.88977,31.59395],[46.8805,31.59525],[46.87309,31.59618],[46.86233,31.59599],[46.85788,31.59395],[46.85325,31.59136],[46.85788,31.58635],[46.86474,31.58079],[46.87272,31.57467],[46.87865,31.57133],[46.88328,31.56781],[46.88328,31.54686],[46.86808,31.54278],[46.86048,31.54056],[46.8488,31.53889],[46.84046,31.53648],[46.83712,31.53537],[46.83452,31.52832],[46.831,31.51738],[46.82748,31.50607],[46.82544,31.49977],[46.82414,31.49588],[46.81635,31.49736],[46.80931,31.49977],[46.8043,31.50125],[46.7993,31.50311],[46.79448,31.50682],[46.79021,31.51108],[46.7891,31.51312],[46.76741,31.51534],[46.74664,31.51794],[46.73478,31.51905],[46.72755,31.51905],[46.72328,31.51924],[46.71846,31.51942],[46.71216,31.51405],[46.70511,31.50719],[46.69084,31.507],[46.67582,31.50663],[46.65858,31.50626],[46.6545,31.50644],[46.62669,31.50848],[46.61427,31.50867],[46.60815,31.50923],[46.60092,31.51405],[46.58701,31.52183],[46.57367,31.52962],[46.55012,31.54575],[46.54326,31.55168],[46.53734,31.55613],[46.53963,31.55304],[46.54634,31.54335],[46.55901,31.52322],[46.58063,31.49116],[46.60449,31.45911],[46.61269,31.4509],[46.62339,31.43919],[46.62835,31.43376],[46.65891,31.40319],[46.70812,31.35026],[46.73719,31.31969],[46.75509,31.29733],[46.75509,31.27794],[46.73719,31.25782],[46.74316,31.24514],[46.7782,31.18028],[46.79534,31.17581],[46.79534,31.16761],[46.79758,31.16239],[46.79982,31.14673],[46.81641,31.14714],[46.83038,31.14748],[46.88853,31.14822],[46.93681,31.14853],[47.00707,31.14897],[47.00689,31.18224],[47.00986,31.21719],[47.00986,31.24619],[47.0106,31.27519],[47.01088,31.30279],[47.012,31.32343],[47.01367,31.34741],[47.01367,31.36916],[47.01367,31.39425],[47.01534,31.41879],[47.01869,31.44333],[47.02538,31.46396],[47.03293,31.48033]]]},"properties":{"level":3,"name":"Al-Salam","name_ar":"السلام","pcode":"IQG14Q04N01","district":"Al-Maimouna","governorate":"Maysan","city":"Emarah"}},{"type":"Feature","geometry":{"type":"Polygon","coordinates":[[[48.14695,30.43911],[48.12727,30.44214],[48.11541,30.44511],[48.0807,30.45191],[48.05558,30.4561],[48.03348,30.4608],[48.02825,30.4512],[48.02104,30.43998],[48.00782,30.42155],[47.99861,30.41394],[47.98332,30.41014],[47.97424,30.40426],[47.93098,30.37862],[47.89305,30.35993],[47.84071,30.33216],[47.80527,30.31397],[47.80707,30.3114],[47.80582,30.30738],[47.80883,30.30061],[47.81184,30.29484],[47.81936,30.2768],[47.83627,30.24151],[47.847,30.21048],[47.84937,30.20334],[47.85889,30.20176],[47.86365,30.19858],[47.87238,30.18272],[47.87872,30.17082],[47.893,30.174],[47.94773,30.18193],[47.98104,30.18669],[48.00959,30.19145],[48.04132,30.197],[48.08335,30.20334],[48.11349,30.20731],[48.14284,30.21365],[48.17536,30.21683],[48.20709,30.22238],[48.24436,30.23031],[48.26895,30.2319],[48.29275,30.23745],[48.32606,30.24141],[48.34034,30.24459],[48.35144,30.24617],[48.35781,30.24708],[48.34932,30.2577],[48.33843,30.27088],[48.32239,30.28979],[48.30634,30.30526],[48.28285,30.32417],[48.27139,30.33334],[48.26337,30.3362],[48.25535,30.33677],[48.24733,30.33506],[48.24217,30.33219],[48.23816,30.32818],[48.23071,30.32245],[48.22211,30.31844],[48.21467,30.31729],[48.20779,30.31844],[48.19805,30.32589],[48.19289,30.33964],[48.18716,30.35396],[48.18201,30.37402],[48.17971,30.38949],[48.17742,30.3998],[48.17628,30.41126],[48.17398,30.41527],[48.17169,30.42158],[48.1631,30.42845],[48.15221,30.43647],[48.14695,30.43911]]]},"properties":{"level":3,"name":"Al-Siba","name_ar":"السيبة","pcode":"IQG02Q01N01","district":"Abu Al-Khaseeb","governorate":"Al-Basrah","city":"Basrah"}},{"type":"Feature","geometry":{"type":"Polygon","coordinates":[[[45.52458,31.31956],[45.51611,31.32307],[45.5037,31.32952],[45.48731,31.33697],[45.47887,31.3474],[45.47093,31.35683],[45.45455,31.36229],[45.43469,31.36279],[45.42178,31.36477],[45.40093,31.36576],[45.37958,31.36676],[45.36469,31.37718],[45.35476,31.38612],[45.33788,31.38215],[45.32894,31.38513],[45.31603,31.39009],[45.30362,31.40052],[45.30164,31.41194],[45.29568,31.42286],[45.28128,31.42236],[45.26688,31.42286],[45.25795,31.4169],[45.251,31.40796],[45.24256,31.39853],[45.23114,31.38761],[45.21724,31.38215],[45.20631,31.37867],[45.20826,31.37404],[45.21221,31.36738],[45.2147,31.35944],[45.2281,31.35],[45.24101,31.33163],[45.23952,31.31426],[45.23604,31.30681],[45.23108,31.30185],[45.22165,31.3088],[45.21271,31.31227],[45.20874,31.30532],[45.19633,31.29788],[45.18838,31.29291],[45.19782,31.27752],[45.19931,31.27156],[45.19434,31.26114],[45.18243,31.26809],[45.1715,31.27404],[45.16455,31.27653],[45.15562,31.28199],[45.15313,31.29341],[45.15214,31.30483],[45.14072,31.30085],[45.14023,31.29291],[45.13725,31.28844],[45.12682,31.2944],[45.12086,31.30185],[45.11921,31.30164],[45.11842,31.30021],[45.11394,31.29244],[45.11065,31.28656],[45.09982,31.26985],[45.08899,31.25714],[45.08516,31.25224],[45.08588,31.25177],[45.11177,31.23412],[45.13531,31.21058],[45.16002,31.18822],[45.18591,31.1588],[45.20827,31.14233],[45.23769,31.1235],[45.27064,31.10114],[45.30132,31.08038],[45.31065,31.07407],[45.34714,31.05171],[45.38362,31.027],[45.39379,31.01862],[45.39572,31.02064],[45.40962,31.0352],[45.43014,31.05307],[45.45,31.07227],[45.45529,31.0908],[45.45794,31.10537],[45.45595,31.12523],[45.45463,31.14906],[45.46721,31.16494],[45.46522,31.17752],[45.48905,31.18944],[45.48045,31.20731],[45.46721,31.22386],[45.48707,31.23577],[45.50891,31.24835],[45.52083,31.25762],[45.53015,31.26339],[45.53531,31.26855],[45.539,31.27242],[45.54788,31.27839],[45.55136,31.29179],[45.54093,31.3047],[45.53051,31.31711],[45.52458,31.31956]]]},"properties":{"level":3,"name":"Al-Sowair","name_ar":"السوير","pcode":"IQG03Q04N01","district":"Al-Samawa","governorate":"Al-Muthanna","city":"Samawa"}},{"type":"Feature","geometry":{"type":"Polygon","coordinates":[[[46.69311,30.99844],[46.68407,30.99968],[46.67454,30.99817],[46.66751,30.99868],[46.65948,30.99717],[46.65396,30.99993],[46.65062,31.00255],[46.64643,31.00598],[46.64173,31.0089],[46.63842,31.01131],[46.63397,31.01449],[46.62836,31.01474],[46.62339,31.01474],[46.62339,31.01424],[46.62339,31.01132],[46.62339,31.00803],[46.62156,31.00328],[46.61458,30.99093],[46.61206,30.98646],[46.6084,30.97952],[46.60402,30.9744],[46.59927,30.96782],[46.59634,30.96234],[46.59452,30.95174],[46.5894,30.9448],[46.58721,30.94041],[46.58721,30.93164],[46.59159,30.92543],[46.59707,30.91922],[46.5989,30.91629],[46.59927,30.91118],[46.59927,30.90716],[46.6,30.90204],[46.60036,30.89473],[46.60219,30.89035],[46.60365,30.88559],[46.60804,30.8834],[46.61169,30.88194],[46.61571,30.87938],[46.619,30.87719],[46.63654,30.86367],[46.65738,30.85051],[46.67455,30.83881],[46.67457,30.8388],[46.68449,30.85202],[46.69319,30.86273],[46.70357,30.87645],[46.71494,30.89084],[46.72465,30.90389],[46.72163,30.91326],[46.71628,30.92698],[46.71093,30.93936],[46.70898,30.94927],[46.70263,30.97306],[46.69311,30.99844]]]},"properties":{"level":3,"name":"Al-Tar","name_ar":"الطار","pcode":"IQG17Q05N02","district":"Suq Al-Shoyokh","governorate":"Thi Qar","city":"Nassriya"}},{"type":"Feature","geometry":{"type":"Polygon","coordinates":[[[47.65378,32.05384],[47.65323,32.05699],[47.65123,32.0685],[47.65223,32.07501],[47.65223,32.08051],[47.64822,32.08451],[47.64272,32.08702],[47.63321,32.09152],[47.6282,32.09603],[47.6202,32.10303],[47.60969,32.11154],[47.60268,32.11554],[47.59667,32.11604],[47.58967,32.11604],[47.58166,32.11504],[47.57515,32.11304],[47.56765,32.11354],[47.56164,32.11705],[47.55714,32.12455],[47.55464,32.12956],[47.55113,32.13256],[47.54663,32.13556],[47.53962,32.13706],[47.53612,32.13907],[47.53612,32.14507],[47.53512,32.15158],[47.53462,32.15909],[47.53412,32.16709],[47.53562,32.1716],[47.53712,32.1751],[47.54012,32.1801],[47.54513,32.18261],[47.55063,32.18761],[47.55514,32.19061],[47.55964,32.19662],[47.56114,32.20012],[47.56314,32.20513],[47.56565,32.21013],[47.56665,32.21564],[47.56715,32.22114],[47.56515,32.22665],[47.55814,32.23165],[47.54963,32.23466],[47.54262,32.23516],[47.53712,32.23816],[47.53111,32.24366],[47.52711,32.25217],[47.5206,32.25718],[47.5126,32.26418],[47.50209,32.27069],[47.49758,32.2777],[47.49708,32.2837],[47.49808,32.28971],[47.50159,32.29521],[47.50159,32.29872],[47.49908,32.30272],[47.49608,32.30572],[47.48457,32.31573],[47.47906,32.31723],[47.47006,32.32024],[47.46405,32.32024],[47.45804,32.31924],[47.45254,32.31924],[47.44753,32.32074],[47.44453,32.32324],[47.44353,32.32774],[47.44353,32.33225],[47.44353,32.33925],[47.44103,32.34176],[47.43752,32.34626],[47.43402,32.34726],[47.42701,32.35077],[47.42351,32.35477],[47.42551,32.35577],[47.42952,32.35577],[47.43803,32.35627],[47.44303,32.35677],[47.44854,32.35927],[47.45304,32.36528],[47.45554,32.37179],[47.45554,32.37879],[47.45404,32.3858],[47.45254,32.39631],[47.44803,32.40181],[47.44253,32.40832],[47.43602,32.41282],[47.42952,32.41783],[47.42351,32.42133],[47.41901,32.42734],[47.415,32.43484],[47.411,32.44085],[47.4065,32.44535],[47.39899,32.45286],[47.39298,32.46087],[47.38698,32.46637],[47.38397,32.46738],[47.37947,32.46788],[47.37246,32.46838],[47.35995,32.46888],[47.35295,32.46788],[47.34344,32.46838],[47.33543,32.47088],[47.32792,32.47538],[47.31941,32.47939],[47.31141,32.48639],[47.3039,32.4904],[47.2999,32.4914],[47.29439,32.4914],[47.28989,32.4899],[47.28488,32.48639],[47.27938,32.48189],[47.26787,32.47588],[47.25786,32.47038],[47.24584,32.46637],[47.23684,32.46487],[47.23183,32.46237],[47.22282,32.45737],[47.21031,32.45536],[47.19229,32.45837],[47.18379,32.46037],[47.17978,32.45887],[47.17978,32.45486],[47.17828,32.45136],[47.17278,32.45136],[47.16777,32.45186],[47.15226,32.45586],[47.13574,32.46487],[47.11828,32.47148],[47.10593,32.44595],[47.08808,32.41175],[47.07024,32.38052],[47.05314,32.34557],[47.03232,32.3069],[47.01373,32.27047],[47.00109,32.24444],[46.98547,32.21396],[46.97209,32.1909],[46.96093,32.16488],[46.94457,32.13811],[46.93342,32.11655],[46.92227,32.09424],[46.91409,32.07788],[46.92453,32.06801],[46.93287,32.06134],[46.94177,32.05429],[46.95605,32.04261],[46.98033,32.02519],[47.00258,32.01054],[47.01463,32.00387],[47.03317,31.99756],[47.05635,31.9907],[47.07952,31.98329],[47.10807,31.97365],[47.12699,31.96716],[47.14126,31.96178],[47.15517,31.95844],[47.16128,31.95622],[47.18149,31.95084],[47.18688,31.95009],[47.18437,31.95549],[47.1847,31.96076],[47.18569,31.96966],[47.18569,31.97724],[47.18799,31.99075],[47.18799,32.00064],[47.18898,32.0069],[47.19294,32.01317],[47.19524,32.01877],[47.20645,32.01712],[47.21436,32.01679],[47.22886,32.01811],[47.24271,32.01943],[47.27764,32.02042],[47.32445,32.02141],[47.36037,32.02338],[47.3907,32.02371],[47.40652,32.02437],[47.42761,32.0224],[47.44937,32.02141],[47.45563,32.03525],[47.4642,32.05799],[47.48529,32.05799],[47.53737,32.057],[47.59307,32.05634],[47.62142,32.0547],[47.63526,32.05371],[47.65378,32.05384]]]},"properties":{"level":3,"name":"Al-Teeb","name_ar":"الطيب","pcode":"IQG14Q01N02","district":"Al-Amara","governorate":"Maysan","city":"Emarah"}},{"type":"Feature","geometry":{"type":"Polygon","coordinates":[[[47.70077,30.99199],[47.70077,31.009],[47.70027,31.04203],[47.70027,31.05905],[47.70027,31.1091],[47.70077,31.17115],[47.69927,31.20519],[47.69927,31.23722],[47.69896,31.26524],[47.68976,31.26725],[47.66724,31.26725],[47.66124,31.26825],[47.55413,31.28126],[47.54112,31.28226],[47.49808,31.28826],[47.48257,31.29077],[47.46455,31.29277],[47.45004,31.29427],[47.44153,31.29527],[47.4388,31.29653],[47.43502,31.29827],[47.42651,31.30328],[47.42301,31.30528],[47.41751,31.30528],[47.41,31.30528],[47.407,31.30528],[47.40249,31.30528],[47.39949,31.30178],[47.39398,31.29877],[47.38197,31.29427],[47.37296,31.29077],[47.35945,31.28576],[47.30316,31.26443],[47.3033,31.2631],[47.30598,31.23857],[47.30509,31.21447],[47.3033,31.18904],[47.30152,31.1712],[47.30062,31.15514],[47.30107,31.14978],[47.31267,31.13238],[47.31847,31.11007],[47.32204,31.09267],[47.32739,31.06903],[47.33275,31.04895],[47.33855,31.03066],[47.34029,31.02411],[47.34033,31.02397],[47.34033,31.00657],[47.33899,30.98872],[47.33899,30.97534],[47.33899,30.9603],[47.33899,30.95928],[47.34792,30.9624],[47.35461,30.96641],[47.36487,30.9682],[47.37513,30.96463],[47.38539,30.96195],[47.38867,30.96102],[47.38994,30.96822],[47.38867,30.98221],[47.384,30.99069],[47.38188,31.00045],[47.384,31.00723],[47.39164,31.0102],[47.40181,31.01062],[47.41284,31.0119],[47.42683,31.01571],[47.42938,31.01826],[47.42768,31.0225],[47.42344,31.02632],[47.41962,31.03056],[47.41666,31.0331],[47.41793,31.0348],[47.43065,31.0348],[47.43532,31.03607],[47.44253,31.03861],[47.44295,31.04031],[47.44125,31.04497],[47.44168,31.05006],[47.44253,31.05261],[47.44634,31.05515],[47.44761,31.0577],[47.44761,31.0666],[47.45398,31.06872],[47.46797,31.07],[47.48536,31.07212],[47.50487,31.07381],[47.51589,31.07551],[47.52098,31.07212],[47.52268,31.06151],[47.52989,31.04328],[47.53286,31.03734],[47.53328,31.02801],[47.53201,31.02165],[47.53243,31.01529],[47.53286,31.00723],[47.53057,30.99893],[47.53595,30.99953],[47.54889,30.99908],[47.56183,30.99596],[47.57388,30.99373],[47.5828,30.99194],[47.59574,30.98614],[47.60645,30.98213],[47.61225,30.98034],[47.62117,30.9857],[47.63305,30.98899],[47.64175,30.991],[47.64944,30.993],[47.65681,30.991],[47.66417,30.98832],[47.67554,30.99066],[47.69094,30.99267],[47.70077,30.99199]]]},"properties":{"level":3,"name":"Al-Thagar","name_ar":"الثغر","pcode":"IQG02Q05N02","district":"Al-Qurna","governorate":"Al-Basrah","city":"Basrah"}},{"type":"Feature","geometry":{"type":"Polygon","coordinates":[[[45.77328,31.63527],[45.76726,31.63608],[45.74999,31.6417],[45.72309,31.64973],[45.69779,31.65736],[45.67771,31.66338],[45.66486,31.6682],[45.65322,31.67142],[45.63956,31.67623],[45.62712,31.68025],[45.61788,31.68306],[45.60452,31.67442],[45.58767,31.66505],[45.56098,31.65007],[45.5371,31.63415],[45.5076,31.61449],[45.49965,31.6098],[45.48654,31.60372],[45.47717,31.60091],[45.46968,31.59904],[45.46032,31.59248],[45.44768,31.58405],[45.42567,31.56814],[45.39711,31.548],[45.38681,31.54051],[45.3826,31.53677],[45.37792,31.53958],[45.37042,31.54473],[45.36715,31.54941],[45.36293,31.55549],[45.35825,31.56439],[45.35263,31.57188],[45.3414,31.5775],[45.32782,31.58265],[45.31892,31.58686],[45.31471,31.58827],[45.31036,31.58563],[45.30754,31.57928],[45.30648,31.5731],[45.30772,31.56498],[45.30772,31.56092],[45.30772,31.55898],[45.30348,31.55739],[45.29554,31.55439],[45.29306,31.55103],[45.28936,31.5475],[45.28494,31.54344],[45.28283,31.54327],[45.27947,31.54309],[45.2687,31.54468],[45.26535,31.54468],[45.2627,31.54221],[45.25811,31.53868],[45.25387,31.53638],[45.25264,31.53621],[45.24952,31.53621],[45.25352,31.53088],[45.26105,31.52358],[45.26623,31.51676],[45.26623,31.51252],[45.26482,31.50687],[45.26317,31.49816],[45.26341,31.49416],[45.26058,31.49416],[45.25682,31.49346],[45.25187,31.49157],[45.24434,31.48945],[45.23963,31.48734],[45.22669,31.48428],[45.21939,31.48263],[45.1935,31.4798],[45.1862,31.47839],[45.18456,31.47839],[45.18173,31.47839],[45.18057,31.47839],[45.18654,31.47077],[45.18588,31.45356],[45.18455,31.43767],[45.18257,31.41583],[45.18257,31.40391],[45.18314,31.40375],[45.20234,31.39853],[45.20284,31.38364],[45.20631,31.37867],[45.21724,31.38215],[45.23114,31.38761],[45.24256,31.39853],[45.251,31.40796],[45.25795,31.4169],[45.26688,31.42286],[45.28128,31.42236],[45.29568,31.42286],[45.30164,31.41194],[45.30362,31.40052],[45.31603,31.39009],[45.32894,31.38513],[45.33788,31.38215],[45.35476,31.38612],[45.36469,31.37718],[45.37958,31.36676],[45.40093,31.36576],[45.42178,31.36477],[45.43469,31.36279],[45.45455,31.36229],[45.47093,31.35683],[45.47887,31.3474],[45.48731,31.33697],[45.5037,31.32952],[45.51611,31.32307],[45.52458,31.31956],[45.52703,31.32257],[45.53795,31.33598],[45.54838,31.34839],[45.55831,31.35981],[45.56824,31.37222],[45.57916,31.38463],[45.5881,31.39406],[45.60051,31.40796],[45.61143,31.42137],[45.62434,31.43477],[45.63923,31.45463],[45.64718,31.46655],[45.65711,31.47946],[45.66803,31.49435],[45.67994,31.50924],[45.69136,31.52662],[45.70328,31.543],[45.71519,31.55839],[45.72612,31.57279],[45.73604,31.5857],[45.742,31.59613],[45.75243,31.60953],[45.75988,31.62095],[45.76312,31.62441],[45.77328,31.63527]]]},"properties":{"level":3,"name":"Al-Warka","name_ar":"الوركاء","pcode":"IQG03Q02N04","district":"Al-Rumaitha","governorate":"Al-Muthanna","city":"Samawa"}},{"type":"Feature","geometry":{"type":"Polygon","coordinates":[[[47.00491,32.56374],[47.00161,32.56747],[46.99461,32.57247],[46.9816,32.57898],[46.96758,32.58599],[46.95657,32.59299],[46.95057,32.5975],[46.94506,32.604],[46.94106,32.61001],[46.93605,32.61301],[46.93055,32.61602],[46.92754,32.62002],[46.92304,32.62352],[46.91804,32.62703],[46.90903,32.62903],[46.89752,32.63503],[46.89151,32.63904],[46.88851,32.64204],[46.8855,32.64554],[46.882,32.65005],[46.8765,32.65605],[46.86999,32.66406],[46.86098,32.67007],[46.85247,32.67807],[46.84447,32.68358],[46.83546,32.69009],[46.82695,32.69909],[46.82395,32.7021],[46.82094,32.7036],[46.81344,32.7071],[46.79992,32.7101],[46.79242,32.71161],[46.78691,32.71411],[46.78291,32.71911],[46.7759,32.72812],[46.76689,32.73613],[46.76139,32.74013],[46.75588,32.74614],[46.75038,32.75264],[46.73937,32.75965],[46.73286,32.76315],[46.72535,32.76666],[46.71685,32.76916],[46.70934,32.77266],[46.70433,32.77467],[46.69833,32.77917],[46.69483,32.78417],[46.69132,32.78868],[46.68732,32.79068],[46.68031,32.79318],[46.6718,32.79568],[46.6643,32.79969],[46.65779,32.80419],[46.65229,32.8107],[46.64828,32.81721],[46.64528,32.82171],[46.64228,32.82371],[46.63427,32.82621],[46.62076,32.83172],[46.60624,32.83973],[46.59823,32.84273],[46.58161,32.85107],[46.57447,32.84631],[46.56937,32.84317],[46.56674,32.84155],[46.55663,32.8356],[46.54949,32.83084],[46.54413,32.82846],[46.54057,32.82549],[46.53878,32.82371],[46.53759,32.82014],[46.53997,32.81716],[46.54235,32.81419],[46.54711,32.8124],[46.55187,32.80883],[46.55365,32.80764],[46.55365,32.79991],[46.55365,32.79396],[46.55306,32.79218],[46.5477,32.78742],[46.53462,32.76957],[46.52629,32.75649],[46.52331,32.75113],[46.52034,32.74399],[46.51677,32.72853],[46.5132,32.71425],[46.50487,32.69759],[46.49298,32.67202],[46.48465,32.65298],[46.47156,32.62086],[46.46799,32.60599],[46.45847,32.57743],[46.45788,32.56672],[46.46026,32.56018],[46.46204,32.55423],[46.46264,32.54947],[46.46085,32.52627],[46.46145,32.51259],[46.46085,32.50069],[46.46085,32.48701],[46.45847,32.47987],[46.4549,32.47333],[46.45193,32.46203],[46.44658,32.45727],[46.44182,32.45132],[46.43944,32.44537],[46.43944,32.44359],[46.43944,32.43347],[46.43944,32.42693],[46.44063,32.42158],[46.43587,32.41563],[46.43052,32.40908],[46.42457,32.40076],[46.42235,32.39715],[46.41505,32.38529],[46.41267,32.37815],[46.40969,32.3728],[46.42873,32.36923],[46.44063,32.36744],[46.44836,32.36566],[46.4555,32.36566],[46.46502,32.36328],[46.46799,32.35317],[46.47513,32.34068],[46.48048,32.33116],[46.47989,32.3145],[46.47275,32.29487],[46.46502,32.28059],[46.46085,32.26989],[46.45847,32.26453],[46.45609,32.24728],[46.45371,32.23241],[46.45371,32.22706],[46.47394,32.21932],[46.50666,32.20326],[46.54532,32.18542],[46.5715,32.17292],[46.58815,32.16519],[46.59827,32.16103],[46.58994,32.13426],[46.58102,32.09083],[46.56852,32.0361],[46.56198,32.00696],[46.5596,31.99506],[46.5596,31.9903],[46.57353,31.99386],[46.59435,31.99906],[46.60847,31.99014],[46.62929,31.99609],[46.6464,32.00575],[46.66424,32.01765],[46.68358,32.02657],[46.69994,32.03401],[46.71852,32.03698],[46.7386,32.03178],[46.75273,32.03624],[46.76983,32.04962],[46.7859,32.05938],[46.78279,32.06165],[46.77883,32.0656],[46.76213,32.07483],[46.75422,32.08055],[46.73269,32.09417],[46.72346,32.09988],[46.71994,32.10603],[46.71731,32.11307],[46.71599,32.12449],[46.71643,32.14119],[46.71555,32.14471],[46.70852,32.15174],[46.7028,32.14954],[46.69533,32.14691],[46.68962,32.14427],[46.68654,32.14559],[46.68083,32.15042],[46.6738,32.15569],[46.66721,32.16185],[46.66061,32.17239],[46.65402,32.17987],[46.65622,32.18778],[46.65754,32.19525],[46.66017,32.2014],[46.65314,32.21195],[46.64743,32.21458],[46.63732,32.21634],[46.63073,32.21678],[46.63161,32.2304],[46.63205,32.24403],[46.63117,32.25809],[46.63117,32.26776],[46.64128,32.26468],[46.64699,32.26424],[46.65886,32.26117],[46.67775,32.25809],[46.68566,32.25545],[46.69006,32.25238],[46.69577,32.24842],[46.70236,32.24666],[46.70764,32.24798],[46.70939,32.25282],[46.71379,32.26205],[46.71818,32.26644],[46.72961,32.26468],[46.74455,32.26512],[46.76345,32.26468],[46.77971,32.26336],[46.78762,32.26205],[46.78982,32.25589],[46.79201,32.24798],[46.7907,32.23963],[46.78806,32.22952],[46.78718,32.22557],[46.78366,32.21854],[46.78103,32.2137],[46.78103,32.21063],[46.78147,32.20755],[46.77927,32.20448],[46.77751,32.19876],[46.77224,32.19349],[46.76828,32.19085],[46.76477,32.18821],[46.76521,32.18118],[46.76609,32.16756],[46.79597,32.20843],[46.8241,32.25457],[46.85793,32.31083],[46.88079,32.34862],[46.89837,32.38114],[46.92034,32.42025],[46.93352,32.44267],[46.94099,32.45717],[46.94583,32.46684],[46.95066,32.47826],[46.95462,32.48749],[46.95418,32.50112],[46.9533,32.50639],[46.96253,32.50947],[46.96604,32.51034],[46.96429,32.5143],[46.96297,32.52001],[46.95945,32.52397],[46.9656,32.5266],[46.9678,32.53012],[46.97088,32.53495],[46.97176,32.54374],[46.97176,32.55165],[46.97483,32.55078],[46.97703,32.55034],[46.9823,32.54902],[46.98714,32.54726],[46.9889,32.54946],[46.99549,32.55385],[47.00491,32.56374]]]},"properties":{"level":3,"name":"Ali Al-Sharki","name_ar":"علي الشرقي","pcode":"IQG14Q02N02","district":"Ali Al-Gharbi","governorate":"Maysan","city":"Emarah"}},{"type":"Feature","geometry":{"type":"Polygon","coordinates":[[[47.72724,31.46606],[47.74031,31.49546],[47.74092,31.49687],[47.75683,31.534],[47.77234,31.56903],[47.78635,31.60106],[47.79786,31.62758],[47.81788,31.67063],[47.8374,31.71667],[47.85642,31.76121],[47.86443,31.77672],[47.86469,31.78045],[47.84872,31.77926],[47.82463,31.77748],[47.80633,31.77569],[47.7876,31.77302],[47.7702,31.77123],[47.7519,31.76989],[47.73361,31.76722],[47.72201,31.76632],[47.70595,31.76499],[47.69391,31.75428],[47.68141,31.74179],[47.66892,31.72706],[47.65821,31.71725],[47.64661,31.70966],[47.62386,31.70743],[47.60423,31.70654],[47.58683,31.70654],[47.57568,31.70654],[47.56185,31.7052],[47.54846,31.70163],[47.5382,31.69806],[47.52794,31.69449],[47.51857,31.70922],[47.51098,31.71948],[47.50385,31.72974],[47.49671,31.73822],[47.48912,31.7516],[47.48243,31.76231],[47.4744,31.75071],[47.46369,31.73688],[47.45388,31.72305],[47.44763,31.71323],[47.4396,31.70386],[47.4365,31.69981],[47.4338,31.69628],[47.42175,31.6878],[47.41015,31.68245],[47.40034,31.67709],[47.39722,31.66906],[47.39989,31.6588],[47.40435,31.64809],[47.40614,31.63114],[47.40659,31.62088],[47.40792,31.60526],[47.40882,31.59634],[47.41107,31.57384],[47.41846,31.57403],[47.42288,31.57346],[47.43575,31.5718],[47.44755,31.56706],[47.47209,31.55888],[47.49737,31.54996],[47.5666,31.5242],[47.66284,31.48968],[47.72724,31.46606]]]},"properties":{"level":3,"name":"Beni Hasheem","name_ar":"بني هاشم","pcode":"IQG14Q03N01","district":"Al-Kahla","governorate":"Maysan","city":"Emarah"}},{"type":"Feature","geometry":{"type":"Polygon","coordinates":[[[46.61458,30.99093],[46.60774,30.99141],[46.59109,30.98924],[46.57263,30.98272],[46.56647,30.97946],[46.56177,30.97765],[46.55923,30.97657],[46.5567,30.97222],[46.5462,30.96281],[46.53896,30.94942],[46.531,30.93458],[46.52412,30.91901],[46.52086,30.90272],[46.51905,30.89222],[46.51905,30.8886],[46.51797,30.88028],[46.51724,30.87666],[46.5158,30.86724],[46.51399,30.85783],[46.51037,30.84661],[46.50892,30.84154],[46.50892,30.83756],[46.50964,30.83322],[46.51254,30.82634],[46.51362,30.8191],[46.51543,30.80933],[46.51797,30.80571],[46.5234,30.79629],[46.52846,30.78688],[46.53426,30.78],[46.54186,30.7648],[46.5415,30.75937],[46.5415,30.74453],[46.5415,30.74018],[46.5415,30.7362],[46.5415,30.73041],[46.54113,30.72136],[46.54005,30.70181],[46.5386,30.69168],[46.53896,30.68589],[46.53788,30.67466],[46.53751,30.66163],[46.53534,30.63665],[46.53462,30.62],[46.53353,30.60444],[46.5317,30.57294],[46.55153,30.59668],[46.58142,30.63958],[46.59572,30.66428],[46.60027,30.67143],[46.62302,30.71628],[46.64057,30.74422],[46.65357,30.76502],[46.65747,30.77087],[46.66462,30.77347],[46.66852,30.77347],[46.67177,30.78517],[46.6701,30.80986],[46.66609,30.8276],[46.67044,30.83329],[46.67457,30.8388],[46.67455,30.83881],[46.65738,30.85051],[46.63654,30.86367],[46.619,30.87719],[46.61571,30.87938],[46.61169,30.88194],[46.60804,30.8834],[46.60365,30.88559],[46.60219,30.89035],[46.60036,30.89473],[46.6,30.90204],[46.59927,30.90716],[46.59927,30.91118],[46.5989,30.91629],[46.59707,30.91922],[46.59159,30.92543],[46.58721,30.93164],[46.58721,30.94041],[46.5894,30.9448],[46.59452,30.95174],[46.59634,30.96234],[46.59927,30.96782],[46.60402,30.9744],[46.6084,30.97952],[46.61206,30.98646],[46.61458,30.99093]]]},"properties":{"level":3,"name":"Garmat Beni Said","name_ar":"كرمة بني سعد","pcode":"IQG17Q05N01","district":"Suq Al-Shoyokh","governorate":"Thi Qar","city":"Nassriya"}},{"type":"Feature","geometry":{"type":"Polygon","coordinates":[[[47.18688,31.95009],[47.18149,31.95084],[47.16128,31.95622],[47.15517,31.95844],[47.14126,31.96178],[47.12699,31.96716],[47.10807,31.97365],[47.07952,31.98329],[47.05635,31.9907],[47.03317,31.99756],[47.01463,32.00387],[47.00258,32.01054],[46.98033,32.02519],[46.95605,32.04261],[46.94177,32.05429],[46.93287,32.06134],[46.92453,32.06801],[46.91409,32.07788],[46.88657,32.07565],[46.8665,32.07119],[46.84865,32.06003],[46.81742,32.06301],[46.79065,32.06226],[46.7859,32.05938],[46.76983,32.04962],[46.75273,32.03624],[46.7386,32.03178],[46.71852,32.03698],[46.69994,32.03401],[46.68358,32.02657],[46.66424,32.01765],[46.6464,32.00575],[46.62929,31.99609],[46.60847,31.99014],[46.59435,31.99906],[46.57353,31.99386],[46.5596,31.9903],[46.55425,31.98911],[46.54949,31.98911],[46.52153,32.0016],[46.50249,32.00874],[46.49417,32.01112],[46.4668,32.02004],[46.44598,32.02064],[46.42814,32.02064],[46.41088,32.02004],[46.38471,32.01469],[46.37281,32.00934],[46.36508,32.00458],[46.36211,32.0022],[46.36071,31.99439],[46.36071,31.98917],[46.36443,31.98395],[46.37636,31.97575],[46.38754,31.96755],[46.39053,31.96382],[46.38307,31.96308],[46.35772,31.96084],[46.33297,31.95872],[46.33163,31.9586],[46.31597,31.95711],[46.31672,31.95264],[46.32417,31.9422],[46.33387,31.92655],[46.33834,31.92058],[46.35027,31.9012],[46.36145,31.88852],[46.36742,31.87958],[46.37934,31.86765],[46.38158,31.86392],[46.38158,31.86169],[46.38158,31.85796],[46.38233,31.85348],[46.38904,31.84678],[46.4032,31.83112],[46.42407,31.81024],[46.43749,31.79459],[46.44197,31.7849],[46.44569,31.77371],[46.44122,31.76328],[46.44122,31.74837],[46.45247,31.74922],[46.46541,31.74878],[46.48058,31.74922],[46.49486,31.74922],[46.51359,31.75011],[46.5301,31.75056],[46.5417,31.75101],[46.55375,31.75145],[46.57293,31.75145],[46.59212,31.75368],[46.61264,31.75413],[46.62339,31.75356],[46.62959,31.75324],[46.64655,31.75502],[46.64699,31.76662],[46.64655,31.78179],[46.66261,31.78268],[46.67688,31.78268],[46.69071,31.78357],[46.7099,31.78357],[46.72373,31.78447],[46.72551,31.77376],[46.72685,31.76216],[46.72819,31.74922],[46.73622,31.74565],[46.74827,31.74119],[46.76031,31.73628],[46.7737,31.73138],[46.79021,31.72379],[46.80314,31.72067],[46.80671,31.72468],[46.81385,31.73271],[46.81965,31.74119],[46.82679,31.74565],[46.83214,31.74387],[46.8433,31.73896],[46.8549,31.73271],[46.86427,31.72825],[46.87944,31.73361],[46.89059,31.73673],[46.90308,31.74208],[46.91691,31.74922],[46.92762,31.75458],[46.93833,31.76038],[46.9477,31.76662],[46.95662,31.77331],[46.96643,31.77867],[46.97759,31.77911],[46.98963,31.77733],[46.99543,31.77376],[47.0042,31.78817],[47.00445,31.79064],[47.00593,31.79608],[47.00964,31.80152],[47.01409,31.8077],[47.01804,31.81265],[47.02398,31.82031],[47.0262,31.82303],[47.02398,31.8255],[47.01285,31.83662],[47.00197,31.848],[46.99678,31.85294],[46.99456,31.85368],[46.98294,31.85665],[46.97503,31.85788],[46.96218,31.85937],[46.95253,31.86159],[46.9424,31.86481],[46.93671,31.86876],[46.93746,31.87766],[46.93721,31.88508],[46.93671,31.89373],[46.93103,31.89768],[46.9251,31.90263],[46.91842,31.90955],[46.90779,31.92117],[46.90013,31.93081],[46.89815,31.93897],[46.89716,31.94762],[46.89593,31.95479],[46.89494,31.96171],[46.89518,31.9669],[46.90285,31.9664],[46.90853,31.96393],[46.91595,31.96294],[46.92559,31.96393],[46.93177,31.96369],[46.93647,31.96344],[46.94092,31.96492],[46.94537,31.96715],[46.95253,31.96987],[46.95575,31.97036],[46.96143,31.97184],[46.96737,31.97234],[46.97404,31.97308],[46.978,31.97085],[46.98591,31.96739],[46.99505,31.96022],[47.0089,31.9538],[47.02051,31.95034],[47.03114,31.94737],[47.0393,31.94712],[47.04968,31.94663],[47.0613,31.94861],[47.06946,31.95058],[47.0707,31.95108],[47.07663,31.95157],[47.08306,31.95157],[47.09196,31.95157],[47.09814,31.95207],[47.10432,31.95058],[47.11321,31.94613],[47.11989,31.94317],[47.12557,31.94119],[47.13398,31.93921],[47.14461,31.93575],[47.15227,31.93452],[47.16018,31.93229],[47.1723,31.92957],[47.18144,31.92809],[47.18416,31.92562],[47.18836,31.92265],[47.19158,31.91944],[47.19355,31.91944],[47.19331,31.92265],[47.19257,31.92562],[47.19084,31.93377],[47.18985,31.93946],[47.18935,31.94515],[47.18688,31.95009]]]},"properties":{"level":3,"name":"Kumait","name_ar":"كميت","pcode":"IQG14Q01N01","district":"Al-Amara","governorate":"Maysan","city":"Emarah"}},{"type":"Feature","geometry":{"type":"Polygon","coordinates":[[[48.03348,30.4608],[48.03098,30.46133],[48.00691,30.46604],[47.97597,30.46925],[47.96593,30.46925],[47.96041,30.47101],[47.94836,30.47176],[47.93657,30.47201],[47.92753,30.47352],[47.91749,30.47402],[47.91022,30.47452],[47.89662,30.47891],[47.88023,30.48293],[47.87688,30.48627],[47.86143,30.49436],[47.85206,30.50105],[47.84448,30.49213],[47.84046,30.48901],[47.82931,30.4841],[47.82014,30.47722],[47.8186,30.47607],[47.83199,30.46715],[47.84493,30.45912],[47.8592,30.45153],[47.86991,30.4435],[47.88357,30.43374],[47.87554,30.42236],[47.86906,30.41404],[47.86153,30.40501],[47.8535,30.39798],[47.84572,30.39095],[47.83869,30.38393],[47.83292,30.37941],[47.83041,30.3769],[47.82389,30.37062],[47.81561,30.36335],[47.80808,30.35607],[47.79879,30.34754],[47.79151,30.34026],[47.78951,30.33825],[47.79478,30.32972],[47.79929,30.32294],[47.80356,30.31642],[47.80527,30.31397],[47.84071,30.33216],[47.89305,30.35993],[47.93098,30.37862],[47.97424,30.40426],[47.98332,30.41014],[47.99861,30.41394],[48.00782,30.42155],[48.02104,30.43998],[48.02825,30.4512],[48.03348,30.4608]]]},"properties":{"level":3,"name":"Markaz Abu Al-Khaseeb","name_ar":"مركز ابي الخصيب","pcode":"IQG02Q01N02","district":"Abu Al-Khaseeb","governorate":"Al-Basrah","city":"Basrah"}},{"type":"Feature","geometry":{"type":"Polygon","coordinates":[[[47.84261,30.52292],[47.83798,30.53013],[47.82894,30.54103],[47.8143,30.55256],[47.80339,30.55973],[47.79342,30.56669],[47.77216,30.55358],[47.76021,30.54806],[47.74642,30.53658],[47.72069,30.51911],[47.69587,30.50349],[47.67198,30.48557],[47.64533,30.46879],[47.65604,30.4631],[47.6644,30.45842],[47.67411,30.45373],[47.68649,30.44704],[47.69686,30.44135],[47.70958,30.43633],[47.72162,30.43165],[47.73199,30.42697],[47.74504,30.42161],[47.75136,30.40601],[47.75538,30.39472],[47.76215,30.38016],[47.76667,30.36937],[47.77219,30.36184],[47.77947,30.3518],[47.78951,30.33825],[47.79151,30.34026],[47.79879,30.34754],[47.80808,30.35607],[47.81561,30.36335],[47.82389,30.37062],[47.83041,30.3769],[47.83292,30.37941],[47.83869,30.38393],[47.84572,30.39095],[47.8535,30.39798],[47.86153,30.40501],[47.86906,30.41404],[47.87554,30.42236],[47.88357,30.43374],[47.86991,30.4435],[47.8592,30.45153],[47.84493,30.45912],[47.83199,30.46715],[47.8186,30.47607],[47.82014,30.47722],[47.82931,30.4841],[47.84046,30.48901],[47.84448,30.49213],[47.85206,30.50105],[47.85231,30.50551],[47.84701,30.51579],[47.84261,30.52292]]]},"properties":{"level":3,"name":"Markaz Al-Basrah","name_ar":"مركز البصرة","pcode":"IQG02Q02N02","district":"Al-Basrah","governorate":"Al-Basrah","city":"Basrah"}},{"type":"Feature","geometry":{"type":"Polygon","coordinates":[[[47.17027,31.15164],[47.16214,31.15195],[47.15319,31.15195],[47.14872,31.15195],[47.14052,31.15121],[47.04658,31.15046],[47.01825,31.14971],[47.00707,31.14897],[46.93681,31.14853],[46.93752,31.13476],[46.94041,31.09277],[46.94114,31.0591],[46.94114,31.05222],[46.93716,31.03557],[46.93716,31.02471],[46.94331,31.01675],[46.94838,31.0048],[46.94838,30.99322],[46.94801,30.98706],[46.93498,30.96498],[46.92738,30.95195],[46.9234,30.94507],[46.90964,30.93639],[46.89915,30.92661],[46.89697,30.92553],[46.89987,30.89729],[46.90168,30.88896],[46.90277,30.87955],[46.90385,30.87448],[46.91037,30.86181],[46.92159,30.84227],[46.92593,30.83611],[46.96249,30.76335],[46.96394,30.75647],[46.96756,30.74272],[46.97553,30.71991],[46.97987,30.7058],[46.98747,30.68697],[46.98747,30.68408],[46.98928,30.66308],[46.98964,30.65005],[46.98964,30.64534],[46.98932,30.64033],[46.99341,30.63998],[47.00686,30.63882],[47.01262,30.63863],[47.02164,30.6371],[47.04008,30.63037],[47.06198,30.62288],[47.0879,30.61405],[47.09808,30.61002],[47.10788,30.60675],[47.11018,30.60598],[47.10781,30.615],[47.10611,30.62217],[47.10133,30.64334],[47.09723,30.66246],[47.09586,30.67099],[47.09416,30.68124],[47.09245,30.69114],[47.09245,30.69933],[47.0904,30.70889],[47.08903,30.72084],[47.08733,30.72972],[47.08835,30.73313],[47.09074,30.74133],[47.09518,30.7526],[47.09689,30.7584],[47.09723,30.76455],[47.10508,30.79015],[47.10781,30.80552],[47.1102,30.8161],[47.11054,30.81849],[47.11225,30.82635],[47.11942,30.85332],[47.12338,30.8658],[47.12625,30.87483],[47.12967,30.8861],[47.13923,30.91922],[47.14537,30.94004],[47.14879,30.95097],[47.14981,30.95643],[47.15186,30.96087],[47.15254,30.96599],[47.15254,30.97111],[47.15322,30.99228],[47.15357,30.99979],[47.15357,31.0056],[47.15357,31.00833],[47.15561,31.01311],[47.15699,31.018],[47.15937,31.02643],[47.16278,31.03701],[47.16756,31.04896],[47.16791,31.05613],[47.16791,31.06296],[47.16791,31.07115],[47.16791,31.0773],[47.16791,31.0814],[47.16722,31.08584],[47.16756,31.10086],[47.16756,31.10837],[47.16756,31.1111],[47.16756,31.11383],[47.16756,31.11759],[47.16961,31.135],[47.16961,31.14456],[47.17027,31.15164]]]},"properties":{"level":3,"name":"Markaz Al-Chibayish","name_ar":"مركز الجبايش","pcode":"IQG17Q01N03","district":"Al-Chibayish","governorate":"Thi Qar","city":"Nassriya"}},{"type":"Feature","geometry":{"type":"Polygon","coordinates":[[[48.22566,29.98936],[48.25019,29.97121],[48.28228,29.94314],[48.31551,29.9122],[48.34932,29.88527],[48.37453,29.86407],[48.38541,29.8549],[48.39698,29.84948],[48.42143,29.84404],[48.44452,29.83997],[48.47304,29.84133],[48.50292,29.84133],[48.5328,29.84948],[48.56675,29.85898],[48.60478,29.87936],[48.61836,29.8943],[48.62244,29.90516],[48.62379,29.91874],[48.62379,29.92689],[48.61862,29.93798],[48.6169,29.93855],[48.60257,29.94256],[48.58137,29.94772],[48.56132,29.95059],[48.55158,29.95288],[48.53152,29.95803],[48.51605,29.96319],[48.49829,29.97064],[48.48683,29.97809],[48.46907,29.9884],[48.46115,29.995],[48.41589,29.99451],[48.37074,29.9939],[48.33902,29.99268],[48.31034,29.99268],[48.28899,29.99085],[48.2713,29.99085],[48.22566,29.98936]]]},"properties":{"level":3,"name":"Markaz Al-Faw","name_ar":"مركز الفاو","pcode":"IQG02Q03N02","district":"Al-Faw","governorate":"Al-Basrah","city":"Basrah"}},{"type":"Feature","geometry":{"type":"Polygon","coordinates":[[[47.4365,31.69981],[47.43534,31.70059],[47.42195,31.70951],[47.40812,31.71799],[47.39251,31.72647],[47.38225,31.73004],[47.37332,31.73093],[47.36351,31.73004],[47.35548,31.73004],[47.34477,31.73628],[47.33585,31.74164],[47.32603,31.74699],[47.31845,31.75279],[47.30328,31.75368],[47.29034,31.75368],[47.27428,31.75368],[47.26357,31.75502],[47.24913,31.75972],[47.24572,31.76082],[47.23368,31.76439],[47.22565,31.76662],[47.21494,31.7577],[47.21271,31.75458],[47.20602,31.75725],[47.20111,31.75502],[47.19977,31.7461],[47.20379,31.7345],[47.21003,31.72334],[47.21851,31.71308],[47.22699,31.70728],[47.22877,31.70416],[47.22208,31.69747],[47.21226,31.69033],[47.20646,31.68721],[47.20512,31.68007],[47.20379,31.67159],[47.20066,31.66668],[47.19442,31.66401],[47.19676,31.65724],[47.2008,31.64545],[47.2035,31.62489],[47.19777,31.61411],[47.1917,31.60568],[47.188,31.59726],[47.19204,31.59288],[47.20417,31.58715],[47.21664,31.58108],[47.22944,31.57603],[47.24725,31.56734],[47.26287,31.56455],[47.26566,31.56064],[47.27737,31.54503],[47.29019,31.52886],[47.30246,31.54113],[47.31417,31.55172],[47.327,31.56455],[47.34764,31.55395],[47.36046,31.56009],[47.36939,31.56622],[47.38221,31.5718],[47.39671,31.57347],[47.41107,31.57384],[47.40882,31.59634],[47.40792,31.60526],[47.40659,31.62088],[47.40614,31.63114],[47.40435,31.64809],[47.39989,31.6588],[47.39722,31.66906],[47.40034,31.67709],[47.41015,31.68245],[47.42175,31.6878],[47.4338,31.69628],[47.4365,31.69981]]]},"properties":{"level":3,"name":"Markaz Al-Kahla","name_ar":"مركز الكحلاء","pcode":"IQG14Q03N03","district":"Al-Kahla","governorate":"Maysan","city":"Emarah"}},{"type":"Feature","geometry":{"type":"Polygon","coordinates":[[[45.80835,31.65288],[45.80407,31.65823],[45.79176,31.65013],[45.78172,31.6421],[45.77328,31.63527],[45.76312,31.62441],[45.75988,31.62095],[45.75243,31.60953],[45.742,31.59613],[45.73604,31.5857],[45.72612,31.57279],[45.71519,31.55839],[45.70328,31.543],[45.69136,31.52662],[45.67994,31.50924],[45.66803,31.49435],[45.65711,31.47946],[45.64718,31.46655],[45.63923,31.45463],[45.62434,31.43477],[45.61143,31.42137],[45.60051,31.40796],[45.5881,31.39406],[45.57916,31.38463],[45.56824,31.37222],[45.55831,31.35981],[45.54838,31.34839],[45.53795,31.33598],[45.52703,31.32257],[45.52458,31.31956],[45.53051,31.31711],[45.54093,31.3047],[45.55136,31.29179],[45.54788,31.27839],[45.539,31.27242],[45.53531,31.26855],[45.53015,31.26339],[45.52083,31.25762],[45.50891,31.24835],[45.48707,31.23577],[45.46721,31.22386],[45.48045,31.20731],[45.48905,31.18944],[45.46522,31.17752],[45.46721,31.16494],[45.45463,31.14906],[45.45595,31.12523],[45.45794,31.10537],[45.45529,31.0908],[45.45,31.07227],[45.43014,31.05307],[45.40962,31.0352],[45.39572,31.02064],[45.39379,31.01862],[45.40362,31.01052],[45.43775,30.9811],[45.47776,30.95286],[45.52719,30.92344],[45.58014,30.8952],[45.63899,30.86695],[45.66968,30.86474],[45.66861,30.87224],[45.66807,30.89365],[45.66647,30.9215],[45.66647,30.93756],[45.66433,30.96112],[45.66433,30.97932],[45.66433,30.99217],[45.67771,30.99913],[45.68578,31.00256],[45.69538,31.00663],[45.70823,31.01305],[45.71787,31.01573],[45.72644,31.03179],[45.73233,31.04196],[45.73607,31.04785],[45.74036,31.07302],[45.74571,31.09979],[45.74678,31.10996],[45.75963,31.10568],[45.78373,31.09872],[45.79872,31.09283],[45.80193,31.10729],[45.80621,31.12335],[45.80728,31.13513],[45.81157,31.14798],[45.81371,31.16029],[45.81371,31.16672],[45.80728,31.17046],[45.79925,31.17314],[45.78212,31.1785],[45.77409,31.1801],[45.77034,31.18278],[45.76606,31.18653],[45.75856,31.19081],[45.75695,31.19509],[45.75588,31.2058],[45.75428,31.21169],[45.75428,31.21598],[45.75856,31.22294],[45.76766,31.24007],[45.77623,31.2572],[45.77998,31.26523],[45.78801,31.28183],[45.803,31.31074],[45.81371,31.33323],[45.81692,31.34073],[45.82067,31.34662],[45.79925,31.34662],[45.76231,31.34715],[45.7441,31.34715],[45.735,31.34769],[45.72804,31.34769],[45.72001,31.34769],[45.7184,31.34769],[45.72965,31.36107],[45.74089,31.37446],[45.76445,31.40016],[45.78373,31.41943],[45.80782,31.44299],[45.81585,31.45156],[45.82709,31.46173],[45.82977,31.46655],[45.82656,31.47672],[45.82495,31.48529],[45.82442,31.49868],[45.82549,31.50885],[45.82549,31.51634],[45.82549,31.52063],[45.81478,31.52331],[45.80407,31.52652],[45.7955,31.52866],[45.79015,31.53134],[45.78854,31.53455],[45.78694,31.54044],[45.78801,31.54901],[45.78908,31.55597],[45.78908,31.56293],[45.78908,31.56721],[45.79122,31.57149],[45.79604,31.57524],[45.79925,31.57899],[45.80835,31.57899],[45.81746,31.57899],[45.82442,31.57899],[45.83084,31.57363],[45.83459,31.57096],[45.83673,31.56935],[45.84048,31.56935],[45.84476,31.57042],[45.84369,31.57738],[45.84101,31.58702],[45.83834,31.59505],[45.8378,31.60041],[45.83673,31.60362],[45.8378,31.61058],[45.83994,31.61486],[45.84155,31.63039],[45.82977,31.63788],[45.81692,31.64484],[45.81371,31.64699],[45.80835,31.65288]]]},"properties":{"level":3,"name":"Markaz Al-Khidhir","name_ar":"مركز الخضر","pcode":"IQG03Q01N01","district":"Al-Khidhir","governorate":"Al-Muthanna","city":"Samawa"}},{"type":"Feature","geometry":{"type":"Polygon","coordinates":[[[46.99543,31.77376],[46.98963,31.77733],[46.97759,31.77911],[46.96643,31.77867],[46.95662,31.77331],[46.9477,31.76662],[46.93833,31.76038],[46.92762,31.75458],[46.91691,31.74922],[46.90308,31.74208],[46.89059,31.73673],[46.87944,31.73361],[46.86427,31.72825],[46.8549,31.73271],[46.8433,31.73896],[46.83214,31.74387],[46.82679,31.74565],[46.81965,31.74119],[46.81385,31.73271],[46.80671,31.72468],[46.80314,31.72067],[46.79021,31.72379],[46.7737,31.73138],[46.76031,31.73628],[46.74827,31.74119],[46.73622,31.74565],[46.72819,31.74922],[46.72685,31.76216],[46.72551,31.77376],[46.72373,31.78447],[46.7099,31.78357],[46.69071,31.78357],[46.67688,31.78268],[46.66261,31.78268],[46.64655,31.78179],[46.64699,31.76662],[46.64655,31.75502],[46.62959,31.75324],[46.62339,31.75356],[46.61264,31.75413],[46.59212,31.75368],[46.57293,31.75145],[46.55375,31.75145],[46.5417,31.75101],[46.5301,31.75056],[46.51359,31.75011],[46.49486,31.74922],[46.48058,31.74922],[46.46541,31.74878],[46.45247,31.74922],[46.44122,31.74837],[46.44197,31.73868],[46.44495,31.71855],[46.44719,31.71035],[46.45613,31.69171],[46.46284,31.6768],[46.47104,31.65816],[46.48744,31.64623],[46.49266,31.63803],[46.48595,31.61865],[46.49863,31.60448],[46.52248,31.57615],[46.53734,31.55613],[46.54326,31.55168],[46.55012,31.54575],[46.57367,31.52962],[46.58701,31.52183],[46.60092,31.51405],[46.60815,31.50923],[46.61427,31.50867],[46.62669,31.50848],[46.6545,31.50644],[46.65858,31.50626],[46.67582,31.50663],[46.69084,31.507],[46.70511,31.50719],[46.71216,31.51405],[46.71846,31.51942],[46.72328,31.51924],[46.72755,31.51905],[46.73478,31.51905],[46.74664,31.51794],[46.76741,31.51534],[46.7891,31.51312],[46.79021,31.51108],[46.79448,31.50682],[46.7993,31.50311],[46.8043,31.50125],[46.80931,31.49977],[46.81635,31.49736],[46.82414,31.49588],[46.82544,31.49977],[46.82748,31.50607],[46.831,31.51738],[46.83452,31.52832],[46.83712,31.53537],[46.84046,31.53648],[46.8488,31.53889],[46.86048,31.54056],[46.86808,31.54278],[46.88328,31.54686],[46.88328,31.56781],[46.87865,31.57133],[46.87272,31.57467],[46.86474,31.58079],[46.85788,31.58635],[46.85325,31.59136],[46.85788,31.59395],[46.86233,31.59599],[46.87309,31.59618],[46.8805,31.59525],[46.88977,31.59395],[46.89608,31.59377],[46.89886,31.59469],[46.90053,31.5971],[46.90349,31.59896],[46.90609,31.59803],[46.91017,31.59655],[46.91795,31.59599],[46.92314,31.59636],[46.92871,31.60155],[46.93482,31.60841],[46.93853,31.61286],[46.94576,31.6112],[46.95225,31.60934],[46.95819,31.60582],[46.96134,31.60619],[46.96653,31.60879],[46.97172,31.6099],[46.97747,31.6086],[46.98358,31.60545],[46.98637,31.60248],[46.98803,31.60007],[46.99156,31.59729],[46.99712,31.59469],[47.00861,31.59025],[47.01232,31.58783],[47.0186,31.57717],[47.0173,31.57532],[47.01697,31.56675],[47.01664,31.55489],[47.01697,31.53873],[47.01697,31.52423],[47.01894,31.51138],[47.02092,31.50215],[47.0229,31.4949],[47.02653,31.48831],[47.03293,31.48033],[47.03542,31.48571],[47.04323,31.50746],[47.05271,31.51973],[47.06275,31.53702],[47.06554,31.55041],[47.06832,31.57216],[47.06832,31.59279],[47.07,31.61398],[47.0633,31.63517],[47.07725,31.648],[47.06832,31.6625],[47.05717,31.66696],[47.06498,31.68202],[47.0778,31.69039],[47.09565,31.69373],[47.1029,31.70265],[47.1135,31.70712],[47.1213,31.70154],[47.13636,31.70823],[47.15203,31.71487],[47.14489,31.72691],[47.14043,31.7345],[47.12303,31.73807],[47.10296,31.74119],[47.08422,31.74342],[47.06771,31.7461],[47.04853,31.74788],[47.0396,31.74922],[47.0289,31.7461],[47.02086,31.74342],[47.01373,31.74342],[47.01105,31.75056],[47.0048,31.75948],[46.999,31.76751],[46.99543,31.77376]]]},"properties":{"level":3,"name":"Markaz Al-Maimouna","name_ar":"مركز الميمونة","pcode":"IQG14Q04N02","district":"Al-Maimouna","governorate":"Maysan","city":"Emarah"}},{"type":"Feature","geometry":{"type":"Polygon","coordinates":[[[47.33855,31.03066],[47.32713,31.03616],[47.31904,31.04493],[47.31156,31.04842],[47.30597,31.05076],[47.3022,31.05168],[47.29187,31.05052],[47.2788,31.047],[47.26127,31.04381],[47.24488,31.03862],[47.22813,31.0373],[47.21606,31.04127],[47.19253,31.04968],[47.18037,31.05311],[47.16791,31.05613],[47.16756,31.04896],[47.16278,31.03701],[47.15937,31.02643],[47.15699,31.018],[47.15561,31.01311],[47.15357,31.00833],[47.15357,31.0056],[47.15357,30.99979],[47.15322,30.99228],[47.15254,30.97111],[47.15254,30.96599],[47.15186,30.96087],[47.14981,30.95643],[47.14879,30.95097],[47.14537,30.94004],[47.13923,30.91922],[47.12967,30.8861],[47.12625,30.87483],[47.12338,30.8658],[47.11942,30.85332],[47.11225,30.82635],[47.11054,30.81849],[47.1102,30.8161],[47.10781,30.80552],[47.10508,30.79015],[47.09723,30.76455],[47.09689,30.7584],[47.09518,30.7526],[47.09074,30.74133],[47.08835,30.73313],[47.08733,30.72972],[47.08903,30.72084],[47.0904,30.70889],[47.09245,30.69933],[47.09657,30.70001],[47.1056,30.69834],[47.11464,30.697],[47.12501,30.69465],[47.13616,30.69265],[47.13806,30.69231],[47.14157,30.68902],[47.1419,30.69032],[47.1464,30.70788],[47.15135,30.72408],[47.15315,30.72903],[47.17521,30.72993],[47.19052,30.72993],[47.19592,30.73038],[47.19592,30.74434],[47.19457,30.76009],[47.19457,30.76775],[47.19142,30.77315],[47.18601,30.78665],[47.18241,30.80691],[47.18241,30.82672],[47.18241,30.84112],[47.18421,30.85102],[47.18826,30.86408],[47.18916,30.87218],[47.19232,30.88028],[47.20447,30.89109],[47.21122,30.89739],[47.24228,30.89514],[47.25759,30.89469],[47.25973,30.90016],[47.26074,30.90497],[47.26276,30.91535],[47.26302,30.92421],[47.26302,30.93029],[47.26302,30.93333],[47.2777,30.93282],[47.28403,30.93358],[47.28783,30.93358],[47.29619,30.93561],[47.30252,30.94371],[47.30682,30.94852],[47.31366,30.95131],[47.32657,30.95738],[47.32936,30.95865],[47.33543,30.95941],[47.33899,30.9603],[47.33899,30.97534],[47.33899,30.98872],[47.34033,31.00657],[47.34033,31.02397],[47.34029,31.02411],[47.33855,31.03066]]]},"properties":{"level":3,"name":"Markaz Al-Midaina","name_ar":"مركز المدينة","pcode":"IQG02Q04N02","district":"Al-Midaina","governorate":"Al-Basrah","city":"Basrah"}},{"type":"Feature","geometry":{"type":"Polygon","coordinates":[[[46.33761,31.17234],[46.3278,31.1768],[46.31665,31.17145],[46.30326,31.16208],[46.29166,31.15895],[46.2814,31.15717],[46.27515,31.16341],[46.26534,31.17011],[46.25374,31.17412],[46.23902,31.17278],[46.23366,31.16386],[46.22652,31.15226],[46.21983,31.14378],[46.20868,31.13174],[46.2002,31.13441],[46.19619,31.13665],[46.19172,31.1478],[46.1886,31.15806],[46.18369,31.16341],[46.17254,31.15181],[46.16272,31.13798],[46.16139,31.12817],[46.16266,31.11965],[46.16272,31.11925],[46.16591,31.1158],[46.16825,31.11085],[46.1706,31.10512],[46.17164,31.10069],[46.17268,31.096],[46.17528,31.08975],[46.17789,31.07465],[46.17893,31.06813],[46.18023,31.06006],[46.18023,31.05537],[46.17997,31.05303],[46.17554,31.05068],[46.16565,31.04677],[46.16304,31.04651],[46.15783,31.04651],[46.14872,31.04651],[46.14377,31.0473],[46.14325,31.04625],[46.14325,31.04261],[46.14377,31.03896],[46.14377,31.03609],[46.14507,31.03427],[46.14507,31.03219],[46.14481,31.03062],[46.13205,31.02646],[46.12788,31.02568],[46.12397,31.02437],[46.11381,31.02125],[46.11095,31.01708],[46.10756,31.01057],[46.1073,31.00718],[46.10391,31.00223],[46.10339,30.99911],[46.09923,30.9965],[46.09376,30.99207],[46.0836,30.98582],[46.06615,30.97749],[46.06042,30.97514],[46.05416,30.97306],[46.04765,30.96993],[46.04375,30.96993],[46.03984,30.96993],[46.03619,30.96811],[46.03723,30.96577],[46.04088,30.96186],[46.04244,30.96082],[46.04256,30.9595],[46.05367,30.95024],[46.06386,30.94005],[46.07775,30.92894],[46.09303,30.91783],[46.0935,30.91458],[46.09303,30.90486],[46.0935,30.89791],[46.0935,30.87383],[46.09303,30.82938],[46.09373,30.79514],[46.12586,30.79085],[46.15638,30.78818],[46.22491,30.78122],[46.22577,30.78117],[46.22646,30.78243],[46.23048,30.78971],[46.23475,30.79498],[46.23901,30.80201],[46.24328,30.80803],[46.24754,30.81481],[46.25256,30.82384],[46.25783,30.83137],[46.26361,30.84066],[46.26888,30.84869],[46.27339,30.85722],[46.27741,30.86425],[46.28142,30.86926],[46.28619,30.87704],[46.29071,30.88332],[46.29648,30.89336],[46.29949,30.89863],[46.30376,30.9049],[46.30878,30.91243],[46.3133,30.91921],[46.31756,30.92699],[46.31355,30.92924],[46.30677,30.92924],[46.3005,30.9305],[46.29372,30.932],[46.28393,30.93351],[46.2739,30.93451],[46.27339,30.94104],[46.27419,30.95974],[46.27653,30.96643],[46.27921,30.97412],[46.28322,30.98282],[46.28958,30.98851],[46.29928,30.99454],[46.30163,30.99822],[46.29828,31.00491],[46.29426,31.01127],[46.29728,31.01428],[46.30865,31.02164],[46.31233,31.0126],[46.31334,31.00892],[46.31568,31.00257],[46.31903,30.9942],[46.32237,30.98517],[46.32572,30.97714],[46.33141,30.97345],[46.3381,30.96676],[46.34144,30.96342],[46.34847,30.97078],[46.3555,30.9758],[46.36152,30.98249],[46.36052,30.98617],[46.35784,30.99253],[46.35449,31.00223],[46.35416,31.0116],[46.3565,31.02063],[46.36152,31.02632],[46.36955,31.03435],[46.36867,31.04213],[46.36457,31.05524],[46.36171,31.06016],[46.35761,31.06548],[46.35024,31.06998],[46.34409,31.07203],[46.34164,31.07367],[46.33836,31.07613],[46.33549,31.07941],[46.33345,31.08268],[46.33385,31.08964],[46.33836,31.09538],[46.34123,31.09988],[46.34246,31.10316],[46.34205,31.10562],[46.33836,31.10971],[46.33426,31.11381],[46.33426,31.11995],[46.33467,31.1347],[46.33754,31.14576],[46.33959,31.156],[46.34,31.16337],[46.34,31.16828],[46.33761,31.17234]]]},"properties":{"level":3,"name":"Markaz Al-Nasiriya","name_ar":"مركزالناصرية","pcode":"IQG17Q04N02","district":"Al-Nasiriya","governorate":"Thi Qar","city":"Nassriya"}},{"type":"Feature","geometry":{"type":"Polygon","coordinates":[[[47.53057,30.99893],[47.53286,31.00723],[47.53243,31.01529],[47.53201,31.02165],[47.53328,31.02801],[47.53286,31.03734],[47.52989,31.04328],[47.52268,31.06151],[47.52098,31.07212],[47.51589,31.07551],[47.50487,31.07381],[47.48536,31.07212],[47.46797,31.07],[47.45398,31.06872],[47.44761,31.0666],[47.44761,31.0577],[47.44634,31.05515],[47.44253,31.05261],[47.44168,31.05006],[47.44125,31.04497],[47.44295,31.04031],[47.44253,31.03861],[47.43532,31.03607],[47.43065,31.0348],[47.41793,31.0348],[47.41666,31.0331],[47.41962,31.03056],[47.42344,31.02632],[47.42768,31.0225],[47.42938,31.01826],[47.42683,31.01571],[47.41284,31.0119],[47.40181,31.01062],[47.39164,31.0102],[47.384,31.00723],[47.38188,31.00045],[47.384,30.99069],[47.38867,30.98221],[47.38994,30.96822],[47.38867,30.96102],[47.39788,30.95838],[47.4077,30.95437],[47.40413,30.94009],[47.40318,30.93602],[47.41628,30.93836],[47.43323,30.94213],[47.43888,30.93554],[47.44453,30.93036],[47.45112,30.92659],[47.45488,30.92471],[47.45818,30.93318],[47.45912,30.94731],[47.461,30.96614],[47.46147,30.9732],[47.46147,30.97461],[47.48172,30.97508],[47.48737,30.97367],[47.49772,30.97414],[47.49807,30.97416],[47.49536,30.97901],[47.49446,30.99016],[47.49714,30.99373],[47.51142,30.99551],[47.52391,30.99819],[47.53057,30.99893]]]},"properties":{"level":3,"name":"Markaz Al-Qurna","name_ar":"مركز القرنة","pcode":"IQG02Q05N03","district":"Al-Qurna","governorate":"Al-Basrah","city":"Basrah"}},{"type":"Feature","geometry":{"type":"Polygon","coordinates":[[[46.44122,31.74837],[46.44122,31.76328],[46.44569,31.77371],[46.44197,31.7849],[46.43749,31.79459],[46.42407,31.81024],[46.4032,31.83112],[46.38904,31.84678],[46.38233,31.85348],[46.38158,31.85796],[46.38158,31.86169],[46.38158,31.86392],[46.37934,31.86765],[46.36742,31.87958],[46.36145,31.88852],[46.34757,31.87718],[46.3396,31.87296],[46.33351,31.86967],[46.32835,31.86358],[46.32413,31.85983],[46.32273,31.85702],[46.3171,31.86264],[46.31194,31.8678],[46.30632,31.87249],[46.30538,31.87436],[46.29694,31.8753],[46.2796,31.87764],[46.26366,31.87905],[46.24022,31.87905],[46.2299,31.87671],[46.22053,31.87296],[46.21631,31.86639],[46.21162,31.86264],[46.20834,31.85965],[46.20095,31.85825],[46.19076,31.85543],[46.18337,31.85543],[46.17037,31.85684],[46.15665,31.85895],[46.15314,31.8593],[46.14505,31.85403],[46.13626,31.84594],[46.12536,31.82906],[46.11657,31.81816],[46.10883,31.80902],[46.10356,31.80375],[46.08633,31.79812],[46.07895,31.8034],[46.07297,31.80726],[46.06137,31.79883],[46.05258,31.79109],[46.04648,31.78569],[46.04027,31.78019],[46.03043,31.77316],[46.0241,31.76753],[46.02339,31.76472],[46.01285,31.76542],[46.00652,31.76472],[46.00124,31.76507],[45.99597,31.76507],[45.98648,31.7612],[45.97241,31.75663],[45.96538,31.75206],[45.95905,31.74784],[45.95061,31.74046],[45.94674,31.73765],[45.93585,31.72991],[45.92319,31.72077],[45.91299,31.71479],[45.90526,31.70952],[45.90068,31.70776],[45.89436,31.70354],[45.86271,31.6842],[45.84021,31.67084],[45.82614,31.6617],[45.81876,31.65748],[45.80835,31.65288],[45.81371,31.64699],[45.81692,31.64484],[45.82977,31.63788],[45.84155,31.63039],[45.83994,31.61486],[45.8378,31.61058],[45.83673,31.60362],[45.8378,31.60041],[45.83834,31.59505],[45.84101,31.58702],[45.84369,31.57738],[45.84476,31.57042],[45.87889,31.57063],[45.91791,31.5745],[45.9471,31.57661],[45.96257,31.57591],[45.97909,31.57556],[45.99913,31.5738],[46.0037,31.5745],[46.0139,31.58013],[46.03465,31.59243],[46.05785,31.60439],[46.07508,31.61142],[46.09301,31.6188],[46.1011,31.62162],[46.10813,31.62478],[46.12712,31.61634],[46.14048,31.60966],[46.14224,31.60755],[46.1461,31.60826],[46.15665,31.61283],[46.16087,31.61775],[46.1672,31.62443],[46.17986,31.61599],[46.19041,31.61107],[46.20095,31.6065],[46.2115,31.60369],[46.21713,31.60439],[46.22346,31.60439],[46.22908,31.60298],[46.23576,31.59841],[46.24561,31.58681],[46.26073,31.57239],[46.27725,31.56009],[46.28077,31.55763],[46.28476,31.55396],[46.29828,31.55937],[46.31315,31.56294],[46.31969,31.56235],[46.32564,31.55223],[46.33278,31.55759],[46.34111,31.56829],[46.35777,31.57008],[46.3774,31.57067],[46.39108,31.57067],[46.40476,31.57067],[46.41487,31.56889],[46.42439,31.56592],[46.42023,31.58079],[46.41368,31.59804],[46.41011,31.61113],[46.41904,31.626],[46.43034,31.64622],[46.44224,31.66526],[46.44878,31.67716],[46.45613,31.69171],[46.44719,31.71035],[46.44495,31.71855],[46.44197,31.73868],[46.44122,31.74837]]]},"properties":{"level":3,"name":"Markaz Al-Rifai","name_ar":"مركز الرفاعي","pcode":"IQG17Q02N03","district":"Al-Rifai","governorate":"Thi Qar","city":"Nassriya"}},{"type":"Feature","geometry":{"type":"Polygon","coordinates":[[[45.24952,31.53621],[45.24522,31.53621],[45.23728,31.5355],[45.23631,31.53548],[45.22775,31.53532],[45.22245,31.53479],[45.21804,31.53479],[45.21115,31.53462],[45.20162,31.53426],[45.19509,31.53497],[45.19156,31.53515],[45.18891,31.53603],[45.17563,31.54563],[45.16768,31.55291],[45.15828,31.56204],[45.15669,31.56297],[45.14478,31.57678],[45.13701,31.58784],[45.13183,31.59302],[45.12877,31.59561],[45.12465,31.59995],[45.12396,31.59753],[45.12074,31.58909],[45.11673,31.57865],[45.11352,31.57183],[45.11151,31.5642],[45.10789,31.55255],[45.10669,31.54372],[45.10508,31.53408],[45.10468,31.53167],[45.08942,31.52966],[45.07296,31.52645],[45.08592,31.51644],[45.09982,31.50254],[45.1124,31.49195],[45.12696,31.49923],[45.13689,31.50188],[45.14881,31.50188],[45.16271,31.49394],[45.17462,31.48599],[45.18057,31.47839],[45.18173,31.47839],[45.18456,31.47839],[45.1862,31.47839],[45.1935,31.4798],[45.21939,31.48263],[45.22669,31.48428],[45.23963,31.48734],[45.24434,31.48945],[45.25187,31.49157],[45.25682,31.49346],[45.26058,31.49416],[45.26341,31.49416],[45.26317,31.49816],[45.26482,31.50687],[45.26623,31.51252],[45.26623,31.51676],[45.26105,31.52358],[45.25352,31.53088],[45.24952,31.53621]]]},"properties":{"level":3,"name":"Markaz Al-Rumaitha","name_ar":"مركز الرميثة","pcode":"IQG03Q02N05","district":"Al-Rumaitha","governorate":"Al-Muthanna","city":"Samawa"}},{"type":"Feature","geometry":{"type":"Polygon","coordinates":[[[44.99586,31.31643],[44.98903,31.28953],[44.97698,31.28953],[44.96454,31.28953],[44.94928,31.28913],[44.93402,31.30037],[44.91876,31.31001],[44.89306,31.32928],[44.86455,31.34976],[44.82921,31.37667],[44.81355,31.38912],[44.79146,31.40518],[44.7746,31.41803],[44.77018,31.42245],[44.76215,31.42285],[44.75171,31.42606],[44.74333,31.42697],[44.73781,31.41318],[44.72875,31.38874],[44.70274,31.32254],[44.67712,31.25358],[44.66767,31.23072],[44.65269,31.19053],[44.63772,31.15191],[44.62274,31.11487],[44.61171,31.08532],[44.58767,31.02542],[44.58531,31.02108],[44.58334,30.99389],[44.58058,30.96237],[44.55496,30.92848],[44.55378,30.90799],[44.54235,30.89853],[44.53762,30.89459],[44.52462,30.89065],[44.52029,30.88868],[44.50846,30.87961],[44.50374,30.87646],[44.49704,30.86819],[44.48009,30.84375],[44.47457,30.83627],[44.47497,30.8276],[44.46945,30.81696],[44.46748,30.81184],[44.46236,30.80908],[44.45211,30.8012],[44.44699,30.79607],[44.4395,30.79568],[44.42768,30.79253],[44.41231,30.78977],[44.40483,30.78859],[44.40207,30.7878],[44.39182,30.78149],[44.37961,30.7744],[44.37133,30.77006],[44.36424,30.76534],[44.35517,30.75706],[44.34414,30.74681],[44.33035,30.7346],[44.31734,30.72396],[44.30946,30.71765],[44.30355,30.71214],[44.29843,30.70938],[44.28779,30.69362],[44.27439,30.67234],[44.26769,30.66209],[44.25508,30.64278],[44.24602,30.62938],[44.24011,30.61638],[44.22592,30.58131],[44.19124,30.49934],[44.1743,30.45797],[44.16326,30.42841],[44.15223,30.39886],[44.1412,30.36694],[44.13135,30.33975],[44.12465,30.32241],[44.12228,30.31492],[44.12031,30.31059],[44.11401,30.3027],[44.11046,30.28891],[44.10494,30.26803],[44.09627,30.2369],[44.08918,30.21483],[44.08682,30.20458],[44.08091,30.19237],[44.07696,30.18055],[44.07381,30.17385],[44.07184,30.16754],[44.06711,30.16005],[44.05884,30.14587],[44.04977,30.13168],[44.03874,30.1175],[44.02849,30.1041],[44.0147,30.08715],[44.00682,30.07691],[44.00012,30.06903],[43.99697,30.06351],[43.98594,30.05011],[43.97727,30.03474],[43.96781,30.0174],[43.96111,30.00716],[43.9548,29.99415],[43.95008,29.98667],[43.94692,29.98076],[43.93983,29.9709],[43.92367,29.9512],[43.91264,29.93623],[43.90121,29.92283],[43.8886,29.90549],[43.87875,29.8917],[43.87323,29.88303],[43.86811,29.87672],[43.86023,29.8649],[43.85195,29.85308],[43.84801,29.84874],[43.85827,29.83895],[43.87112,29.82779],[43.89513,29.81159],[43.93756,29.78144],[43.97609,29.75297],[44.00177,29.73398],[44.02969,29.71221],[44.05314,29.69434],[44.07157,29.6815],[44.09774,29.66086],[44.1006,29.6586],[44.14025,29.63068],[44.16817,29.61058],[44.20446,29.5849],[44.23517,29.56424],[44.27593,29.53576],[44.30106,29.51622],[44.33735,29.48886],[44.36527,29.46876],[44.41217,29.43302],[44.4641,29.3917],[44.51994,29.34927],[44.56237,29.31688],[44.63943,29.26272],[44.70866,29.2147],[44.72095,29.20521],[44.74161,29.20409],[44.74775,29.20409],[44.78125,29.19963],[44.83485,29.19293],[44.9281,29.18232],[45.00181,29.17562],[45.05262,29.17115],[45.09896,29.1678],[45.15033,29.16445],[45.21454,29.15942],[45.29774,29.15328],[45.32631,29.1509],[45.35134,29.14881],[45.37703,29.14658],[45.42449,29.14379],[45.52499,29.13597],[45.57357,29.13262],[45.57964,29.1322],[45.65454,29.12704],[45.68636,29.12425],[45.75448,29.11922],[45.81088,29.11475],[45.86504,29.11085],[45.93595,29.10582],[45.97839,29.10247],[46.01021,29.10024],[46.02529,29.09968],[46.0426,29.098],[46.07722,29.09521],[46.14199,29.09074],[46.19447,29.08684],[46.23691,29.08349],[46.27767,29.08069],[46.33239,29.07623],[46.38209,29.07288],[46.41615,29.07009],[46.43122,29.06953],[46.44518,29.07288],[46.47924,29.08237],[46.51163,29.09019],[46.53731,29.09912],[46.54736,29.10135],[46.5563,29.10415],[46.55901,29.11446],[46.56115,29.12731],[46.56222,29.14123],[46.56383,29.15729],[46.56918,29.21191],[46.56972,29.22529],[46.57132,29.23975],[46.57507,29.26813],[46.57507,29.28205],[46.57989,29.31845],[46.5831,29.35647],[46.58899,29.42286],[46.59328,29.47212],[46.59649,29.50371],[46.60077,29.54547],[46.60773,29.62097],[46.61523,29.67826],[46.62112,29.72912],[46.62272,29.74625],[46.62594,29.79337],[46.63022,29.84316],[46.63343,29.88386],[46.63504,29.90634],[46.64307,29.99362],[46.64468,30.007],[46.64414,30.01557],[46.63932,30.0418],[46.6329,30.07018],[46.62326,30.11623],[46.61684,30.14728],[46.61095,30.17726],[46.60506,30.20404],[46.60024,30.22652],[46.60024,30.2292],[46.59328,30.26454],[46.5831,30.32022],[46.57668,30.35074],[46.574,30.36413],[46.57347,30.37002],[46.56918,30.38822],[46.5649,30.41124],[46.55847,30.4348],[46.55473,30.4514],[46.55098,30.47549],[46.54509,30.50012],[46.54081,30.52207],[46.53706,30.54349],[46.53331,30.56062],[46.53277,30.56598],[46.5317,30.57294],[46.52421,30.57347],[46.52153,30.57401],[46.51457,30.58258],[46.49851,30.60613],[46.4803,30.6313],[46.45728,30.66235],[46.4439,30.68216],[46.43426,30.69769],[46.41873,30.71911],[46.41338,30.72875],[46.4032,30.7432],[46.39517,30.75605],[46.38768,30.7673],[46.38393,30.77158],[46.37268,30.77211],[46.35555,30.77318],[46.33092,30.77479],[46.31861,30.77533],[46.29612,30.77693],[46.2731,30.77747],[46.24579,30.78015],[46.22577,30.78117],[46.22491,30.78122],[46.15638,30.78818],[46.12586,30.79085],[46.09373,30.79514],[46.07713,30.79728],[46.06375,30.79942],[46.0268,30.80424],[45.9995,30.80852],[45.96416,30.81441],[45.95131,30.81709],[45.93685,30.8187],[45.91919,30.82137],[45.89456,30.82458],[45.88171,30.82619],[45.86779,30.8278],[45.85333,30.8294],[45.83994,30.83101],[45.82174,30.83369],[45.81317,30.83529],[45.80675,30.83636],[45.78426,30.84065],[45.75428,30.84707],[45.72858,30.85296],[45.7168,30.8551],[45.69217,30.86099],[45.6745,30.86421],[45.66968,30.86474],[45.63899,30.86695],[45.58014,30.8952],[45.52719,30.92344],[45.47776,30.95286],[45.43775,30.9811],[45.40362,31.01052],[45.39379,31.01862],[45.38362,31.027],[45.34714,31.05171],[45.31065,31.07407],[45.30132,31.08038],[45.27064,31.10114],[45.23769,31.1235],[45.20827,31.14233],[45.18591,31.1588],[45.16002,31.18822],[45.13531,31.21058],[45.11177,31.23412],[45.08588,31.25177],[45.08516,31.25224],[45.05882,31.26942],[45.03057,31.29296],[44.99586,31.31643]]]},"properties":{"level":3,"name":"Markaz Al-Salman","name_ar":"مركز السلمان","pcode":"IQG03Q03N01","district":"Al-Salman","governorate":"Al-Muthanna","city":"Samawa"}},{"type":"Feature","geometry":{"type":"Polygon","coordinates":[[[46.27189,31.54928],[46.26854,31.54807],[46.25842,31.54985],[46.24236,31.55461],[46.22927,31.5564],[46.22511,31.55342],[46.22154,31.54093],[46.21381,31.53022],[46.21143,31.51297],[46.20191,31.51535],[46.19299,31.51654],[46.1799,31.51357],[46.17633,31.50881],[46.16919,31.49751],[46.16919,31.48858],[46.17098,31.47312],[46.16443,31.47074],[46.15328,31.46914],[46.15207,31.46858],[46.15017,31.46769],[46.1476,31.46956],[46.14666,31.47424],[46.14479,31.48056],[46.14128,31.48478],[46.13648,31.48858],[46.13112,31.49334],[46.11744,31.4981],[46.10435,31.49632],[46.09246,31.49156],[46.0871,31.48501],[46.07996,31.4749],[46.07877,31.46122],[46.08115,31.45289],[46.08697,31.4438],[46.09067,31.43802],[46.10376,31.42553],[46.09424,31.41601],[46.08948,31.4053],[46.0871,31.39221],[46.0877,31.37496],[46.09067,31.35533],[46.08948,31.34522],[46.08115,31.33273],[46.07283,31.31429],[46.07936,31.31198],[46.08311,31.31157],[46.11535,31.31097],[46.12841,31.31097],[46.13948,31.31275],[46.15016,31.31394],[46.15372,31.31453],[46.16341,31.31809],[46.17291,31.32363],[46.17983,31.32937],[46.18398,31.33708],[46.18438,31.34242],[46.18438,31.34638],[46.18319,31.34875],[46.18101,31.35824],[46.18042,31.36101],[46.17805,31.36694],[46.17686,31.3713],[46.17923,31.37525],[46.18126,31.37651],[46.18883,31.37755],[46.19179,31.37859],[46.19446,31.37844],[46.19832,31.37755],[46.20351,31.3774],[46.20989,31.37636],[46.21523,31.37636],[46.21775,31.37325],[46.22027,31.37013],[46.2225,31.36865],[46.22547,31.3688],[46.22992,31.3688],[46.23377,31.36939],[46.23763,31.37086],[46.23911,31.37145],[46.24282,31.37145],[46.24564,31.37116],[46.24994,31.3719],[46.25765,31.37249],[46.2621,31.37323],[46.26374,31.37323],[46.26566,31.37323],[46.26759,31.37323],[46.26878,31.37338],[46.27011,31.37353],[46.27249,31.37353],[46.27486,31.37264],[46.27709,31.3716],[46.28005,31.37071],[46.28228,31.36952],[46.28332,31.36938],[46.28539,31.37012],[46.29281,31.37368],[46.29741,31.37501],[46.30141,31.37427],[46.30586,31.37279],[46.31343,31.36834],[46.31936,31.36582],[46.32515,31.36329],[46.32811,31.36122],[46.33078,31.35914],[46.33449,31.35617],[46.33805,31.35336],[46.34473,31.34713],[46.34814,31.34416],[46.35303,31.33971],[46.35763,31.33467],[46.35807,31.33941],[46.35971,31.34742],[46.36149,31.35083],[46.3695,31.36656],[46.37231,31.37219],[46.3778,31.38154],[46.37988,31.38495],[46.38359,31.39177],[46.38388,31.39311],[46.3824,31.40067],[46.37825,31.40898],[46.37439,31.41121],[46.36712,31.41818],[46.36015,31.42233],[46.35184,31.43004],[46.34354,31.43464],[46.3385,31.43657],[46.33078,31.43791],[46.3293,31.43761],[46.32129,31.43182],[46.31358,31.42648],[46.30512,31.4247],[46.28806,31.41566],[46.28539,31.41358],[46.27976,31.41388],[46.27753,31.4164],[46.27872,31.42203],[46.2805,31.42678],[46.28124,31.43108],[46.28035,31.4382],[46.27723,31.44414],[46.27397,31.44962],[46.27175,31.45111],[46.26552,31.45259],[46.25632,31.45511],[46.25053,31.45541],[46.24801,31.45422],[46.24074,31.44859],[46.23615,31.44562],[46.23318,31.44681],[46.23081,31.44992],[46.23051,31.45407],[46.23051,31.45882],[46.23437,31.46297],[46.24193,31.46742],[46.24623,31.46846],[46.25299,31.47394],[46.26952,31.4859],[46.27725,31.49398],[46.28534,31.50172],[46.29589,31.51016],[46.30222,31.51578],[46.30222,31.51719],[46.29765,31.52317],[46.28639,31.53407],[46.27198,31.54919],[46.27189,31.54928]]]},"properties":{"level":3,"name":"Markaz Al-Shatra","name_ar":"مركز الشطرة","pcode":"IQG17Q03N01","district":"Al-Shatra","governorate":"Thi Qar","city":"Nassriya"}},{"type":"Feature","geometry":{"type":"Polygon","coordinates":[[[47.64533,30.46879],[47.63128,30.46946],[47.6189,30.4698],[47.60317,30.46946],[47.59045,30.4698],[47.57406,30.46913],[47.56502,30.46913],[47.55632,30.46879],[47.54562,30.46745],[47.53524,30.46712],[47.52587,30.46545],[47.52192,30.46528],[47.51784,30.46511],[47.5078,30.46411],[47.4981,30.46377],[47.49509,30.46277],[47.49208,30.46344],[47.48706,30.47046],[47.48037,30.47816],[47.47367,30.48519],[47.46598,30.49322],[47.45895,30.50058],[47.45092,30.50794],[47.44389,30.5153],[47.43687,30.52166],[47.4275,30.53103],[47.41947,30.53939],[47.41177,30.54709],[47.40541,30.55278],[47.39738,30.55746],[47.39223,30.56084],[47.38768,30.56382],[47.37697,30.57085],[47.36861,30.57419],[47.36124,30.57854],[47.35355,30.58256],[47.3443,30.58578],[47.33979,30.58904],[47.33025,30.58929],[47.32197,30.59055],[47.30871,30.59092],[47.29499,30.59159],[47.28261,30.5926],[47.2709,30.59193],[47.26053,30.59327],[47.24781,30.5936],[47.23878,30.60331],[47.23108,30.60966],[47.22104,30.6187],[47.21234,30.62506],[47.20264,30.63509],[47.19093,30.6448],[47.17922,30.65484],[47.17119,30.66354],[47.16449,30.66922],[47.15613,30.67759],[47.14743,30.68361],[47.14341,30.68729],[47.14157,30.68902],[47.13806,30.69231],[47.13616,30.69265],[47.12501,30.69465],[47.11464,30.697],[47.1056,30.69834],[47.09657,30.70001],[47.09245,30.69933],[47.09245,30.69114],[47.09416,30.68124],[47.12036,30.65734],[47.13071,30.64564],[47.16627,30.61233],[47.22254,30.55831],[47.2554,30.5268],[47.28961,30.49529],[47.31077,30.47323],[47.32293,30.46243],[47.34363,30.44127],[47.36524,30.41966],[47.39405,30.39401],[47.41701,30.3724],[47.42871,30.35844],[47.44852,30.33819],[47.45572,30.32918],[47.46112,30.32693],[47.47913,30.32423],[47.49308,30.32018],[47.52819,30.30218],[47.55205,30.28957],[47.57636,30.27472],[47.58446,30.27157],[47.58941,30.25941],[47.59617,30.25086],[47.61642,30.25221],[47.63533,30.25401],[47.63848,30.25401],[47.66684,30.24231],[47.71636,30.2207],[47.75642,30.20539],[47.78478,30.19549],[47.79063,30.19324],[47.7889,30.23548],[47.7873,30.27233],[47.78677,30.30011],[47.80707,30.3114],[47.80527,30.31397],[47.80356,30.31642],[47.79929,30.32294],[47.79478,30.32972],[47.78951,30.33825],[47.77947,30.3518],[47.77219,30.36184],[47.76667,30.36937],[47.76215,30.38016],[47.75538,30.39472],[47.75136,30.40601],[47.74504,30.42161],[47.73199,30.42697],[47.72162,30.43165],[47.70958,30.43633],[47.69686,30.44135],[47.68649,30.44704],[47.67411,30.45373],[47.6644,30.45842],[47.65604,30.4631],[47.64533,30.46879]]]},"properties":{"level":3,"name":"Markaz Al-Zubair","name_ar":"مركز الزبير","pcode":"IQG02Q06N01","district":"Al-Zubair","governorate":"Al-Basrah","city":"Basrah"}},{"type":"Feature","geometry":{"type":"Polygon","coordinates":[[[47.11828,32.47148],[47.11722,32.47188],[47.11122,32.47338],[47.10421,32.47638],[47.0947,32.48539],[47.07919,32.49891],[47.07118,32.50591],[47.06367,32.51442],[47.05767,32.52093],[47.04465,32.52943],[47.04015,32.53244],[47.02964,32.54245],[47.01863,32.55145],[47.00912,32.55896],[47.00491,32.56374],[46.99549,32.55385],[46.9889,32.54946],[46.98714,32.54726],[46.9823,32.54902],[46.97703,32.55034],[46.97483,32.55078],[46.97176,32.55165],[46.97176,32.54374],[46.97088,32.53495],[46.9678,32.53012],[46.9656,32.5266],[46.95945,32.52397],[46.96297,32.52001],[46.96429,32.5143],[46.96604,32.51034],[46.96253,32.50947],[46.9533,32.50639],[46.95418,32.50112],[46.95462,32.48749],[46.95066,32.47826],[46.94583,32.46684],[46.94099,32.45717],[46.93352,32.44267],[46.92034,32.42025],[46.89837,32.38114],[46.88079,32.34862],[46.85793,32.31083],[46.8241,32.25457],[46.79597,32.20843],[46.76609,32.16756],[46.76521,32.18118],[46.76477,32.18821],[46.76828,32.19085],[46.77224,32.19349],[46.77751,32.19876],[46.77927,32.20448],[46.78147,32.20755],[46.78103,32.21063],[46.78103,32.2137],[46.78366,32.21854],[46.78718,32.22557],[46.78806,32.22952],[46.7907,32.23963],[46.79201,32.24798],[46.78982,32.25589],[46.78762,32.26205],[46.77971,32.26336],[46.76345,32.26468],[46.74455,32.26512],[46.72961,32.26468],[46.71818,32.26644],[46.71379,32.26205],[46.70939,32.25282],[46.70764,32.24798],[46.70236,32.24666],[46.69577,32.24842],[46.69006,32.25238],[46.68566,32.25545],[46.67775,32.25809],[46.65886,32.26117],[46.64699,32.26424],[46.64128,32.26468],[46.63117,32.26776],[46.63117,32.25809],[46.63205,32.24403],[46.63161,32.2304],[46.63073,32.21678],[46.63732,32.21634],[46.64743,32.21458],[46.65314,32.21195],[46.66017,32.2014],[46.65754,32.19525],[46.65622,32.18778],[46.65402,32.17987],[46.66061,32.17239],[46.66721,32.16185],[46.6738,32.15569],[46.68083,32.15042],[46.68654,32.14559],[46.68962,32.14427],[46.69533,32.14691],[46.7028,32.14954],[46.70852,32.15174],[46.71555,32.14471],[46.71643,32.14119],[46.71599,32.12449],[46.71731,32.11307],[46.71994,32.10603],[46.72346,32.09988],[46.73269,32.09417],[46.75422,32.08055],[46.76213,32.07483],[46.77883,32.0656],[46.78279,32.06165],[46.7859,32.05938],[46.79065,32.06226],[46.81742,32.06301],[46.84865,32.06003],[46.8665,32.07119],[46.88657,32.07565],[46.91409,32.07788],[46.92227,32.09424],[46.93342,32.11655],[46.94457,32.13811],[46.96093,32.16488],[46.97209,32.1909],[46.98547,32.21396],[47.00109,32.24444],[47.01373,32.27047],[47.03232,32.3069],[47.05314,32.34557],[47.07024,32.38052],[47.08808,32.41175],[47.10593,32.44595],[47.11828,32.47148]]]},"properties":{"level":3,"name":"Markaz Ali Al-Gharbi","name_ar":"مركز علي الغربي","pcode":"IQG14Q02N01","district":"Ali Al-Gharbi","governorate":"Maysan","city":"Emarah"}},{"type":"Feature","geometry":{"type":"Polygon","coordinates":[[[47.42288,31.57346],[47.41846,31.57403],[47.41107,31.57384],[47.39671,31.57347],[47.38221,31.5718],[47.36939,31.56622],[47.36046,31.56009],[47.34764,31.55395],[47.327,31.56455],[47.31417,31.55172],[47.30246,31.54113],[47.29019,31.52886],[47.27737,31.54503],[47.26566,31.56064],[47.26287,31.56455],[47.24725,31.56734],[47.23108,31.56232],[47.22718,31.54726],[47.21993,31.53499],[47.20821,31.51938],[47.21658,31.52161],[47.21881,31.51157],[47.21825,31.50543],[47.21212,31.49595],[47.21658,31.48368],[47.2216,31.47365],[47.2255,31.44353],[47.22662,31.42736],[47.22829,31.40282],[47.22749,31.38555],[47.23378,31.38532],[47.24379,31.38623],[47.2538,31.38714],[47.27656,31.38896],[47.27808,31.39503],[47.27929,31.40292],[47.28172,31.41323],[47.28809,31.42021],[47.29416,31.42931],[47.2978,31.43538],[47.29901,31.43842],[47.2978,31.44479],[47.29446,31.44964],[47.29082,31.4545],[47.28536,31.45814],[47.28172,31.46117],[47.27626,31.46421],[47.2711,31.46754],[47.26533,31.4724],[47.26746,31.47422],[47.27079,31.47847],[47.27383,31.4818],[47.27565,31.48636],[47.28414,31.48878],[47.29598,31.49273],[47.30811,31.49424],[47.31115,31.48909],[47.31843,31.48332],[47.3248,31.48029],[47.33481,31.47756],[47.34665,31.46997],[47.36242,31.45844],[47.36728,31.45419],[47.37395,31.44813],[47.38488,31.4372],[47.39246,31.42658],[47.39428,31.42385],[47.40156,31.41263],[47.40611,31.41354],[47.41613,31.41779],[47.42857,31.42203],[47.44647,31.4278],[47.44434,31.43872],[47.43797,31.46754],[47.43645,31.48545],[47.43494,31.49515],[47.43251,31.50911],[47.44374,31.50972],[47.45071,31.51032],[47.46224,31.51123],[47.45223,31.52944],[47.44495,31.52944],[47.42917,31.52944],[47.42796,31.54491],[47.42462,31.5613],[47.42288,31.57346]]]},"properties":{"level":3,"name":"Markaz Qalat Saleh","name_ar":"مركز قلعة صالح","pcode":"IQG14Q06N01","district":"Qalat Saleh","governorate":"Maysan","city":"Emarah"}},{"type":"Feature","geometry":{"type":"Polygon","coordinates":[[[48.03418,30.54993],[48.03418,30.56138],[48.0336,30.63931],[48.03418,30.65764],[48.03246,30.70291],[48.03303,30.76193],[48.03246,30.83985],[48.03188,30.86105],[48.03131,30.89944],[48.03131,30.93611],[48.03058,30.97197],[48.03008,30.98198],[48.03008,30.99399],[48.02258,30.99399],[48.00756,30.99349],[47.98704,30.99349],[47.95952,30.99449],[47.89896,30.99349],[47.88695,30.99299],[47.86343,30.99349],[47.83361,30.99349],[47.82596,30.98432],[47.8057,30.95686],[47.78229,30.92535],[47.76339,30.90105],[47.74268,30.87404],[47.72332,30.85018],[47.71072,30.83442],[47.69766,30.81777],[47.69046,30.80877],[47.67651,30.79301],[47.6657,30.77771],[47.6585,30.77005],[47.6522,30.7651],[47.65152,30.76457],[47.66018,30.7624],[47.67267,30.75943],[47.69051,30.75586],[47.70241,30.75289],[47.70836,30.75051],[47.73632,30.74158],[47.74822,30.73088],[47.75357,30.71482],[47.75892,30.6934],[47.76249,30.67258],[47.76368,30.65116],[47.76368,30.63094],[47.76666,30.6119],[47.76487,30.59108],[47.78331,30.57383],[47.79342,30.56669],[47.80339,30.55973],[47.8143,30.55256],[47.82894,30.54103],[47.83798,30.53013],[47.84261,30.52292],[47.84621,30.52472],[47.85116,30.52697],[47.85747,30.53012],[47.86287,30.53327],[47.87097,30.53508],[47.87682,30.53553],[47.88673,30.53688],[47.90788,30.54183],[47.91283,30.54498],[47.92409,30.54903],[47.94344,30.55128],[47.95335,30.55083],[47.97766,30.54813],[47.99926,30.54678],[48.01457,30.54768],[48.02627,30.54903],[48.03418,30.54993]]]},"properties":{"level":3,"name":"Markaz Shat Al-Arab","name_ar":"مركز شط العرب","pcode":"IQG02Q07N02","district":"Shat Al-Arab","governorate":"Al-Basrah","city":"Basrah"}},{"type":"Feature","geometry":{"type":"Polygon","coordinates":[[[48.03418,30.54993],[48.02627,30.54903],[48.01457,30.54768],[47.99926,30.54678],[47.97766,30.54813],[47.95335,30.55083],[47.94344,30.55128],[47.92409,30.54903],[47.91283,30.54498],[47.90788,30.54183],[47.88673,30.53688],[47.87682,30.53553],[47.87097,30.53508],[47.86287,30.53327],[47.85747,30.53012],[47.85116,30.52697],[47.84621,30.52472],[47.84261,30.52292],[47.84701,30.51579],[47.85231,30.50551],[47.85206,30.50105],[47.86143,30.49436],[47.87688,30.48627],[47.88023,30.48293],[47.89662,30.47891],[47.91022,30.47452],[47.91749,30.47402],[47.92753,30.47352],[47.93657,30.47201],[47.94836,30.47176],[47.96041,30.47101],[47.96593,30.46925],[47.97597,30.46925],[48.00691,30.46604],[48.03098,30.46133],[48.03348,30.4608],[48.05558,30.4561],[48.0807,30.45191],[48.11541,30.44511],[48.12727,30.44214],[48.14695,30.43911],[48.13617,30.44449],[48.12356,30.44851],[48.11038,30.45137],[48.09835,30.45252],[48.09262,30.45194],[48.08976,30.45309],[48.08632,30.4571],[48.08288,30.45767],[48.07371,30.45882],[48.0571,30.46799],[48.04163,30.47544],[48.03532,30.48575],[48.03418,30.50408],[48.03418,30.54993]]]},"properties":{"level":3,"name":"Outba","name_ar":"عتبة","pcode":"IQG02Q07N03","district":"Shat Al-Arab","governorate":"Al-Basrah","city":"Basrah"}},{"type":"Feature","geometry":{"type":"Polygon","coordinates":[[[46.33193,32.01409],[46.3276,32.01409],[46.31749,32.01409],[46.30202,32.01171],[46.29251,32.00993],[46.2812,32.00755],[46.27228,32.00517],[46.26931,32.00458],[46.26455,32.00815],[46.2586,32.01112],[46.24968,32.01231],[46.23956,32.01231],[46.23183,32.01231],[46.22648,32.01112],[46.21934,32.00636],[46.20863,31.99922],[46.20328,31.99803],[46.2009,31.99625],[46.19833,31.99715],[46.19078,31.99982],[46.18543,32.0016],[46.16461,32.0022],[46.15271,32.0022],[46.14617,32.0022],[46.13963,32.0022],[46.13665,32.0022],[46.1313,32.00101],[46.12654,32.00041],[46.11226,31.99744],[46.10274,31.99565],[46.09739,31.99506],[46.09382,31.99506],[46.09025,31.99684],[46.08728,31.99863],[46.08728,32.00577],[46.08728,32.01112],[46.08311,32.0135],[46.07895,32.01409],[46.07181,32.01588],[46.06824,32.01707],[46.06527,32.01647],[46.0611,32.01409],[46.05337,32.00636],[46.04921,32.00339],[46.04623,31.99922],[46.04385,31.9897],[46.04207,31.98376],[46.03671,31.98019],[46.03957,31.97141],[46.04191,31.96344],[46.04519,31.95125],[46.04848,31.93906],[46.05129,31.92968],[46.05457,31.91702],[46.05457,31.91374],[46.05176,31.90952],[46.04894,31.90624],[46.04473,31.90249],[46.03113,31.89546],[46.01847,31.88983],[46.00394,31.88608],[46.00441,31.88421],[46.00488,31.88093],[46.00816,31.87764],[46.01378,31.87342],[46.01425,31.87108],[46.0166,31.86358],[46.01988,31.85514],[46.01988,31.84295],[46.01941,31.83826],[46.01378,31.83358],[46.00556,31.8286],[45.99597,31.82279],[45.98003,31.81436],[45.95425,31.79888],[45.93268,31.78716],[45.9158,31.77873],[45.91158,31.78201],[45.90361,31.79279],[45.88721,31.8106],[45.86564,31.81107],[45.86517,31.80451],[45.86283,31.79513],[45.86002,31.78295],[45.85814,31.77873],[45.85486,31.77919],[45.83564,31.78716],[45.82532,31.78763],[45.80704,31.7881],[45.78271,31.78917],[45.78471,31.77915],[45.78672,31.77113],[45.78822,31.76461],[45.78872,31.75007],[45.78972,31.73704],[45.80326,31.70195],[45.80376,31.6849],[45.80376,31.66485],[45.80407,31.65823],[45.80835,31.65288],[45.81876,31.65748],[45.82614,31.6617],[45.84021,31.67084],[45.86271,31.6842],[45.89436,31.70354],[45.90068,31.70776],[45.90526,31.70952],[45.91299,31.71479],[45.92319,31.72077],[45.93585,31.72991],[45.94674,31.73765],[45.95061,31.74046],[45.95905,31.74784],[45.96538,31.75206],[45.97241,31.75663],[45.98648,31.7612],[45.99597,31.76507],[46.00124,31.76507],[46.00652,31.76472],[46.01285,31.76542],[46.02339,31.76472],[46.0241,31.76753],[46.03043,31.77316],[46.04027,31.78019],[46.04648,31.78569],[46.05258,31.79109],[46.06137,31.79883],[46.07297,31.80726],[46.07895,31.8034],[46.08633,31.79812],[46.10356,31.80375],[46.10883,31.80902],[46.11657,31.81816],[46.12536,31.82906],[46.13626,31.84594],[46.14505,31.85403],[46.15314,31.8593],[46.15665,31.85895],[46.17037,31.85684],[46.18337,31.85543],[46.19076,31.85543],[46.20095,31.85825],[46.20834,31.85965],[46.21162,31.86264],[46.21631,31.86639],[46.22053,31.87296],[46.2299,31.87671],[46.24022,31.87905],[46.26366,31.87905],[46.2796,31.87764],[46.29694,31.8753],[46.30538,31.87436],[46.30632,31.87249],[46.31194,31.8678],[46.3171,31.86264],[46.32273,31.85702],[46.32413,31.85983],[46.32835,31.86358],[46.33351,31.86967],[46.3396,31.87296],[46.34757,31.87718],[46.36145,31.88852],[46.35027,31.9012],[46.33834,31.92058],[46.33387,31.92655],[46.32417,31.9422],[46.31672,31.95264],[46.31597,31.95711],[46.33163,31.9586],[46.33297,31.95872],[46.35772,31.96084],[46.38307,31.96308],[46.39053,31.96382],[46.38754,31.96755],[46.37636,31.97575],[46.36443,31.98395],[46.36071,31.98917],[46.36071,31.99439],[46.36211,32.0022],[46.35378,32.00279],[46.34366,32.00458],[46.34188,32.00815],[46.33653,32.01409],[46.33193,32.01409]]]},"properties":{"level":3,"name":"Qalat Siker","name_ar":"قلعة السكر","pcode":"IQG17Q02N04","district":"Al-Rifai","governorate":"Thi Qar","city":"Nassriya"}},{"type":"Feature","geometry":{"type":"Polygon","coordinates":[[[47.73795,30.08638],[47.74111,30.09871],[47.74201,30.10906],[47.74471,30.15048],[47.75867,30.15048],[47.79198,30.15048],[47.79063,30.17118],[47.79063,30.19324],[47.78478,30.19549],[47.75642,30.20539],[47.71636,30.2207],[47.66684,30.24231],[47.63848,30.25401],[47.63533,30.25401],[47.61642,30.25221],[47.59617,30.25086],[47.58941,30.25941],[47.58446,30.27157],[47.57636,30.27472],[47.55205,30.28957],[47.52819,30.30218],[47.49308,30.32018],[47.47913,30.32423],[47.46112,30.32693],[47.45572,30.32918],[47.44852,30.33819],[47.42871,30.35844],[47.41701,30.3724],[47.39405,30.39401],[47.36524,30.41966],[47.34363,30.44127],[47.32293,30.46243],[47.31077,30.47323],[47.28961,30.49529],[47.2554,30.5268],[47.22254,30.55831],[47.16627,30.61233],[47.13071,30.64564],[47.12036,30.65734],[47.09416,30.68124],[47.09586,30.67099],[47.09723,30.66246],[47.10133,30.64334],[47.10611,30.62217],[47.10781,30.615],[47.11018,30.60598],[47.10788,30.60675],[47.09808,30.61002],[47.0879,30.61405],[47.06198,30.62288],[47.04008,30.63037],[47.02164,30.6371],[47.01262,30.63863],[47.00686,30.63882],[46.99341,30.63998],[46.98932,30.64033],[46.97997,30.64113],[46.97325,30.64113],[46.96864,30.64151],[46.96499,30.64286],[46.96211,30.64439],[46.95865,30.64516],[46.95346,30.64727],[46.94636,30.65073],[46.93887,30.65323],[46.93253,30.65476],[46.92562,30.65553],[46.91409,30.6563],[46.90872,30.65803],[46.90353,30.65861],[46.89719,30.6611],[46.89239,30.66283],[46.88797,30.66379],[46.88432,30.6636],[46.87357,30.66129],[46.86281,30.6588],[46.85321,30.65669],[46.84726,30.65534],[46.8413,30.65304],[46.8342,30.65054],[46.83113,30.64928],[46.82671,30.64747],[46.81461,30.6417],[46.80808,30.63825],[46.80366,30.63575],[46.79425,30.6321],[46.78215,30.62615],[46.77716,30.62596],[46.76928,30.62557],[46.75795,30.62519],[46.75315,30.625],[46.7472,30.62404],[46.74239,30.62404],[46.73126,30.62327],[46.72511,30.62269],[46.71781,30.6225],[46.71339,30.62231],[46.71186,30.62135],[46.70571,30.61923],[46.70033,30.61731],[46.69323,30.61482],[46.68535,30.61136],[46.67652,30.60617],[46.66634,30.6008],[46.65616,30.59542],[46.64406,30.58927],[46.63657,30.58466],[46.62486,30.58447],[46.60719,30.58428],[46.59624,30.58428],[46.59048,30.58332],[46.5828,30.58178],[46.57127,30.57986],[46.56109,30.57794],[46.5417,30.5741],[46.53555,30.57333],[46.5317,30.57294],[46.53277,30.56598],[46.53331,30.56062],[46.53706,30.54349],[46.54081,30.52207],[46.54509,30.50012],[46.55098,30.47549],[46.55473,30.4514],[46.55847,30.4348],[46.5649,30.41124],[46.56918,30.38822],[46.57347,30.37002],[46.574,30.36413],[46.57668,30.35074],[46.5831,30.32022],[46.59328,30.26454],[46.60024,30.2292],[46.60024,30.22652],[46.60506,30.20404],[46.61095,30.17726],[46.61684,30.14728],[46.62326,30.11623],[46.6329,30.07018],[46.63932,30.0418],[46.64414,30.01557],[46.64468,30.007],[46.64307,29.99362],[46.63504,29.90634],[46.63343,29.88386],[46.63022,29.84316],[46.62594,29.79337],[46.62272,29.74625],[46.62112,29.72912],[46.61523,29.67826],[46.60773,29.62097],[46.60077,29.54547],[46.59649,29.50371],[46.59328,29.47212],[46.58899,29.42286],[46.5831,29.35647],[46.57989,29.31845],[46.57507,29.28205],[46.57507,29.26813],[46.57132,29.23975],[46.56972,29.22529],[46.56918,29.21191],[46.56383,29.15729],[46.56222,29.14123],[46.56115,29.12731],[46.55901,29.11446],[46.5563,29.10415],[46.56907,29.11862],[46.58282,29.13352],[46.59027,29.14039],[46.60115,29.14956],[46.61032,29.15586],[46.62636,29.16904],[46.64011,29.17878],[46.64699,29.18508],[46.65157,29.19139],[46.65673,29.19769],[46.68137,29.22806],[46.68939,29.2378],[46.70085,29.25212],[46.72434,29.28192],[46.74669,29.30942],[46.76961,29.3375],[46.78451,29.35583],[46.79539,29.37016],[46.80284,29.37703],[46.81086,29.38448],[46.82175,29.39422],[46.82805,29.39881],[46.83722,29.40339],[46.8441,29.40912],[46.85269,29.41771],[46.86816,29.43318],[46.87504,29.44923],[46.88535,29.47558],[46.89395,29.49678],[46.90311,29.52486],[46.90598,29.5346],[46.90827,29.54033],[46.92317,29.55981],[46.93864,29.57815],[46.96156,29.60794],[46.97187,29.62169],[46.98161,29.64977],[46.99135,29.67269],[47.00052,29.70306],[47.0074,29.72197],[47.02,29.74259],[47.05209,29.78557],[47.06412,29.80276],[47.06985,29.82052],[47.07501,29.83484],[47.07845,29.84974],[47.0836,29.86464],[47.0899,29.88412],[47.09392,29.89844],[47.0985,29.91162],[47.10308,29.92595],[47.11282,29.94142],[47.12027,29.95345],[47.13402,29.9735],[47.14147,29.98382],[47.14548,29.99299],[47.15179,30.00273],[47.15752,30.00674],[47.17127,30.0182],[47.17757,30.02393],[47.19018,30.0308],[47.20221,30.03309],[47.21883,30.03711],[47.23143,30.04112],[47.24576,30.04513],[47.25721,30.04742],[47.28013,30.05315],[47.29675,30.05601],[47.31165,30.05888],[47.31795,30.06404],[47.3254,30.06862],[47.33399,30.07263],[47.34087,30.07779],[47.34431,30.08352],[47.3529,30.09154],[47.36436,30.09268],[47.3953,30.09211],[47.42223,30.09268],[47.49443,30.0944],[47.59298,30.09498],[47.65257,30.09612],[47.69956,30.09612],[47.71044,30.0944],[47.71445,30.09383],[47.73795,30.08638]]]},"properties":{"level":3,"name":"Safwan","name_ar":"سفوان","pcode":"IQG02Q06N02","district":"Al-Zubair","governorate":"Al-Basrah","city":"Basrah"}},{"type":"Feature","geometry":{"type":"Polygon","coordinates":[[[46.52901,31.28611],[46.51741,31.27763],[46.50804,31.27094],[46.49823,31.26469],[46.48663,31.26826],[46.47994,31.27451],[46.46655,31.28209],[46.45852,31.29547],[46.45049,31.30217],[46.43621,31.30172],[46.42194,31.29815],[46.41078,31.29771],[46.40186,31.30529],[46.38981,31.31377],[46.37554,31.32046],[46.36528,31.3276],[46.35814,31.33206],[46.35769,31.31867],[46.35591,31.30975],[46.35635,31.29904],[46.35727,31.29305],[46.35814,31.28744],[46.35903,31.27495],[46.36394,31.26737],[46.36394,31.26068],[46.35992,31.25086],[46.35457,31.23748],[46.3607,31.23],[46.36325,31.22794],[46.36614,31.22143],[46.3694,31.21926],[46.37012,31.21565],[46.36438,31.20848],[46.35769,31.19911],[46.35189,31.19063],[46.34565,31.18081],[46.33761,31.17234],[46.34,31.16828],[46.34,31.16337],[46.33959,31.156],[46.33754,31.14576],[46.33467,31.1347],[46.33426,31.11995],[46.33426,31.11381],[46.33836,31.10971],[46.34205,31.10562],[46.34246,31.10316],[46.34123,31.09988],[46.33836,31.09538],[46.33385,31.08964],[46.33345,31.08268],[46.33549,31.07941],[46.33836,31.07613],[46.34164,31.07367],[46.34409,31.07203],[46.35024,31.06998],[46.35761,31.06548],[46.36171,31.06016],[46.36457,31.05524],[46.36867,31.04213],[46.36955,31.03435],[46.37424,31.03435],[46.38327,31.02967],[46.39465,31.02599],[46.4072,31.0221],[46.41906,31.02001],[46.42559,31.01976],[46.43211,31.02051],[46.43763,31.02051],[46.44441,31.02101],[46.44692,31.02352],[46.45093,31.02904],[46.45545,31.03557],[46.45921,31.04184],[46.46172,31.04209],[46.47051,31.04259],[46.47402,31.0436],[46.47854,31.04686],[46.48406,31.05138],[46.49033,31.05464],[46.4946,31.05113],[46.49887,31.04786],[46.50388,31.04535],[46.50941,31.04084],[46.51568,31.03908],[46.52321,31.03582],[46.53024,31.03205],[46.53873,31.02841],[46.54408,31.02473],[46.55278,31.0244],[46.56416,31.02273],[46.5762,31.02005],[46.58695,31.01825],[46.5985,31.01675],[46.6138,31.01474],[46.62339,31.01474],[46.6241,31.02933],[46.62225,31.03519],[46.61947,31.03766],[46.61423,31.04074],[46.588,31.05586],[46.58214,31.06049],[46.57812,31.06265],[46.57257,31.06728],[46.56609,31.07808],[46.5627,31.08333],[46.55622,31.08857],[46.54449,31.09228],[46.54048,31.09382],[46.53462,31.09876],[46.53122,31.10153],[46.52783,31.10431],[46.52382,31.1074],[46.52042,31.11141],[46.51734,31.11511],[46.51363,31.11881],[46.50808,31.12282],[46.50561,31.1256],[46.49944,31.1364],[46.49543,31.14319],[46.49512,31.14998],[46.4945,31.15522],[46.50129,31.16016],[46.50561,31.16633],[46.50746,31.16788],[46.50283,31.17466],[46.49728,31.18207],[46.4945,31.1904],[46.4945,31.1941],[46.49234,31.20336],[46.49388,31.20922],[46.50222,31.21663],[46.50592,31.22157],[46.50777,31.22434],[46.51826,31.2373],[46.5232,31.25458],[46.52505,31.26353],[46.5269,31.27063],[46.52783,31.27588],[46.52937,31.27958],[46.52901,31.28611]]]},"properties":{"level":3,"name":"Said Dekhil","name_ar":"سيد خليل","pcode":"IQG17Q04N03","district":"Al-Nasiriya","governorate":"Thi Qar","city":"Nassriya"}},{"type":"Feature","geometry":{"type":"Polygon","coordinates":[[[47.40318,30.93602],[47.40413,30.94009],[47.4077,30.95437],[47.39788,30.95838],[47.38867,30.96102],[47.38539,30.96195],[47.37513,30.96463],[47.36487,30.9682],[47.35461,30.96641],[47.34792,30.9624],[47.33899,30.95928],[47.33899,30.9603],[47.33543,30.95941],[47.32936,30.95865],[47.32657,30.95738],[47.31366,30.95131],[47.30682,30.94852],[47.30252,30.94371],[47.29619,30.93561],[47.28783,30.93358],[47.28403,30.93358],[47.2777,30.93282],[47.26302,30.93333],[47.26302,30.93029],[47.26302,30.92421],[47.26276,30.91535],[47.26074,30.90497],[47.25973,30.90016],[47.25759,30.89469],[47.24228,30.89514],[47.21122,30.89739],[47.20447,30.89109],[47.19232,30.88028],[47.18916,30.87218],[47.18826,30.86408],[47.18421,30.85102],[47.18241,30.84112],[47.18241,30.82672],[47.18241,30.80691],[47.18601,30.78665],[47.19142,30.77315],[47.19457,30.76775],[47.19457,30.76009],[47.19592,30.74434],[47.19592,30.73038],[47.19052,30.72993],[47.17521,30.72993],[47.15315,30.72903],[47.15135,30.72408],[47.1464,30.70788],[47.1419,30.69032],[47.14157,30.68902],[47.14341,30.68729],[47.14944,30.69298],[47.15579,30.699],[47.16416,30.7067],[47.17052,30.71373],[47.19682,30.71364],[47.24671,30.71036],[47.25467,30.70854],[47.26092,30.70854],[47.27742,30.7072],[47.29349,30.70586],[47.29839,30.7072],[47.29884,30.71613],[47.29884,30.73219],[47.29884,30.75182],[47.29918,30.76776],[47.29929,30.77279],[47.29795,30.79242],[47.29884,30.80982],[47.29839,30.829],[47.29929,30.84506],[47.29839,30.86157],[47.30196,30.86826],[47.31356,30.87585],[47.32338,30.88477],[47.33855,30.90262],[47.34613,30.90663],[47.35862,30.90931],[47.3729,30.91154],[47.38405,30.91332],[47.39655,30.91957],[47.40101,30.92671],[47.40318,30.93602]]]},"properties":{"level":3,"name":"Talha","name_ar":"طلحة","pcode":"IQG02Q04N03","district":"Al-Midaina","governorate":"Al-Basrah","city":"Basrah"}},{"type":"Feature","geometry":{"type":"Polygon","coordinates":[[[47.893,30.174],[47.87872,30.17082],[47.87238,30.18272],[47.86365,30.19858],[47.85889,30.20176],[47.84937,30.20334],[47.847,30.21048],[47.83627,30.24151],[47.81936,30.2768],[47.81184,30.29484],[47.80883,30.30061],[47.80582,30.30738],[47.80707,30.3114],[47.78677,30.30011],[47.7873,30.27233],[47.7889,30.23548],[47.79063,30.19324],[47.79063,30.17118],[47.79198,30.15048],[47.75867,30.15048],[47.74471,30.15048],[47.74201,30.10906],[47.74111,30.09871],[47.73795,30.08638],[47.78436,30.07091],[47.82561,30.05773],[47.92187,30.02278],[47.95625,30.01132],[47.95768,30.0108],[47.97344,30.00502],[47.96923,30.01457],[47.96549,30.02795],[47.96174,30.03866],[47.9612,30.04883],[47.95692,30.07131],[47.9521,30.08469],[47.93712,30.10075],[47.9232,30.10825],[47.91356,30.11842],[47.90446,30.13448],[47.89858,30.15642],[47.89643,30.16766],[47.893,30.174]]]},"properties":{"level":3,"name":"Um Qasr","name_ar":"ام قصر","pcode":"IQG02Q06N03","district":"Al-Zubair","governorate":"Al-Basrah","city":"Basrah"}}]}